Store,Date,Weekly_Sales,Holiday_Flag,Split,Predicted_Sales,Residual,Absolute_Error
1,2010-02-05,1643690.9,0,train,1524137.4903654465,119553.40963455336,119553.40963455336
2,2010-02-05,2136989.46,0,train,1930308.103471276,206681.35652872408,206681.35652872408
3,2010-02-05,461622.22,0,train,414950.0998592947,46672.12014070526,46672.12014070526
4,2010-02-05,2135143.87,0,train,2020465.460717767,114678.4092822331,114678.4092822331
5,2010-02-05,317173.1,0,train,319278.55432931904,-2105.4543293190654,2105.4543293190654
6,2010-02-05,1652635.1,0,train,1563824.5291821053,88810.57081789477,88810.57081789477
7,2010-02-05,496725.44,0,train,561783.6646110031,-65058.22461100313,65058.22461100313
8,2010-02-05,1004137.09,0,train,910886.6946587984,93250.39534120157,93250.39534120157
9,2010-02-05,549505.55,0,train,536976.373840925,12529.176159074996,12529.176159074996
10,2010-02-05,2193048.75,0,train,1933656.60838033,259392.14161966997,259392.14161966997
11,2010-02-05,1528008.64,0,train,1361455.6951419224,166552.94485807745,166552.94485807745
12,2010-02-05,1100046.37,0,train,1036127.7971135027,63918.572886497364,63918.572886497364
13,2010-02-05,1967220.53,0,train,1979469.5036326428,-12248.973632642766,12248.973632642766
14,2010-02-05,2623469.95,0,train,2104331.1241774345,519138.8258225657,519138.8258225657
15,2010-02-05,652122.44,0,train,632937.2251772434,19185.214822756592,19185.214822756592
16,2010-02-05,477409.3,0,train,530315.5077102799,-52906.20771027991,52906.20771027991
17,2010-02-05,789036.02,0,train,901897.8427505309,-112861.8227505309,112861.8227505309
18,2010-02-05,1205307.5,0,train,1094142.4515895343,111165.04841046571,111165.04841046571
19,2010-02-05,1507637.17,0,train,1459064.5677944405,48572.60220555938,48572.60220555938
20,2010-02-05,2401395.47,0,train,2076477.9996036093,324917.4703963909,324917.4703963909
21,2010-02-05,798593.88,0,train,773894.0211262091,24699.858873790945,24699.858873790945
22,2010-02-05,1033017.37,0,train,1037026.3047655334,-4008.9347655334277,4008.9347655334277
23,2010-02-05,1364721.58,0,train,1350664.3041824366,14057.275817563524,14057.275817563524
24,2010-02-05,1388725.63,0,train,1361256.2391626271,27469.390837372746,27469.390837372746
25,2010-02-05,677231.63,0,train,695185.7740442186,-17954.144044218585,17954.144044218585
26,2010-02-05,1034119.21,0,train,985192.9390317023,48926.27096829761,48926.27096829761
27,2010-02-05,1874289.79,0,train,1815916.456086693,58373.33391330694,58373.33391330694
28,2010-02-05,1672352.29,0,train,1372276.1152311498,300076.1747688502,300076.1747688502
29,2010-02-05,538634.46,0,train,554406.9569414014,-15772.49694140139,15772.49694140139
30,2010-02-05,465108.52,0,train,447166.8346556212,17941.685344378813,17941.685344378813
31,2010-02-05,1469252.05,0,train,1385713.0366556216,83539.01334437844,83539.01334437844
32,2010-02-05,1087616.19,0,train,1184263.7376509923,-96647.5476509924,96647.5476509924
33,2010-02-05,274593.43,0,train,286025.2704747751,-11431.84047477512,11431.84047477512
34,2010-02-05,956228.96,0,train,1001428.1642424754,-45199.20424247545,45199.20424247545
35,2010-02-05,1230613.5,0,train,966353.6960923383,264259.8039076617,264259.8039076617
36,2010-02-05,467546.74,0,train,437097.70850480243,30449.03149519756,30449.03149519756
37,2010-02-05,536006.73,0,train,536128.1625385742,-121.43253857421223,121.43253857421223
38,2010-02-05,358496.14,0,train,401729.1099370321,-43232.96993703209,43232.96993703209
39,2010-02-05,1230596.8,0,train,1391998.171939409,-161401.37193940906,161401.37193940906
40,2010-02-05,1001943.8,0,train,935139.1604395964,66804.63956040365,66804.63956040365
41,2010-02-05,1086533.18,0,train,1253273.7958616135,-166740.61586161354,166740.61586161354
42,2010-02-05,543384.01,0,train,572739.8013215074,-29355.791321507422,29355.791321507422
43,2010-02-05,647029.28,0,train,690378.0376135597,-43348.75761355972,43348.75761355972
44,2010-02-05,281090.95,0,train,309822.37631497765,-28731.426314977638,28731.426314977638
45,2010-02-05,890689.51,0,train,785525.0900597881,105164.41994021193,105164.41994021193
1,2010-02-12,1641957.44,1,train,1518956.8794545187,123000.56054548128,123000.56054548128
2,2010-02-12,2137809.5,1,train,1931008.163454714,206801.336545286,206801.336545286
3,2010-02-12,420728.96,1,train,426653.8282056351,-5924.868205635052,5924.868205635052
4,2010-02-12,2188307.39,1,train,1983642.5448298925,204664.84517010767,204664.84517010767
5,2010-02-12,311825.7,1,train,325054.52648181387,-13228.826481813856,13228.826481813856
6,2010-02-12,1606283.86,1,train,1569690.4705636073,36593.38943639281,36593.38943639281
7,2010-02-12,524104.92,1,train,610566.6701176261,-86461.7501176261,86461.7501176261
8,2010-02-12,994801.4,1,train,914130.7154797341,80670.6845202659,80670.6845202659
9,2010-02-12,552677.48,1,train,539857.3495441442,12820.130455855746,12820.130455855746
10,2010-02-12,2176028.52,1,train,1922430.7903597679,253597.72964023217,253597.72964023217
11,2010-02-12,1574684.08,1,train,1372459.0929880093,202224.98701199074,202224.98701199074
12,2010-02-12,1117863.33,1,train,1036942.8895837989,80920.44041620113,80920.44041620113
13,2010-02-12,2030933.46,1,train,1990089.797877133,40843.66212286707,40843.66212286707
14,2010-02-12,1704218.84,1,train,2111268.204697864,-407049.36469786405,407049.36469786405
15,2010-02-12,682447.1,1,train,644407.8461131155,38039.25388688443,38039.25388688443
16,2010-02-12,472044.28,1,train,539067.6218224308,-67023.34182243072,67023.34182243072
17,2010-02-12,841951.91,1,train,894645.7026285599,-52693.792628559866,52693.792628559866
18,2010-02-12,1187880.7,1,train,1113656.7864467932,74223.91355320672,74223.91355320672
19,2010-02-12,1536549.95,1,train,1470787.3077104038,65762.64228959614,65762.64228959614
20,2010-02-12,2109107.9,1,train,2071729.8763938448,37378.02360615507,37378.02360615507
21,2010-02-12,809321.44,1,train,775770.6363500726,33550.80364992737,33550.80364992737
22,2010-02-12,1022571.25,1,train,1052899.6027354435,-30328.352735443506,30328.352735443506
23,2010-02-12,1380892.08,1,train,1365752.5502780953,15139.529721904779,15139.529721904779
24,2010-02-12,1414107.1,1,train,1376480.6315798564,37626.468420143705,37626.468420143705
25,2010-02-12,583364.02,1,train,696992.7443168239,-113628.72431682388,113628.72431682388
26,2010-02-12,1015684.09,1,train,1014539.914112516,1144.175887483987,1144.175887483987
27,2010-02-12,1745362.72,1,train,1828648.353636989,-83285.63363698893,83285.63363698893
28,2010-02-12,1558968.49,1,train,1373091.207701446,185877.28229855397,185877.28229855397
29,2010-02-12,529672.95,1,train,570279.5731973436,-40606.623197343666,40606.623197343666
30,2010-02-12,497374.57,1,train,449043.4498794846,48331.12012051541,48331.12012051541
31,2010-02-12,1543947.23,1,train,1387589.651879485,156357.57812051498,156357.57812051498
32,2010-02-12,1123566.12,1,train,1172230.0425156285,-48663.922515628394,48663.922515628394
33,2010-02-12,294882.83,1,train,278861.36935568135,16021.460644318664,16021.460644318664
34,2010-02-12,994610.99,1,train,1008333.8847904095,-13722.894790409482,13722.894790409482
35,2010-02-12,1168815.31,1,train,979193.7267441945,189621.58325580554,189621.58325580554
36,2010-02-12,469563.7,1,train,443594.36790974403,25969.33209025598,25969.33209025598
37,2010-02-12,529852.7,1,train,541976.0233341533,-12123.323334153392,12123.323334153392
38,2010-02-12,342214.9,1,train,402544.2024073283,-60329.30240732827,60329.30240732827
39,2010-02-12,1266229.07,1,train,1398238.2178151298,-132009.14781512972,132009.14781512972
40,2010-02-12,955338.29,1,train,958239.1874581516,-2900.897458151565,2900.897458151565
41,2010-02-12,1075656.34,1,train,1238746.9241453481,-163090.58414534805,163090.58414534805
42,2010-02-12,575709.96,1,train,561513.9833009451,14195.976699054823,14195.976699054823
43,2010-02-12,682918.99,1,train,697702.6524994273,-14783.66249942733,14783.66249942733
44,2010-02-12,286857.13,1,train,320442.67055946786,-33585.54055946786,33585.54055946786
45,2010-02-12,656988.64,1,train,792462.1705802176,-135473.5305802176,135473.5305802176
1,2010-02-19,1611968.17,0,train,1518781.5331120582,93186.63688794174,93186.63688794174
2,2010-02-19,2124451.54,0,train,1930217.49041746,194234.04958254006,194234.04958254006
3,2010-02-19,421642.19,0,train,420082.13005928765,1560.0599407123518,1560.0599407123518
4,2010-02-19,2049860.26,0,train,2000759.1664927993,49101.09350720071,49101.09350720071
5,2010-02-19,303447.57,0,train,324625.4968469769,-21177.926846976916,21177.926846976916
6,2010-02-19,1567138.07,0,train,1573964.94497937,-6826.874979370041,6826.874979370041
7,2010-02-19,506760.54,0,train,610825.4431800316,-104064.90318003163,104064.90318003163
8,2010-02-19,963960.37,0,train,926103.6382063687,37856.731793631334,37856.731793631334
9,2010-02-19,511327.9,0,train,552446.0469774504,-41118.14697745035,41118.14697745035
10,2010-02-19,2113432.58,0,train,1945693.5953857498,167738.98461425025,167738.98461425025
11,2010-02-19,1503298.7,0,train,1369108.9151428267,134189.78485717322,134189.78485717322
12,2010-02-19,1095421.65,0,train,1052310.7406804212,43110.90931957867,43110.90931957867
13,2010-02-19,1970274.64,0,train,1993580.4268698944,-23305.78686989448,23305.78686989448
14,2010-02-19,2204556.7,0,train,2117275.2330522733,87281.4669477269,87281.4669477269
15,2010-02-19,660838.75,0,train,655899.0552383892,4939.694761610823,4939.694761610823
16,2010-02-19,469868.7,0,train,536188.9142437018,-66320.21424370183,66320.21424370183
17,2010-02-19,800714.0,0,train,909789.8311455342,-109075.83114553418,109075.83114553418
18,2010-02-19,1150663.42,0,train,1122486.9312613213,28176.48873867863,28176.48873867863
19,2010-02-19,1515976.11,0,train,1481746.265655485,34229.84434451512,34229.84434451512
20,2010-02-19,2161549.76,0,train,2077062.212455028,84487.5475449718,84487.5475449718
21,2010-02-19,867283.25,0,train,777164.9944736086,90118.25552639144,90118.25552639144
22,2010-02-19,988467.61,0,train,1059845.1528257271,-71377.54282572714,71377.54282572714
23,2010-02-19,1319588.04,0,train,1384247.2559961174,-64659.21599611733,64659.21599611733
24,2010-02-19,1385362.49,0,train,1386767.2722446946,-1404.782244694652,1404.782244694652
25,2010-02-19,676260.67,0,train,705714.6799992326,-29454.0099992326,29454.0099992326
26,2010-02-19,999348.55,0,train,1023314.0324870237,-23965.48248702369,23965.48248702369
27,2010-02-19,1945070.33,0,train,1832008.0199757596,113062.31002424052,113062.31002424052
28,2010-02-19,1491300.42,0,train,1388459.0587980684,102841.36120193149,102841.36120193149
29,2010-02-19,542399.07,0,train,577204.8190511828,-34805.74905118288,34805.74905118288
30,2010-02-19,463513.26,0,train,450437.8080030206,13075.45199697942,13075.45199697942
31,2010-02-19,1473386.75,0,train,1388984.010003021,84402.73999697901,84402.73999697901
32,2010-02-19,1082559.06,0,train,1171620.4057577201,-89061.34575772006,89061.34575772006
33,2010-02-19,296850.83,0,train,297726.0988400732,-875.2688400732004,875.2688400732004
34,2010-02-19,983963.07,0,train,1010379.394087868,-26416.324087868095,26416.324087868095
35,2010-02-19,1270658.64,0,train,982661.5261845256,287997.1138154743,287997.1138154743
36,2010-02-19,470281.03,0,train,436996.5971968713,33284.43280312873,33284.43280312873
37,2010-02-19,510382.5,0,train,536567.716738445,-26185.216738444986,26185.216738444986
38,2010-02-19,327237.92,0,train,417912.0535039508,-90674.13350395084,90674.13350395084
39,2010-02-19,1230591.97,0,train,1392353.6864792495,-161761.71647924953,161761.71647924953
40,2010-02-19,916289.2,0,train,974072.6372752115,-57783.43727521156,57783.43727521156
41,2010-02-19,1052034.74,0,train,1238193.31382746,-186158.57382745994,186158.57382745994
42,2010-02-19,508794.87,0,train,584776.788326927,-75981.918326927,75981.918326927
43,2010-02-19,658997.55,0,train,695734.0110699635,-36736.46106996341,36736.46106996341
44,2010-02-19,267956.3,0,train,323933.29955222923,-55976.999552229245,55976.999552229245
45,2010-02-19,841264.04,0,train,798469.1989346272,42794.841065372806,42794.841065372806
1,2010-02-26,1409727.59,0,train,1535855.0943825054,-126127.50438250531,126127.50438250531
2,2010-02-26,1865097.27,0,train,1946480.144111448,-81382.87411144795,81382.87411144795
3,2010-02-26,407204.86,0,train,432323.1263565917,-25118.266356591717,25118.266356591717
4,2010-02-26,1925728.84,0,train,2012904.1187510067,-87175.27875100658,87175.27875100658
5,2010-02-26,270281.63,0,train,338503.15683294705,-68221.52683294704,68221.52683294704
6,2010-02-26,1432953.21,0,train,1582123.7506722708,-149170.5406722708,149170.5406722708
7,2010-02-26,496083.24,0,train,602279.5110109651,-106196.27101096511,106196.27101096511
8,2010-02-26,847592.11,0,train,921060.2778675518,-73468.16786755179,73468.16786755179
9,2010-02-26,473773.27,0,train,552892.4876486599,-79119.21764865983,79119.21764865983
10,2010-02-26,2006774.96,0,train,1923770.6403073124,83004.3196926876,83004.3196926876
11,2010-02-26,1336404.65,0,train,1379977.2636596346,-43572.61365963472,43572.61365963472
12,2010-02-26,1048617.17,0,train,1032768.9093028445,15848.260697155376,15848.260697155376
13,2010-02-26,1817850.32,0,train,1974613.6846714243,-156763.36467142426,156763.36467142426
14,2010-02-26,2095591.63,0,train,2124411.637547303,-28820.007547303103,28820.007547303103
15,2010-02-26,564883.2,0,train,659164.7875942115,-94281.58759421157,94281.58759421157
16,2010-02-26,443242.17,0,train,525850.1359939872,-82607.96599398722,82607.96599398722
17,2010-02-26,749549.55,0,train,880458.197543317,-130908.64754331694,130908.64754331694
18,2010-02-26,1068157.45,0,train,1132039.767415285,-63882.31741528516,63882.31741528516
19,2010-02-26,1373270.06,0,train,1483415.24447073,-110145.1844707299,110145.1844707299
20,2010-02-26,1898193.95,0,train,2093300.7580178166,-195106.80801781663,195106.80801781663
21,2010-02-26,749597.24,0,train,791046.5244667355,-41449.28446673555,41449.28446673555
22,2010-02-26,899761.48,0,train,1068048.91527594,-168287.43527594,168287.43527594
23,2010-02-26,1198709.65,0,train,1397918.03549157,-199208.38549157,199208.38549157
24,2010-02-26,1158722.74,0,train,1391713.7978011242,-232991.05780112417,232991.05780112417
25,2010-02-26,628516.57,0,train,716658.7269801069,-88142.15698010696,88142.15698010696
26,2010-02-26,855385.01,0,train,1033399.1198211801,-178014.1098211801,178014.1098211801
27,2010-02-26,1390934.27,0,train,1838742.9524695724,-447808.6824695724,447808.6824695724
28,2010-02-26,1542173.33,0,train,1368917.2274204916,173256.10257950844,173256.10257950844
29,2010-02-26,488417.61,0,train,585385.0074246507,-96967.39742465073,96967.39742465073
30,2010-02-26,472330.71,0,train,464319.3379961477,8011.3720038523315,8011.3720038523315
31,2010-02-26,1344354.41,0,train,1402865.539996148,-58511.12999614817,58511.12999614817
32,2010-02-26,1053247.1,0,train,1162654.2752885015,-109407.17528850143,109407.17528850143
33,2010-02-26,284052.77,0,train,275214.8661414229,8837.903858577134,8837.903858577134
34,2010-02-26,905756.13,0,train,1005744.4275600088,-99988.29756000882,99988.29756000882
35,2010-02-26,1020651.74,0,train,989684.8136158331,30966.92638416693,30966.92638416693
36,2010-02-26,447519.44,0,train,449940.11975266447,-2420.679752664466,2420.679752664466
37,2010-02-26,513615.82,0,train,549475.1949270513,-35859.37492705131,35859.37492705131
38,2010-02-26,334222.73,0,train,398370.222126374,-64147.49212637404,64147.49212637404
39,2010-02-26,1168582.02,0,train,1406997.9843084838,-238415.96430848376,238415.96430848376
40,2010-02-26,863917.41,0,train,986342.7557701578,-122425.34577015776,122425.34577015776
41,2010-02-26,991941.73,0,train,1229871.4874184744,-237929.75741847442,237929.75741847442
42,2010-02-26,491510.58,0,train,562853.8332484895,-71343.25324848952,71343.25324848952
43,2010-02-26,618702.79,0,train,694045.6404712946,-75342.8504712946,75342.8504712946
44,2010-02-26,273079.07,0,train,304966.55735375907,-31887.48735375906,31887.48735375906
45,2010-02-26,741891.65,0,train,805605.6034296565,-63713.95342965645,63713.95342965645
1,2010-03-05,1554806.68,0,train,1474329.5474765922,80477.1325234077,80477.1325234077
2,2010-03-05,1991013.13,0,train,1888317.6599078227,102695.47009217716,102695.47009217716
3,2010-03-05,415202.04,0,train,373920.76896041154,41281.271039588435,41281.271039588435
4,2010-03-05,1971057.44,0,train,1957687.1838353947,13370.256164605264,13370.256164605264
5,2010-03-05,288855.71,0,train,283474.28276606067,5381.42723393935,5381.42723393935
6,2010-03-05,1601348.82,0,train,1528043.168177487,73305.65182251297,73305.65182251297
7,2010-03-05,491419.55,0,train,570896.266506634,-79476.71650663397,79476.71650663397
8,2010-03-05,881503.95,0,train,881538.6308683251,-34.68086832517292,34.68086832517292
9,2010-03-05,507297.88,0,train,504601.9126743049,2695.967325695092,2695.967325695092
10,2010-03-05,1987090.09,0,train,1870978.5214264917,116111.56857350841,116111.56857350841
11,2010-03-05,1426622.65,0,train,1322079.1442236367,104543.50577636319,104543.50577636319
12,2010-03-05,1077018.27,0,train,985034.1863929675,91984.08360703255,91984.08360703255
13,2010-03-05,1939980.43,0,train,1941517.8212851207,-1537.3912851207424,1537.3912851207424
14,2010-03-05,2237544.75,0,train,2068108.0056699305,169436.74433006952,169436.74433006952
15,2010-03-05,605325.43,0,train,601491.4997154938,3833.930284506292,3833.930284506292
16,2010-03-05,444181.85,0,train,491245.37118849147,-47063.52118849149,47063.52118849149
17,2010-03-05,783300.05,0,train,862125.3011023507,-78825.25110235065,78825.25110235065
18,2010-03-05,1179738.5,0,train,1074034.4322651427,105704.06773485732,105704.06773485732
19,2010-03-05,1495844.57,0,train,1427618.842332691,68225.72766730911,68225.72766730911
20,2010-03-05,2119213.72,0,train,2029067.2294420456,90146.49055795465,90146.49055795465
21,2010-03-05,747444.32,0,train,739130.9883253686,8313.331674631336,8313.331674631336
22,2010-03-05,1009201.24,0,train,1007517.9516788594,1683.2883211405715,1683.2883211405715
23,2010-03-05,1311175.93,0,train,1336327.0081801312,-25151.07818013127,25151.07818013127
24,2010-03-05,1412387.37,0,train,1336365.607183247,76021.762816753,76021.762816753
25,2010-03-05,665750.06,0,train,654834.3353252071,10915.72467479296,10915.72467479296
26,2010-03-05,1005669.58,0,train,974077.1633305615,31592.416669438477,31592.416669438477
27,2010-03-05,1313729.72,0,train,1781513.4374649902,-467783.7174649902,467783.7174649902
28,2010-03-05,1608435.45,0,train,1321182.5045106146,287252.9454893854,287252.9454893854
29,2010-03-05,535087.91,0,train,524830.4692535864,10257.44074641366,10257.44074641366
30,2010-03-05,472591.07,0,train,412403.80185478064,60187.268145219365,60187.268145219365
31,2010-03-05,1384870.51,0,train,1350950.0038547812,33920.50614521885,33920.50614521885
32,2010-03-05,1066566.74,0,train,1131635.2026443023,-65068.462644302286,65068.462644302286
33,2010-03-05,291484.89,0,train,221078.11270011612,70406.77729988389,70406.77729988389
34,2010-03-05,918295.79,0,train,959603.7759276781,-41307.98592767806,41307.98592767806
35,2010-03-05,1162610.27,0,train,932959.9197518663,229650.35024813376,229650.35024813376
36,2010-03-05,480203.43,0,train,389714.7958551486,90488.63414485141,90488.63414485141
37,2010-03-05,519255.68,0,train,489610.3147014036,29645.365298596385,29645.365298596385
38,2010-03-05,372239.89,0,train,350635.4992164968,21604.390783503186,21604.390783503186
39,2010-03-05,1266254.21,0,train,1349038.0030435245,-82783.79304352449,82783.79304352449
40,2010-03-05,990152.28,0,train,927525.0372397215,62627.24276027852,62627.24276027852
41,2010-03-05,1063557.49,0,train,1197647.8463138395,-134090.35631383955,134090.35631383955
42,2010-03-05,554972.42,0,train,510061.71436766896,44910.70563233108,44910.70563233108
43,2010-03-05,658600.05,0,train,644432.6381045936,14167.411895406432,14167.411895406432
44,2010-03-05,284617.27,0,train,271870.69396745565,12746.57603254437,12746.57603254437
45,2010-03-05,777951.22,0,train,749301.9715522843,28649.248447715654,28649.248447715654
1,2010-03-12,1439541.59,0,train,1497933.4009272072,-58391.810927207116,58391.810927207116
2,2010-03-12,1990483.78,0,train,1909401.7993613607,81081.9806386393,81081.9806386393
3,2010-03-12,384200.69,0,train,394008.679275598,-9807.989275598025,9807.989275598025
4,2010-03-12,1894324.09,0,train,1967130.208186301,-72806.11818630085,72806.11818630085
5,2010-03-12,297293.59,0,train,302369.52154889016,-5075.931548890134,5075.931548890134
6,2010-03-12,1558621.36,0,train,1545757.6938116492,12863.666188350879,12863.666188350879
7,2010-03-12,480452.1,0,train,539731.7738611704,-59279.67386117042,59279.67386117042
8,2010-03-12,860336.16,0,train,885042.5145504051,-24706.354550405056,24706.354550405056
9,2010-03-12,494145.8,0,train,517097.250364916,-22951.450364916003,22951.450364916003
10,2010-03-12,1941346.13,0,train,1857021.429996532,84324.70000346797,84324.70000346797
11,2010-03-12,1331883.16,0,train,1342447.1867389244,-10564.02673892444,10564.02673892444
12,2010-03-12,985594.23,0,train,962987.2860090266,22606.943990973406,22606.943990973406
13,2010-03-12,1840686.94,0,train,1925344.8116211137,-84657.87162111374,84657.87162111374
14,2010-03-12,2156035.06,0,train,2084396.9520515054,71638.10794849461,71638.10794849461
15,2010-03-12,604173.59,0,train,619624.087659494,-15450.497659494053,15450.497659494053
16,2010-03-12,445393.74,0,train,486217.2128124767,-40823.472812476684,40823.472812476684
17,2010-03-12,763961.82,0,train,849201.8249595185,-85240.00495951856,85240.00495951856
18,2010-03-12,1138800.32,0,train,1080618.1171884432,58182.20281155687,58182.20281155687
19,2010-03-12,1467889.2,0,train,1436058.856153187,31830.343846812844,31830.343846812844
20,2010-03-12,2010974.84,0,train,2054822.4882542726,-43847.64825427253,43847.64825427253
21,2010-03-12,712312.89,0,train,754892.6159769823,-42579.72597698227,42579.72597698227
22,2010-03-12,967187.37,0,train,1018019.0487575516,-50831.67875755159,50831.67875755159
23,2010-03-12,1408082.96,0,train,1336467.6525011025,71615.30749889743,71615.30749889743
24,2010-03-12,1309340.16,0,train,1343236.8806831762,-33896.7206831763,33896.7206831763
25,2010-03-12,660619.99,0,train,676471.6507959452,-15851.660795945209,15851.660795945209
26,2010-03-12,963382.09,0,train,973041.2524111075,-9659.162411107565,9659.162411107565
27,2010-03-12,1925113.12,0,train,1794935.3658012631,130177.75419873698,130177.75419873698
28,2010-03-12,1326877.11,0,train,1299135.6041266737,27741.505873326445,27741.505873326445
29,2010-03-12,519042.49,0,train,535307.9917582949,-16265.501758294879,16265.501758294879
30,2010-03-12,468189.93,0,train,428165.4295063943,40024.50049360568,40024.50049360568
31,2010-03-12,1366193.35,0,train,1366711.6315063946,-518.2815063945018,518.2815063945018
32,2010-03-12,1093319.37,0,train,1130640.9479497457,-37321.57794974558,37321.57794974558
33,2010-03-12,312161.0,0,train,207205.06093018688,104955.93906981312,104955.93906981312
34,2010-03-12,921247.88,0,train,950754.1676119711,-29506.287611971144,29506.287611971144
35,2010-03-12,1150344.39,0,train,947174.8241662486,203169.56583375135,203169.56583375135
36,2010-03-12,441434.2,0,train,411585.79658632353,29848.403413676482,29848.403413676482
37,2010-03-12,513015.35,0,train,511373.18233101803,1642.1676689819433,1642.1676689819433
38,2010-03-12,342023.92,0,train,328588.59883255593,13435.321167444054,13435.321167444054
39,2010-03-12,1244391.83,0,train,1371697.2937134632,-127305.46371346316,127305.46371346316
40,2010-03-12,899352.4,0,train,920382.2443580597,-21029.844358059694,21029.844358059694
41,2010-03-12,1023997.71,0,train,1193151.9391180172,-169154.22911801725,169154.22911801725
42,2010-03-12,588363.62,0,train,496104.6229377092,92258.99706229079,92258.99706229079
43,2010-03-12,645386.94,0,train,638601.5233594726,6785.416640527314,6785.416640527314
44,2010-03-12,272190.83,0,train,255697.68430344865,16493.145696551364,16493.145696551364
45,2010-03-12,765687.42,0,train,765590.9179338589,96.50206614111084,96.50206614111084
1,2010-03-19,1472515.79,0,train,1477457.2125671199,-4941.422567119822,4941.422567119822
2,2010-03-19,1946070.88,0,train,1889405.7564669284,56665.123533071484,56665.123533071484
3,2010-03-19,375328.59,0,train,375035.2548519394,293.33514806063613,293.33514806063613
4,2010-03-19,1897429.36,0,train,1971549.2077646726,-74119.84776467248,74119.84776467248
5,2010-03-19,281706.41,0,train,282363.1982487056,-656.7882487056195,656.7882487056195
6,2010-03-19,1693058.91,0,train,1527897.343293697,165161.5667063028,165161.5667063028
7,2010-03-19,574450.23,0,train,532446.0356111123,42004.19438888773,42004.19438888773
8,2010-03-19,839911.0,0,train,866516.7705962023,-26605.770596202346,26605.770596202346
9,2010-03-19,485744.61,0,train,498261.2621469415,-12516.652146941517,12516.652146941517
10,2010-03-19,1946875.06,0,train,1870756.30614197,76118.75385803008,76118.75385803008
11,2010-03-19,1364207.0,0,train,1323669.8548553365,40537.14514466352,40537.14514466352
12,2010-03-19,972088.34,0,train,981575.4344381606,-9487.094438160653,9487.094438160653
13,2010-03-19,1879794.89,0,train,1928191.3426906548,-48396.4526906549,48396.4526906549
14,2010-03-19,2066219.3,0,train,2080714.2963460851,-14494.9963460851,14494.9963460851
15,2010-03-19,593710.67,0,train,617287.9518100407,-23577.281810040702,23577.281810040702
16,2010-03-19,504307.35,0,train,487391.46700547705,16915.882994522923,16915.882994522923
17,2010-03-19,752034.52,0,train,850311.5363884318,-98277.01638843177,98277.01638843177
18,2010-03-19,1087507.47,0,train,1077777.9349690243,9729.535030975705,9729.535030975705
19,2010-03-19,1332940.35,0,train,1437588.5446651315,-104648.19466513139,104648.19466513139
20,2010-03-19,1951848.43,0,train,2052260.3402326196,-100411.91023261962,100411.91023261962
21,2010-03-19,727070.0,0,train,736633.3927231778,-9563.392723177793,9563.392723177793
22,2010-03-19,966145.09,0,train,1013978.9378100343,-47833.84781003429,47833.84781003429
23,2010-03-19,1229008.32,0,train,1344580.6393056433,-115572.3193056432,115572.3193056432
24,2010-03-19,1222511.29,0,train,1342245.379394209,-119734.08939420898,119734.08939420898
25,2010-03-19,659795.84,0,train,677971.4196757604,-18175.57967576047,18175.57967576047
26,2010-03-19,903366.55,0,train,973590.6698129139,-70224.11981291382,70224.11981291382
27,2010-03-19,1700627.97,0,train,1791931.552403904,-91303.58240390406,91303.58240390406
28,2010-03-19,1279819.43,0,train,1317723.7525558078,-37904.322555807885,37904.322555807885
29,2010-03-19,496851.6,0,train,531263.2410784402,-34411.64107844024,34411.64107844024
30,2010-03-19,445736.36,0,train,409906.2062525898,35830.153747410164,35830.153747410164
31,2010-03-19,1332261.01,0,train,1348452.4082525903,-16191.398252590327,16191.398252590327
32,2010-03-19,1059781.78,0,train,1125484.2144204574,-65702.43442045734,65702.43442045734
33,2010-03-19,282235.73,0,train,220547.75199548318,61687.9780045168,61687.9780045168
34,2010-03-19,892070.82,0,train,949682.576068358,-57611.75606835808,57611.75606835808
35,2010-03-19,1117536.09,0,train,944315.1882376366,173220.9017623635,173220.9017623635
36,2010-03-19,428851.99,0,train,394443.6961187022,34408.29388129781,34408.29388129781
37,2010-03-19,460020.74,0,train,493185.7952149793,-33165.05521497934,33165.05521497934
38,2010-03-19,333025.47,0,train,347176.7472616901,-14151.27726169012,14151.27726169012
39,2010-03-19,1301590.13,0,train,1351100.7696765536,-49510.63967655366,49510.63967655366
40,2010-03-19,894865.3,0,train,924293.2481610813,-29427.948161081295,29427.948161081295
41,2010-03-19,1006597.69,0,train,1190096.1970894884,-183498.50708948844,183498.50708948844
42,2010-03-19,519914.1,0,train,509839.4990831474,10074.600916852592,10074.600916852592
43,2010-03-19,668098.49,0,train,633726.7464953657,34371.74350463424,34371.74350463424
44,2010-03-19,269624.2,0,train,258544.21537298977,11079.984627010243,11079.984627010243
45,2010-03-19,773819.49,0,train,761908.2622284389,11911.227771561127,11911.227771561127
1,2010-03-26,1404429.92,0,train,1452862.1601574712,-48432.24015747127,48432.24015747127
2,2010-03-26,1750197.81,0,train,1864450.8606581911,-114253.05065819109,114253.05065819109
3,2010-03-26,359949.27,0,train,349753.99012776,10195.279872240033,10195.279872240033
4,2010-03-26,1762539.3,0,train,1913784.6065502223,-151245.30655022222,151245.30655022222
5,2010-03-26,273282.97,0,train,258153.3104089778,15129.65959102218,15129.65959102218
6,2010-03-26,1472033.38,0,train,1504179.501126411,-32146.121126411017,32146.121126411017
7,2010-03-26,514731.6,0,train,502001.46067289275,12730.13932710723,12730.13932710723
8,2010-03-26,772539.12,0,train,848546.3700504883,-76007.25005048828,76007.25005048828
9,2010-03-26,484946.56,0,train,478607.75126926275,6338.808730737248,6338.808730737248
10,2010-03-26,1893532.46,0,train,1848854.3586050614,44678.10139493854,44678.10139493854
11,2010-03-26,1245624.27,0,train,1298220.5108110965,-52596.240811096504,52596.240811096504
12,2010-03-26,981615.81,0,train,968708.5685234172,12907.241476582829,12907.241476582829
13,2010-03-26,1882095.98,0,train,1911410.848711887,-29314.868711886927,29314.868711886927
14,2010-03-26,2050396.27,0,train,2080873.5134741492,-30477.243474149145,30477.243474149145
15,2010-03-26,592111.49,0,train,587857.4438563852,4254.046143614803,4254.046143614803
16,2010-03-26,483177.2,0,train,462941.7211494248,20235.478850575222,20235.478850575222
17,2010-03-26,793097.64,0,train,840926.5324923373,-47828.89249233727,47828.89249233727
18,2010-03-26,1092704.09,0,train,1068552.7981996306,24151.29180036951,24151.29180036951
19,2010-03-26,1427023.45,0,train,1409530.684491972,17492.76550802798,17492.76550802798
20,2010-03-26,1894742.95,0,train,2045346.5534140652,-150603.6034140652,150603.6034140652
21,2010-03-26,686497.53,0,train,712350.8141946839,-25853.28419468389,25853.28419468389
22,2010-03-26,1012075.12,0,train,1005875.8136006959,6199.3063993040705,6199.3063993040705
23,2010-03-26,1310701.8,0,train,1317006.8434296162,-6305.04342961614,6305.04342961614
24,2010-03-26,1258311.56,0,train,1335057.3681285947,-76745.80812859465,76745.80812859465
25,2010-03-26,696687.6,0,train,664530.5525948466,32157.047405153397,32157.047405153397
26,2010-03-26,893613.0,0,train,958174.6114212822,-64561.61142128217,64561.61142128217
27,2010-03-26,1836714.84,0,train,1786201.7123384662,50513.12766153389,50513.12766153389
28,2010-03-26,1245268.77,0,train,1304856.8866410644,-59588.11664106441,59588.11664106441
29,2010-03-26,552985.34,0,train,523158.6331094518,29826.706890548172,29826.706890548172
30,2010-03-26,442457.35,0,train,385623.62772409583,56833.72227590415,56833.72227590415
31,2010-03-26,1229635.7,0,train,1324169.8297240962,-94534.12972409627,94534.12972409627
32,2010-03-26,1076021.58,0,train,1094675.4676221062,-18653.887622106122,18653.887622106122
33,2010-03-26,262893.76,0,train,201166.9942594861,61726.76574051392,61726.76574051392
34,2010-03-26,880742.35,0,train,926458.2751263946,-45715.925126394606,45715.925126394606
35,2010-03-26,1078900.44,0,train,938837.6587425066,140062.7812574933,140062.7812574933
36,2010-03-26,404438.51,0,train,367921.37369402905,36517.136305970955,36517.136305970955
37,2010-03-26,515777.97,0,train,466735.56152468,49042.40847531997,49042.40847531997
38,2010-03-26,335858.11,0,train,334309.88134694647,1548.2286530535202,1548.2286530535202
39,2010-03-26,1235094.66,0,train,1324678.5492062643,-89583.8892062644,89583.8892062644
40,2010-03-26,873354.58,0,train,906215.9338684876,-32861.35386848764,32861.35386848764
41,2010-03-26,1015196.46,0,train,1163321.3539725954,-148124.89397259546,148124.89397259546
42,2010-03-26,478021.68,0,train,487937.5515462387,-9915.871546238719,9915.871546238719
43,2010-03-26,623097.93,0,train,613876.5036442501,9221.42635574995,9221.42635574995
44,2010-03-26,276279.49,0,train,241763.72139422165,34515.76860577834,34515.76860577834
45,2010-03-26,782563.38,0,train,762067.4793565028,20495.90064349724,20495.90064349724
1,2010-04-02,1594968.28,0,train,1532741.8982901215,62226.381709878566,62226.381709878566
2,2010-04-02,2066187.72,0,train,1943193.993806607,122993.72619339288,122993.72619339288
3,2010-04-02,423294.4,0,train,416072.40664305515,7221.993356944877,7221.993356944877
4,2010-04-02,1979247.12,0,train,2000216.4165454474,-20969.296545447316,20969.296545447316
5,2010-04-02,331406.0,0,train,332651.918278074,-1245.9182780740084,1245.9182780740084
6,2010-04-02,1770333.9,0,train,1581735.7909510792,188598.10904892068,188598.10904892068
7,2010-04-02,561145.14,0,train,588709.1339419123,-27563.99394191231,27563.99394191231
8,2010-04-02,914500.91,0,train,928935.5862273708,-14434.676227370743,14434.676227370743
9,2010-04-02,545206.32,0,train,558832.0492460356,-13625.729246035684,13625.729246035684
10,2010-04-02,2138651.97,0,train,1912334.704924089,226317.2650759113,226317.2650759113
11,2010-04-02,1446210.26,0,train,1363334.3588659563,82875.9011340437,82875.9011340437
12,2010-04-02,1011822.3,0,train,1008361.1051078984,3461.1948921016883,3461.1948921016883
13,2010-04-02,2142482.14,0,train,1962840.7281924903,179641.41180750984,179641.41180750984
14,2010-04-02,2495630.51,0,train,2107405.7633241364,388224.7466758634,388224.7466758634
15,2010-04-02,718470.71,0,train,651514.2352415898,66956.47475841013,66956.47475841013
16,2010-04-02,490503.69,0,train,529256.4694298853,-38752.77942988527,38752.77942988527
17,2010-04-02,848521.17,0,train,886649.5074034206,-38128.33740342059,38128.33740342059
18,2010-04-02,1254107.84,0,train,1104821.4992519387,149286.34074806143,149286.34074806143
19,2010-04-02,1642970.27,0,train,1474448.0707776325,168522.1992223675,168522.1992223675
20,2010-04-02,2405395.22,0,train,2097622.699474213,307772.520525787,307772.520525787
21,2010-04-02,753664.12,0,train,792354.5422435554,-38690.422243555426,38690.422243555426
22,2010-04-02,1177340.99,0,train,1037491.2080586479,139849.78194135206,139849.78194135206
23,2010-04-02,1556627.62,0,train,1377479.55723847,179148.06276153005,179148.06276153005
24,2010-04-02,1478321.26,0,train,1371123.9683009437,107197.29169905628,107197.29169905628
25,2010-04-02,822486.37,0,train,719187.8223558556,103298.54764414439,103298.54764414439
26,2010-04-02,1029849.2,0,train,1004485.2984128984,25363.901587101514,25363.901587101514
27,2010-04-02,2053952.97,0,train,1818901.224749297,235051.74525070307,235051.74525070307
28,2010-04-02,1441559.4,0,train,1344509.4232255458,97049.97677445412,97049.97677445412
29,2010-04-02,599629.25,0,train,553975.3621785177,45653.88782148226,45653.88782148226
30,2010-04-02,457884.06,0,train,465627.35577296757,-7743.295772967569,7743.295772967569
31,2010-04-02,1357600.68,0,train,1404173.557772968,-46572.87777296803,46572.87777296803
32,2010-04-02,1131732.94,0,train,1172306.8576078445,-40573.917607844574,40573.917607844574
33,2010-04-02,274634.52,0,train,262741.02636926493,11893.493630735087,11893.493630735087
34,2010-04-02,979428.66,0,train,987581.1112988278,-8152.451298827771,8152.451298827771
35,2010-04-02,1189556.47,0,train,972432.1575666524,217124.31243334757,217124.31243334757
36,2010-04-02,435972.82,0,train,434010.26024502714,1962.55975497287,1962.55975497287
37,2010-04-02,540189.7,0,train,532464.0044038098,7725.695596190169,7725.695596190169
38,2010-04-02,368929.55,0,train,373962.41793142783,-5032.8679314278415,5032.8679314278415
39,2010-04-02,1463942.62,0,train,1392676.0629062145,71266.55709378561,71266.55709378561
40,2010-04-02,1041202.13,0,train,966604.6080173111,74597.52198268892,74597.52198268892
41,2010-04-02,1168826.39,0,train,1236711.0761589187,-67884.68615891878,67884.68615891878
42,2010-04-02,505907.41,0,train,551417.8978652661,-45510.4878652661,45510.4878652661
43,2010-04-02,650102.8,0,train,675483.9243805526,-25381.12438055256,25381.12438055256
44,2010-04-02,286197.5,0,train,291599.23662187625,-5401.736621876247,5401.736621876247
45,2010-04-02,877235.96,0,train,788599.7292064901,88636.23079350987,88636.23079350987
1,2010-04-09,1545418.53,0,train,1523670.8681687503,21747.661831249716,21747.661831249716
2,2010-04-09,1954689.21,0,train,1930065.3747475722,24623.83525242773,24623.83525242773
3,2010-04-09,415870.28,0,train,403737.9474689835,12132.332531016553,12132.332531016553
4,2010-04-09,1818452.72,0,train,1996513.6135283615,-178060.89352836157,178060.89352836157
5,2010-04-09,328020.49,0,train,319147.7783876435,8872.711612356477,8872.711612356477
6,2010-04-09,1667181.82,0,train,1565978.400674859,101203.419325141,101203.419325141
7,2010-04-09,484263.25,0,train,557031.6059088965,-72768.35590889654,72768.35590889654
8,2010-04-09,916033.92,0,train,907160.085665708,8873.8343342921,8873.8343342921
9,2010-04-09,529384.31,0,train,538931.117790933,-9546.807790932944,9546.807790932944
10,2010-04-09,2041069.37,0,train,1893953.8289567127,147115.54104328738,147115.54104328738
11,2010-04-09,1470308.32,0,train,1353717.1820328669,116591.1379671332,116591.1379671332
12,2010-04-09,1041238.87,0,train,986861.1098763392,54377.76012366079,54377.76012366079
13,2010-04-09,1898321.33,0,train,1935202.684361099,-36881.35436109896,36881.35436109896
14,2010-04-09,2258781.28,0,train,2137190.8364731246,121590.44352687523,121590.44352687523
15,2010-04-09,634605.77,0,train,668001.9016969838,-33396.13169698382,33396.13169698382
16,2010-04-09,424083.99,0,train,504554.2331793911,-80470.24317939114,80470.24317939114
17,2010-04-09,770228.02,0,train,859823.8469523231,-89595.82695232308,89595.82695232308
18,2010-04-09,1174447.55,0,train,1125862.9864628937,48584.56353710638,48584.56353710638
19,2010-04-09,1489613.32,0,train,1485052.9610308998,4560.358969100285,4560.358969100285
20,2010-04-09,2007796.26,0,train,2116945.169055358,-109148.90905535803,109148.90905535803
21,2010-04-09,751181.4,0,train,777769.2357439941,-26587.835743994103,26587.835743994103
22,2010-04-09,1033171.07,0,train,1052427.2965698065,-19256.226569806575,19256.226569806575
23,2010-04-09,1264434.7,0,train,1404235.7413314912,-139801.0413314912,139801.0413314912
24,2010-04-09,1379579.63,0,train,1399769.3722407331,-20189.742240733234,20189.742240733234
25,2010-04-09,712647.97,0,train,738678.371257061,-26030.40125706105,26030.40125706105
26,2010-04-09,1022293.81,0,train,1023621.8866631648,-1328.0766631647712,1328.0766631647712
27,2010-04-09,1955814.13,0,train,1844410.6313103633,111403.49868963659,111403.49868963659
28,2010-04-09,1382359.21,0,train,1323009.4279939863,59349.78200601367,59349.78200601367
29,2010-04-09,569937.23,0,train,568909.9674272649,1027.2625727350824,1027.2625727350824
30,2010-04-09,454800.96,0,train,451042.04927340604,3758.910726593982,3758.910726593982
31,2010-04-09,1395710.09,0,train,1389588.2512734067,6121.838726593414,6121.838726593414
32,2010-04-09,1095889.22,0,train,1143626.7441159124,-47737.52411591238,47737.52411591238
33,2010-04-09,325201.05,0,train,244388.16362189897,80812.88637810101,80812.88637810101
34,2010-04-09,950684.2,0,train,972112.7558774886,-21428.55587748869,21428.55587748869
35,2010-04-09,1198014.97,0,train,997364.85425273,200650.11574726994,200650.11574726994
36,2010-04-09,453016.91,0,train,428642.2336529959,24374.676347004075,24374.676347004075
37,2010-04-09,513327.55,0,train,527672.6876867677,-14345.137686767674,14345.137686767674
38,2010-04-09,341630.46,0,train,352462.42269986856,-10831.962699868542,10831.962699868542
39,2010-04-09,1327035.27,0,train,1387128.3892488987,-60093.1192488987,60093.1192488987
40,2010-04-09,919839.19,0,train,983836.2973068887,-63997.10730688879,63997.10730688879
41,2010-04-09,1082158.21,0,train,1206322.1562463688,-124163.94624636881,124163.94624636881
42,2010-04-09,582552.26,0,train,533037.02189789,49515.238102109986,49515.238102109986
43,2010-04-09,693058.34,0,train,662557.6442801284,30500.695719871554,30500.695719871554
44,2010-04-09,257361.3,0,train,263961.192790485,-6599.892790484999,6599.892790484999
45,2010-04-09,833782.7,0,train,818384.8023554782,15397.897644521785,15397.897644521785
1,2010-04-16,1466058.28,0,train,1503743.2424450791,-37684.962445079116,37684.962445079116
2,2010-04-16,1874957.94,0,train,1916303.3345581517,-41345.39455815172,41345.39455815172
3,2010-04-16,354993.26,0,train,379638.44314692507,-24645.18314692506,24645.18314692506
4,2010-04-16,1851519.69,0,train,1981529.2372571584,-130009.54725715844,130009.54725715844
5,2010-04-16,306858.69,0,train,298235.3475798967,8623.34242010332,8623.34242010332
6,2010-04-16,1519846.36,0,train,1543433.6614903682,-23587.30149036809,23587.30149036809
7,2010-04-16,406228.19,0,train,558208.8101480596,-151980.62014805962,151980.62014805962
8,2010-04-16,882917.12,0,train,895470.0748240392,-12552.954824039247,12552.954824039247
9,2010-04-16,485764.32,0,train,520880.6729656412,-35116.352965641185,35116.352965641185
10,2010-04-16,1826241.44,0,train,1888087.6160166222,-61846.17601662222,61846.17601662222
11,2010-04-16,1323243.35,0,train,1327544.699430059,-4301.34943005885,4301.34943005885
12,2010-04-16,957997.52,0,train,981396.7338594494,-23399.213859449374,23399.213859449374
13,2010-04-16,1819660.44,0,train,1946446.7131665517,-126786.27316655172,126786.27316655172
14,2010-04-16,2121788.61,0,train,2084728.6138214436,37059.996178556234,37059.996178556234
15,2010-04-16,641208.65,0,train,624128.4619624233,17080.188037576736,17080.188037576736
16,2010-04-16,436312.41,0,train,515199.90578197734,-78887.49578197737,78887.49578197737
17,2010-04-16,757738.76,0,train,870367.5452575224,-112628.78525752237,112628.78525752237
18,2010-04-16,1135577.62,0,train,1078408.3491161664,57169.27088383376,57169.27088383376
19,2010-04-16,1460354.67,0,train,1447202.3635985167,13152.306401483249,13152.306401483249
20,2010-04-16,1985784.59,0,train,2068431.8151249522,-82647.22512495215,82647.22512495215
21,2010-04-16,716026.51,0,train,762522.4948940369,-46495.9848940369,46495.9848940369
22,2010-04-16,1000968.67,0,train,1015429.1512953147,-14460.481295314617,14460.481295314617
23,2010-04-16,1288823.72,0,train,1348601.2437418066,-59777.523741806624,59777.523741806624
24,2010-04-16,1268266.72,0,train,1347940.1780232962,-79673.4580232962,79673.4580232962
25,2010-04-16,715311.6,0,train,691481.6386671308,23829.961332869134,23829.961332869134
26,2010-04-16,905548.38,0,train,965298.119952508,-59749.73995250801,59749.73995250801
27,2010-04-16,1857500.96,0,train,1801861.3739247369,55639.5860752631,55639.5860752631
28,2010-04-16,1268240.66,0,train,1317545.0519770966,-49304.391977096675,49304.391977096675
29,2010-04-16,509100.84,0,train,531904.2611443151,-22803.4211443151,22803.4211443151
30,2010-04-16,471054.16,0,train,435795.30842344894,35258.85157655104,35258.85157655104
31,2010-04-16,1367448.28,0,train,1374341.5104234493,-6893.230423449306,6893.230423449306
32,2010-04-16,1082763.27,0,train,1146232.6225755918,-63469.352575591765,63469.352575591765
33,2010-04-16,307779.64,0,train,237289.36900136282,70490.27099863719,70490.27099863719
34,2010-04-16,923344.54,0,train,973516.1133122097,-50171.573312209686,50171.573312209686
35,2010-04-16,1084487.55,0,train,955248.129273345,129239.42072665505,129239.42072665505
36,2010-04-16,483699.56,0,train,401964.3252838383,81735.23471616168,81735.23471616168
37,2010-04-16,524544.83,0,train,501427.3117238515,23117.518276148476,23117.518276148476
38,2010-04-16,337723.49,0,train,346998.046682979,-9274.55668297899,9274.55668297899
39,2010-04-16,1242874.98,0,train,1360826.9868459625,-117952.00684596249,117952.00684596249
40,2010-04-16,882636.96,0,train,932571.8620387841,-49934.902038784116,49934.902038784116
41,2010-04-16,1043388.79,0,train,1211393.1980669396,-168004.40806693956,168004.40806693956
42,2010-04-16,549528.16,0,train,527170.8089577996,22357.351042200462,22357.351042200462
43,2010-04-16,675282.2,0,train,655649.1129371283,19633.087062871666,19633.087062871666
44,2010-04-16,280048.74,0,train,275205.2215959374,4843.5184040626045,4843.5184040626045
45,2010-04-16,782221.96,0,train,765922.5797037971,16299.380296202842,16299.380296202842
1,2010-04-23,1391256.12,0,train,1475345.477233353,-84089.35723335296,84089.35723335296
2,2010-04-23,1821990.93,0,train,1883760.0886421604,-61769.15864216047,61769.15864216047
3,2010-04-23,339976.65,0,train,357875.2041630022,-17898.554163002176,17898.554163002176
4,2010-04-23,1802677.9,0,train,1959153.8195778062,-156475.91957780626,156475.91957780626
5,2010-04-23,288839.73,0,train,273506.542475363,15333.187524636975,15333.187524636975
6,2010-04-23,1540435.99,0,train,1514781.6650294515,25654.324970548507,25654.324970548507
7,2010-04-23,404751.25,0,train,538155.960909546,-133404.710909546,133404.710909546
8,2010-04-23,850440.26,0,train,852836.922291568,-2396.6622915680055,2396.6622915680055
9,2010-04-23,488683.57,0,train,483093.5529088158,5590.017091184214,5590.017091184214
10,2010-04-23,1829521.83,0,train,1852672.567385172,-23150.73738517193,23150.73738517193
11,2010-04-23,1283766.55,0,train,1304857.024185802,-21090.474185802042,21090.474185802042
12,2010-04-23,993833.44,0,train,954161.5454709564,39671.89452904358,39671.89452904358
13,2010-04-23,1909330.77,0,train,1937978.5698987455,-28647.799898745492,28647.799898745492
14,2010-04-23,2138144.91,0,train,2058955.2789612024,79189.63103879779,79189.63103879779
15,2010-04-23,643097.6,0,train,592539.8301693513,50557.76983064867,50557.76983064867
16,2010-04-23,370230.94,0,train,489628.45220146864,-119397.51220146863,119397.51220146863
17,2010-04-23,977790.83,0,train,866829.7287114984,110961.10128850152,110961.10128850152
18,2010-04-23,1132433.55,0,train,1055551.8108190773,76881.73918092274,76881.73918092274
19,2010-04-23,1456793.33,0,train,1416426.1151857383,40367.214814261766,40367.214814261766
20,2010-04-23,1878862.42,0,train,2031413.0739562758,-152550.6539562759,152550.6539562759
21,2010-04-23,718780.59,0,train,728018.3235773367,-9237.733577336767,9237.733577336767
22,2010-04-23,969594.47,0,train,992196.0909304753,-22601.6209304753,22601.6209304753
23,2010-04-23,1315023.08,0,train,1331655.4948668545,-16632.414866854437,16632.414866854437
24,2010-04-23,1264117.01,0,train,1324979.6179933434,-60862.60799334338,60862.60799334338
25,2010-04-23,694531.72,0,train,650933.2317771788,43598.48822282115,43598.48822282115
26,2010-04-23,881930.87,0,train,950957.6005384978,-69026.7305384978,69026.7305384978
27,2010-04-23,1850205.47,0,train,1776031.115246132,74174.35475386796,74174.35475386796
28,2010-04-23,1244177.21,0,train,1290309.8635886037,-46132.653588603716,46132.653588603716
29,2010-04-23,505329.66,0,train,508655.53776708443,-3325.8777670844574,3325.8777670844574
30,2010-04-23,462454.39,0,train,401291.13710674876,61163.25289325125,61163.25289325125
31,2010-04-23,1280465.8,0,train,1339837.3391067493,-59371.53910674923,59371.53910674923
32,2010-04-23,1072474.8,0,train,1113265.6789124096,-40790.878912409535,40790.878912409535
33,2010-04-23,263263.02,0,train,208793.58571241412,54469.4342875859,54469.4342875859
34,2010-04-23,910240.68,0,train,937750.3764680164,-27509.696468016366,27509.696468016366
35,2010-04-23,1110827.48,0,train,929129.515657246,181697.96434275398,181697.96434275398
36,2010-04-23,434116.8,0,train,381544.43639843666,52572.363601563324,52572.363601563324
37,2010-04-23,527019.78,0,train,480791.15663532924,46228.623364670784,46228.623364670784
38,2010-04-23,335121.82,0,train,319762.85829448584,15358.961705514172,15358.961705514172
39,2010-04-23,1280231.85,0,train,1340246.8581974604,-60015.00819746032,60015.00819746032
40,2010-04-23,844958.49,0,train,916746.6419642371,-71788.1519642371,71788.1519642371
41,2010-04-23,1067340.74,0,train,1183832.8058657118,-116492.06586571177,116492.06586571177
42,2010-04-23,492364.77,0,train,491755.7603263493,609.0096736507257,609.0096736507257
43,2010-04-23,638957.35,0,train,612476.4997636182,26480.850236381753,26480.850236381753
44,2010-04-23,278287.04,0,train,266737.078328131,11549.96167186898,11549.96167186898
45,2010-04-23,749779.1,0,train,740149.2448435562,9629.85515644378,9629.85515644378
1,2010-04-30,1425100.71,0,train,1456943.9573188554,-31843.247318855487,31843.247318855487
2,2010-04-30,1802450.29,0,train,1863398.1191841876,-60947.829184187576,60947.829184187576
3,2010-04-30,361248.39,0,train,338908.81293370493,22339.57706629508,22339.57706629508
4,2010-04-30,1817273.28,0,train,1922510.8962052371,-105237.61620523711,105237.61620523711
5,2010-04-30,298697.84,0,train,254628.02610655886,44069.81389344117,44069.81389344117
6,2010-04-30,1498080.16,0,train,1502624.9809081126,-4544.820908112684,4544.820908112684
7,2010-04-30,373655.61,0,train,501334.2066595212,-127678.59665952122,127678.59665952122
8,2010-04-30,778672.64,0,train,840985.8248010781,-62313.18480107805,62313.18480107805
9,2010-04-30,491723.42,0,train,470962.0681348798,20761.351865120174,20761.351865120174
10,2010-04-30,1790694.59,0,train,1838746.3615645012,-48051.771564501105,48051.771564501105
11,2010-04-30,1239766.89,0,train,1286983.1485368996,-47216.258536899695,47216.258536899695
12,2010-04-30,954220.22,0,train,938806.6654297692,15413.554570230772,15413.554570230772
13,2010-04-30,1785823.37,0,train,1892360.039967928,-106536.66996792797,106536.66996792797
14,2010-04-30,2082355.12,0,train,2033854.281683947,48500.83831605315,48500.83831605315
15,2010-04-30,570791.11,0,train,575834.0775641208,-5042.967564120772,5042.967564120772
16,2010-04-30,383550.93,0,train,444206.63940833474,-60655.70940833475,60655.70940833475
17,2010-04-30,807798.73,0,train,818129.7445795675,-10331.014579567476,10331.014579567476
18,2010-04-30,1060446.16,0,train,1034684.6141286441,25761.545871355804,25761.545871355804
19,2010-04-30,1405065.57,0,train,1401036.9839209837,4028.586079016328,4028.586079016328
20,2010-04-30,1919053.21,0,train,2018569.7614618437,-99516.55146184377,99516.55146184377
21,2010-04-30,680532.69,0,train,710037.4778202244,-29504.787820224417,29504.787820224417
22,2010-04-30,977683.06,0,train,968823.3674515219,8859.692548478139,8859.692548478139
23,2010-04-30,1259414.52,0,train,1305885.9846746488,-46471.46467464883,46471.46467464883
24,2010-04-30,1259877.19,0,train,1302279.0363059458,-42401.84630594589,42401.84630594589
25,2010-04-30,706924.02,0,train,640190.9107835062,66733.10921649379,66733.10921649379
26,2010-04-30,904503.85,0,train,930258.4831681253,-25754.633168125292,25754.633168125292
27,2010-04-30,1805885.04,0,train,1751189.178630346,54695.86136965407,54695.86136965407
28,2010-04-30,1186971.02,0,train,1274954.9835474163,-87983.96354741626,87983.96354741626
29,2010-04-30,501013.47,0,train,485267.1512757398,15746.3187242602,15746.3187242602
30,2010-04-30,456140.34,0,train,383310.2913496365,72830.04865036352,72830.04865036352
31,2010-04-30,1243200.24,0,train,1321856.493349637,-78656.25334963691,78656.25334963691
32,2010-04-30,1066792.63,0,train,1080729.9473239342,-13937.317323934287,13937.317323934287
33,2010-04-30,275883.23,0,train,190273.21181008255,85610.01818991743,85610.01818991743
34,2010-04-30,859922.19,0,train,916150.552240886,-56228.36224088608,56228.36224088608
35,2010-04-30,1096930.65,0,train,904215.4903070861,192715.15969291376,192715.15969291376
36,2010-04-30,457899.64,0,train,363192.2851865317,94707.3548134683,94707.3548134683
37,2010-04-30,517850.83,0,train,463231.98150153365,54618.84849846637,54618.84849846637
38,2010-04-30,337979.65,0,train,304407.97825329856,33571.67174670147,33571.67174670147
39,2010-04-30,1263836.59,0,train,1321343.0485031786,-57506.458503178554,57506.458503178554
40,2010-04-30,816838.31,0,train,895403.2205336317,-78564.91053363169,78564.91053363169
41,2010-04-30,1063960.11,0,train,1144181.7163946643,-80221.60639466415,80221.60639466415
42,2010-04-30,477615.87,0,train,477829.5545056786,-213.6845056785969,213.6845056785969
43,2010-04-30,630740.11,0,train,598629.2531970858,32110.856802914175,32110.856802914175
44,2010-04-30,272997.65,0,train,221118.54839731404,51879.10160268599,51879.10160268599
45,2010-04-30,737265.57,0,train,715048.2475663004,22217.322433699504,22217.322433699504
1,2010-05-07,1603955.12,0,train,1537479.1308077215,66475.98919227859,66475.98919227859
2,2010-05-07,2042581.71,0,train,1941580.6580494363,101001.05195056368,101001.05195056368
3,2010-05-07,399323.86,0,train,414088.8544860394,-14764.994486039388,14764.994486039388
4,2010-05-07,2000626.14,0,train,1998675.1294222865,1951.0105777133722,1951.0105777133722
5,2010-05-07,333522.6,0,train,331968.92080013605,1553.6791998639237,1553.6791998639237
6,2010-05-07,1619920.04,0,train,1582121.5534847425,37798.48651525751,37798.48651525751
7,2010-05-07,395453.83,0,train,568722.1296002087,-173268.2996002087,173268.2996002087
8,2010-05-07,916820.96,0,train,911795.7393908293,5025.2206091706175,5025.2206091706175
9,2010-05-07,526128.61,0,train,544124.8386193758,-17996.22861937585,17996.22861937585
10,2010-05-07,1921432.16,0,train,1907130.184405046,14301.975594953867,14301.975594953867
11,2010-05-07,1312329.78,0,train,1365552.7897104598,-53223.00971045974,53223.00971045974
12,2010-05-07,1043240.27,0,train,1011308.4316118027,31931.838388197357,31931.838388197357
13,2010-05-07,2005478.46,0,train,1945608.3096753946,59870.150324605405,59870.150324605405
14,2010-05-07,2370116.52,0,train,2149104.318369381,221012.2016306189,221012.2016306189
15,2010-05-07,661348.88,0,train,681767.1648154582,-20418.28481545823,20418.28481545823
16,2010-05-07,403217.22,0,train,507672.7115476043,-104455.49154760432,104455.49154760432
17,2010-05-07,843848.65,0,train,872358.4769873882,-28509.826987388195,28509.826987388195
18,2010-05-07,1222255.47,0,train,1141625.9857101296,80629.48428987036,80629.48428987036
19,2010-05-07,1566219.77,0,train,1502992.193930883,63227.57606911706,63227.57606911706
20,2010-05-07,2137202.38,0,train,2117980.223259944,19222.156740055885,19222.156740055885
21,2010-05-07,744969.42,0,train,787211.5407651088,-42242.12076510873,42242.12076510873
22,2010-05-07,1052973.28,0,train,1071102.1943037075,-18128.914303707425,18128.914303707425
23,2010-05-07,1365552.28,0,train,1415768.7443571978,-50216.46435719775,50216.46435719775
24,2010-05-07,1409705.03,0,train,1411293.5777583972,-1588.5477583971806,1588.5477583971806
25,2010-05-07,724468.97,0,train,741590.3112023253,-17121.341202325304,17121.341202325304
26,2010-05-07,1074479.73,0,train,1036191.3788292463,38288.35117075371,38288.35117075371
27,2010-05-07,1939458.84,0,train,1861059.7796954922,78399.06030450785,78399.06030450785
28,2010-05-07,1532893.22,0,train,1347456.7497294499,185436.4702705501,185436.4702705501
29,2010-05-07,568497.35,0,train,587530.315115534,-19032.965115534025,19032.965115534025
30,2010-05-07,457883.94,0,train,460484.3542945209,-2600.414294520917,2600.414294520917
31,2010-05-07,1381796.8,0,train,1399030.5562945213,-17233.75629452127,17233.75629452127
32,2010-05-07,1133657.58,0,train,1149098.3329649763,-15440.752964976244,15440.752964976244
33,2010-05-07,326870.13,0,train,260926.10547144758,65944.02452855243,65944.02452855243
34,2010-05-07,953495.48,0,train,984134.9252149783,-30639.445214978303,30639.445214978303
35,2010-05-07,1182099.88,0,train,1013797.7364347382,168302.14356526174,168302.14356526174
36,2010-05-07,489372.02,0,train,442601.0389956691,46770.98100433091,46770.98100433091
37,2010-05-07,543234.77,0,train,542424.4691075505,810.3008924495662,810.3008924495662
38,2010-05-07,383657.44,0,train,376909.744435332,6747.695564667985,6747.695564667985
39,2010-05-07,1355704.21,0,train,1401011.7608493676,-45307.55084936763,45307.55084936763
40,2010-05-07,1009797.06,0,train,999627.3097741348,10169.750225865282,10169.750225865282
41,2010-05-07,1175738.22,0,train,1212185.9301755745,-36447.710175574524,36447.710175574524
42,2010-05-07,582846.22,0,train,546213.3773462233,36632.842653776635,36632.842653776635
43,2010-05-07,691498.6,0,train,665454.080587314,26044.519412686,26044.519412686
44,2010-05-07,285379.86,0,train,274366.8181047803,11013.041895219707,11013.041895219707
45,2010-05-07,812190.76,0,train,830298.284251735,-18107.524251734954,18107.524251734954
1,2010-05-14,1494251.5,0,train,1518121.8481400728,-23870.348140072776,23870.348140072776
2,2010-05-14,1880752.36,0,train,1921662.6087707118,-40910.24877071171,40910.24877071171
3,2010-05-14,384357.94,0,train,398882.3933612624,-14524.453361262393,14524.453361262393
4,2010-05-14,1875597.28,0,train,1987950.458852444,-112353.17885244405,112353.17885244405
5,2010-05-14,296673.77,0,train,315497.8147674134,-18824.044767413405,18824.044767413405
6,2010-05-14,1524059.4,0,train,1560077.2323079817,-36017.83230798179,36017.83230798179
7,2010-05-14,372673.61,0,train,546609.1671215014,-173935.55712150142,173935.55712150142
8,2010-05-14,873337.84,0,train,882470.6835026209,-9132.843502620934,9132.843502620934
9,2010-05-14,492792.8,0,train,523988.3879005114,-31195.587900511397,31195.587900511397
10,2010-05-14,1808056.41,0,train,1888998.2644170895,-80941.8544170896,80941.8544170896
11,2010-05-14,1266796.13,0,train,1345752.1605040217,-78956.0305040218,78956.0305040218
12,2010-05-14,966054.97,0,train,980486.5229592584,-14431.552959258435,14431.552959258435
13,2010-05-14,1890273.44,0,train,1935484.059241638,-45210.61924163811,45210.61924163811
14,2010-05-14,2129771.13,0,train,2077282.7156158257,52488.41438417416,52488.41438417416
15,2010-05-14,594385.2,0,train,611426.6716344748,-17041.471634474816,17041.471634474816
16,2010-05-14,401770.9,0,train,492535.04085141874,-90764.14085141872,90764.14085141872
17,2010-05-14,813756.09,0,train,865847.9319349381,-52091.8419349381,52091.8419349381
18,2010-05-14,1092616.49,0,train,1071557.210401638,21059.279598362045,21059.279598362045
19,2010-05-14,1437319.45,0,train,1432707.72718992,4611.722810080042,4611.722810080042
20,2010-05-14,2033211.62,0,train,2061958.1602214822,-28746.54022148205,28746.54022148205
21,2010-05-14,723559.88,0,train,767797.7294465664,-44237.849446566426,44237.849446566426
22,2010-05-14,973585.33,0,train,1009225.5361669172,-35640.206166917225,35640.206166917225
23,2010-05-14,1303055.09,0,train,1345784.0087087364,-42728.91870873631,42728.91870873631
24,2010-05-14,1346783.35,0,train,1342885.9967581127,3897.3532418874092,3897.3532418874092
25,2010-05-14,698073.95,0,train,678368.8506212608,19705.099378739134,19705.099378739134
26,2010-05-14,972663.59,0,train,966402.7357208558,6260.854279144201,6260.854279144201
27,2010-05-14,1842465.78,0,train,1793056.640704094,49409.13929590606,49409.13929590606
28,2010-05-14,1245898.73,0,train,1316634.8410769056,-70736.11107690562,70736.11107690562
29,2010-05-14,518940.88,0,train,525641.4000499994,-6700.520049999352,6700.520049999352
30,2010-05-14,461868.09,0,train,441070.5429759786,20797.54702402145,20797.54702402145
31,2010-05-14,1287288.59,0,train,1379616.744975979,-92328.15497597889,92328.15497597889
32,2010-05-14,1079314.52,0,train,1116172.2675623598,-36857.747562359786,36857.747562359786
33,2010-05-14,331173.51,0,train,238816.30824205303,92357.20175794698,92357.20175794698
34,2010-05-14,933924.44,0,train,967163.3065828773,-33238.86658287735,33238.86658287735
35,2010-05-14,1104277.57,0,train,945758.5530761529,158519.01692384714,158519.01692384714
36,2010-05-14,476733.74,0,train,422512.884647281,54220.855352718965,54220.855352718965
37,2010-05-14,505196.08,0,train,522336.3147591624,-17140.234759162355,17140.234759162355
38,2010-05-14,346174.3,0,train,346087.8357827879,86.46421721210936,86.46421721210936
39,2010-05-14,1226997.7,0,train,1382772.4790216482,-155774.77902164822,155774.77902164822
40,2010-05-14,907262.47,0,train,932892.1076468483,-25629.637646848336,25629.637646848336
41,2010-05-14,1116439.02,0,train,1182761.517274224,-66322.49727422395,66322.49727422395
42,2010-05-14,564345.55,0,train,528081.4573582669,36264.09264173312,36264.09264173312
43,2010-05-14,690851.59,0,train,653769.576790801,37082.01320919895,37082.01320919895
44,2010-05-14,286515.92,0,train,264242.56767102366,22273.352328976325,22273.352328976325
45,2010-05-14,758182.2,0,train,758476.6814981794,-294.4814981794916,294.4814981794916
1,2010-05-21,1399662.07,0,train,1496712.486810361,-97050.41681036097,97050.41681036097
2,2010-05-21,1896937.1,0,train,1899854.6902496268,-2917.5902496266644,2917.5902496266644
3,2010-05-21,343763.17,0,train,369046.7207367183,-25283.550736718287,25283.550736718287
4,2010-05-21,1903752.6,0,train,1974634.9594691086,-70882.35946910852,70882.35946910852
5,2010-05-21,301615.49,0,train,290597.13603842177,11018.353961578221,11018.353961578221
6,2010-05-21,1531938.44,0,train,1533625.7620761464,-1687.3220761464909,1687.3220761464909
7,2010-05-21,395195.65,0,train,534162.2695509866,-138966.61955098656,138966.61955098656
8,2010-05-21,818333.21,0,train,869583.8726874588,-51250.6626874588,51250.6626874588
9,2010-05-21,506274.94,0,train,500712.08302038524,5562.856979614764,5562.856979614764
10,2010-05-21,1847613.58,0,train,1873973.9586131366,-26360.378613136476,26360.378613136476
11,2010-05-21,1271646.62,0,train,1317877.4132801867,-46230.7932801866,46230.7932801866
12,2010-05-21,958374.56,0,train,974762.6061986678,-16388.046198667726,16388.046198667726
13,2010-05-21,1853657.6,0,train,1929668.4548542732,-76010.85485427314,76010.85485427314
14,2010-05-21,2108187.1,0,train,2074353.3048800724,33833.79511992773,33833.79511992773
15,2010-05-21,616598.1,0,train,618265.404363066,-1667.3043630659813,1667.3043630659813
16,2010-05-21,435300.51,0,train,482581.3198618052,-47280.80986180517,47280.80986180517
17,2010-05-21,826626.5,0,train,857511.1377466618,-30884.637746661785,30884.637746661785
18,2010-05-21,1101621.36,0,train,1073725.5749454978,27895.78505450231,27895.78505450231
19,2010-05-21,1377716.17,0,train,1436857.1907975387,-59141.020797538804,59141.020797538804
20,2010-05-21,1893736.9,0,train,2048484.9574999986,-154748.05749999871,154748.05749999871
21,2010-05-21,753361.72,0,train,744981.3350051169,8380.38499488309,8380.38499488309
22,2010-05-21,979977.89,0,train,1007547.9090017751,-27570.019001775072,27570.019001775072
23,2010-05-21,1327424.28,0,train,1354227.3345348649,-26803.054534864845,26803.054534864845
24,2010-05-21,1283482.85,0,train,1341796.9882238377,-58314.138223837595,58314.138223837595
25,2010-05-21,704113.22,0,train,671702.8603622385,32410.35963776149,32410.35963776149
26,2010-05-21,986765.01,0,train,972380.8981860931,14384.11181390693,14384.11181390693
27,2010-05-21,1836595.58,0,train,1792967.927522569,43627.65247743111,43627.65247743111
28,2010-05-21,1217923.71,0,train,1310910.924316315,-92987.21431631502,92987.21431631502
29,2010-05-21,502021.82,0,train,523971.9534524719,-21950.13345247187,21950.13345247187
30,2010-05-21,455751.84,0,train,418254.1485345288,37497.69146547123,37497.69146547123
31,2010-05-21,1337405.6,0,train,1356800.3505345294,-19394.750534529332,19394.750534529332
32,2010-05-21,1143819.35,0,train,1115715.0281561795,28104.321843820624,28104.321843820624
33,2010-05-21,294264.2,0,train,228162.06475967984,66102.13524032017,66102.13524032017
34,2010-05-21,913616.32,0,train,948805.427597719,-35189.10759771906,35189.10759771906
35,2010-05-21,1078182.18,0,train,945381.4849571335,132800.6950428664,132800.6950428664
36,2010-05-21,474917.98,0,train,395531.24913810473,79386.73086189525,79386.73086189525
37,2010-05-21,510494.7,0,train,495715.12292185414,14779.57707814587,14779.57707814587
38,2010-05-21,340497.08,0,train,340363.91902219714,133.16097780287964,133.16097780287964
39,2010-05-21,1350673.98,0,train,1354386.4543237018,-3712.474323701812,3712.474323701812
40,2010-05-21,885613.91,0,train,937525.6355515994,-51911.725551599404,51911.725551599404
41,2010-05-21,1163234.33,0,train,1184797.454448945,-21563.124448944815,21563.124448944815
42,2010-05-21,504403.16,0,train,513057.15155431384,-8653.991554313863,8653.991554313863
43,2010-05-21,672062.08,0,train,634848.7478191771,37213.33218082285,37213.33218082285
44,2010-05-21,267065.35,0,train,258426.96328365873,8638.38671634125,8638.38671634125
45,2010-05-21,747888.25,0,train,755547.2707624258,-7659.020762425847,7659.020762425847
1,2010-05-28,1432069.95,0,train,1480670.9094748083,-48600.959474808304,48600.959474808304
2,2010-05-28,1957113.89,0,train,1890249.7819024099,66864.10809759004,66864.10809759004
3,2010-05-28,350089.23,0,train,349677.2391426534,411.99085734656546,411.99085734656546
4,2010-05-28,1857533.7,0,train,1946909.9112500208,-89376.21125002089,89376.21125002089
5,2010-05-28,310013.11,0,train,276274.7007227109,33738.40927728906,33738.40927728906
6,2010-05-28,1644470.66,0,train,1517864.588634871,126606.07136512897,126606.07136512897
7,2010-05-28,442734.55,0,train,527823.8347954603,-85089.28479546035,85089.28479546035
8,2010-05-28,868041.56,0,train,866715.0408853749,1326.5191146251746,1326.5191146251746
9,2010-05-28,558143.53,0,train,489274.6164539959,68868.9135460041,68868.9135460041
10,2010-05-28,1904618.17,0,train,1840774.381566417,63843.78843358299,63843.78843358299
11,2010-05-28,1264272.52,0,train,1298311.8391460506,-34039.319146050606,34039.319146050606
12,2010-05-28,955451.16,0,train,922766.1585251527,32685.00147484732,32685.00147484732
13,2010-05-28,1877358.86,0,train,1888925.865248302,-11567.005248301895,11567.005248301895
14,2010-05-28,2227152.16,0,train,2065590.5024976,161561.65750240022,161561.65750240022
15,2010-05-28,744772.88,0,train,622864.4677589344,121908.41224106564,121908.41224106564
16,2010-05-28,479430.0,0,train,468119.0513033421,11310.948696657899,11310.948696657899
17,2010-05-28,872817.62,0,train,813547.0278395261,59270.59216047393,59270.59216047393
18,2010-05-28,1256282.79,0,train,1070664.8867627282,185617.90323727182,185617.90323727182
19,2010-05-28,1648882.62,0,train,1440895.9897932047,207986.6302067954,207986.6302067954
20,2010-05-28,2065984.95,0,train,2051112.7143997266,14872.235600273358,14872.235600273358
21,2010-05-28,755214.26,0,train,736496.9554583051,18717.30454169493,18717.30454169493
22,2010-05-28,1103740.4,0,train,995514.80984815,108225.5901518499,108225.5901518499
23,2010-05-28,1571158.56,0,train,1358085.911694597,213072.64830540307,213072.64830540307
24,2010-05-28,1473868.15,0,train,1339756.9184773057,134111.23152269423,134111.23152269423
25,2010-05-28,792442.54,0,train,678672.6663635359,113769.87363646412,113769.87363646412
26,2010-05-28,1069851.59,0,train,974894.8407853389,94956.74921466119,94956.74921466119
27,2010-05-28,1962468.67,0,train,1778089.622443784,184379.0475562159,184379.0475562159
28,2010-05-28,1176588.25,0,train,1258914.4766428,-82326.22664280003,82326.22664280003
29,2010-05-28,577627.66,0,train,511947.03486646153,65680.6251335385,65680.6251335385
30,2010-05-28,462474.16,0,train,409769.7689877172,52704.39101228275,52704.39101228275
31,2010-05-28,1309437.17,0,train,1348315.9709877176,-38878.800987717696,38878.800987717696
32,2010-05-28,1205662.85,0,train,1112626.126921828,93036.72307817219,93036.72307817219
33,2010-05-28,279246.33,0,train,187454.94475024624,91791.38524975377,91791.38524975377
34,2010-05-28,942868.38,0,train,933294.1433030467,9574.236696953303,9574.236696953303
35,2010-05-28,1223777.48,0,train,930178.7805736674,293598.6994263326,293598.6994263326
36,2010-05-28,447050.42,0,train,378720.37602858,68330.04397141997,68330.04397141997
37,2010-05-28,532241.22,0,train,478327.5399373404,53913.68006265955,53913.68006265955
38,2010-05-28,326469.43,0,train,288367.47134868207,38101.958651317924,38101.958651317924
39,2010-05-28,1365541.59,0,train,1337054.8977792084,28486.69222079171,28486.69222079171
40,2010-05-28,1008483.07,0,train,940851.961531139,67631.10846886097,67631.10846886097
41,2010-05-28,1246654.24,0,train,1174929.3539721428,71724.8860278572,71724.8860278572
42,2010-05-28,484097.03,0,train,479857.57450759434,4239.4554924056865,4239.4554924056865
43,2010-05-28,630315.76,0,train,618242.2623578464,12073.497642153641,12073.497642153641
44,2010-05-28,291891.01,0,train,217684.37367768784,74206.63632231217,74206.63632231217
45,2010-05-28,801098.43,0,train,746784.4683799536,54313.96162004641,54313.96162004641
1,2010-06-04,1615524.71,0,train,1569697.114919556,45827.59508044389,45827.59508044389
2,2010-06-04,2102539.93,0,train,1980474.1846908387,122065.74530916149,122065.74530916149
3,2010-06-04,396968.8,0,train,437868.7169097903,-40899.91690979031,40899.91690979031
4,2010-06-04,1903290.58,0,train,2042373.0877890894,-139082.50778908934,139082.50778908934
5,2010-06-04,337825.89,0,train,363854.5543261565,-26028.66432615649,26028.66432615649
6,2010-06-04,1857380.09,0,train,1607759.475594109,249620.61440589116,249620.61440589116
7,2010-06-04,509183.22,0,train,613550.7457766227,-104367.5257766227,104367.5257766227
8,2010-06-04,958225.41,0,train,957904.7959023733,320.6140976267634,320.6140976267634
9,2010-06-04,586061.46,0,train,584753.8051885758,1307.6548114242032,1307.6548114242032
10,2010-06-04,1931406.28,0,train,1942546.8394429926,-11140.559442992555,11140.559442992555
11,2010-06-04,1396322.19,0,train,1386615.369793228,9706.820206771838,9706.820206771838
12,2010-06-04,1049357.36,0,train,1045268.3992092225,4088.960790777579,4088.960790777579
13,2010-06-04,2022705.22,0,train,1995234.6524804195,27470.56751958048,27470.56751958048
14,2010-06-04,2363601.47,0,train,2172212.187416116,191389.28258388443,191389.28258388443
15,2010-06-04,693192.5,0,train,708920.089245046,-15727.589245046023,15727.589245046023
16,2010-06-04,516295.81,0,train,560260.9896668235,-43965.17966682353,43965.17966682353
17,2010-06-04,876902.87,0,train,916662.307990489,-39759.43799048895,39759.43799048895
18,2010-06-04,1271311.76,0,train,1161382.4621059615,109929.2978940385,109929.2978940385
19,2010-06-04,1519013.49,0,train,1528772.4705799748,-9758.980579974828,9758.980579974828
20,2010-06-04,2203619.35,0,train,2143772.9944912763,59846.35550872376,59846.35550872376
21,2010-06-04,806012.48,0,train,829690.7595678074,-23678.279567807447,23678.279567807447
22,2010-06-04,1095539.13,0,train,1093759.7613037312,1779.368696268648,1779.368696268648
23,2010-06-04,1514435.51,0,train,1433452.2424722803,80983.26752771973,80983.26752771973
24,2010-06-04,1566668.91,0,train,1434272.5324064759,132396.37759352406,132396.37759352406
25,2010-06-04,764155.44,0,train,766738.7783734254,-2583.3383734254166,2583.3383734254166
26,2010-06-04,1003202.66,0,train,1053426.6654241667,-50224.00542416668,50224.00542416668
27,2010-06-04,2073102.59,0,train,1883830.3575266392,189272.23247336084,189272.23247336084
28,2010-06-04,1543678.02,0,train,1381416.7173268697,162261.3026731303,162261.3026731303
29,2010-06-04,588017.66,0,train,610200.166392419,-22182.50639241899,22182.50639241899
30,2010-06-04,458343.7,0,train,502963.57309721946,-44619.873097219446,44619.873097219446
31,2010-06-04,1427624.5,0,train,1441509.7750972197,-13885.27509721974,13885.27509721974
32,2010-06-04,1149234.96,0,train,1205664.4883256336,-56429.52832563361,56429.52832563361
33,2010-06-04,285100.0,0,train,293261.30630828,-8161.306308279978,8161.306308279978
34,2010-06-04,966187.51,0,train,1029849.8354225103,-63662.32542251027,63662.32542251027
35,2010-06-04,1282378.71,0,train,1035486.983250281,246891.726749719,246891.726749719
36,2010-06-04,471088.88,0,train,464455.71271801146,6633.1672819885425,6633.1672819885425
37,2010-06-04,479195.02,0,train,563990.7878923984,-84795.7678923984,84795.7678923984
38,2010-06-04,376184.88,0,train,410869.712032752,-34684.83203275199,34684.83203275199
39,2010-06-04,1512207.95,0,train,1424258.872834823,87949.07716517686,87949.07716517686
40,2010-06-04,1052429.03,0,train,1022213.1213909895,30215.908609010512,30215.908609010512
41,2010-06-04,1305068.1,0,train,1271217.2488971232,33850.85110287694,33850.85110287694
42,2010-06-04,556046.12,0,train,581630.0323841699,-25583.912384169875,25583.912384169875
43,2010-06-04,682012.53,0,train,718104.9407181767,-36092.41071817663,36092.41071817663
44,2010-06-04,282351.82,0,train,323993.16090980533,-41641.34090980532,41641.34090980532
45,2010-06-04,837548.62,0,train,853406.1532984691,-15857.533298469149,15857.533298469149
1,2010-06-11,1542561.09,0,train,1544370.6756430753,-1809.5856430751737,1809.5856430751737
2,2010-06-11,2025538.76,0,train,1960323.819005,65214.94099500007,65214.94099500007
3,2010-06-11,355017.09,0,train,423333.0357626631,-68315.94576266309,68315.94576266309
4,2010-06-11,1870619.23,0,train,2037754.4906107192,-167135.2606107192,167135.2606107192
5,2010-06-11,296641.91,0,train,342516.3278903379,-45874.417890337936,45874.417890337936
6,2010-06-11,1685652.35,0,train,1589828.7975972393,95823.55240276083,95823.55240276083
7,2010-06-11,498580.87,0,train,616107.8362820477,-117526.96628204768,117526.96628204768
8,2010-06-11,914835.86,0,train,951577.8514242297,-36741.991424229695,36741.991424229695
9,2010-06-11,522715.68,0,train,571707.0984667949,-48991.418466794945,48991.418466794945
10,2010-06-11,1827521.71,0,train,1941141.8350346764,-113620.1250346764,113620.1250346764
11,2010-06-11,1339570.85,0,train,1370903.1334056754,-31332.28340567532,31332.28340567532
12,2010-06-11,1016039.71,0,train,1047254.0403473645,-31214.330347364536,31214.330347364536
13,2010-06-11,2037880.96,0,train,1984477.2403413511,53403.71965864883,53403.71965864883
14,2010-06-11,2249570.04,0,train,2129720.7408620757,119849.29913792433,119849.29913792433
15,2010-06-11,619337.29,0,train,658320.2394257163,-38982.9494257163,38982.9494257163
16,2010-06-11,535587.31,0,train,559764.6391911448,-24177.32919114479,24177.32919114479
17,2010-06-11,845252.21,0,train,900190.1989693546,-54937.98896935466,54937.98896935466
18,2010-06-11,1173521.82,0,train,1118738.5583597242,54783.26164027583,54783.26164027583
19,2010-06-11,1410683.94,0,train,1482962.8813823767,-72278.94138237671,72278.94138237671
20,2010-06-11,2100489.79,0,train,2104492.2469764794,-4002.456976479385,4002.456976479385
21,2010-06-11,784305.55,0,train,807411.3891611989,-23105.83916119882,23105.83916119882
22,2010-06-11,1061196.47,0,train,1055925.95132886,5270.518671140075,5270.518671140075
23,2010-06-11,1439432.06,0,train,1389715.823145648,49716.23685435206,49716.23685435206
24,2010-06-11,1375458.21,0,train,1388715.0621889692,-13256.852188969264,13256.852188969264
25,2010-06-11,737163.2,0,train,726505.5813782839,10657.618621716043,10657.618621716043
26,2010-06-11,1073862.59,0,train,1008989.9155972813,64872.67440271878,64872.67440271878
27,2010-06-11,1873812.93,0,train,1843195.0339605385,30617.896039461484,30617.896039461484
28,2010-06-11,1348995.17,0,train,1383402.3584650117,-34407.18846501177,34407.18846501177
29,2010-06-11,540716.58,0,train,572374.5364879238,-31657.95648792386,31657.95648792386
30,2010-06-11,445530.16,0,train,480684.2026906109,-35154.04269061092,35154.04269061092
31,2010-06-11,1377092.33,0,train,1419230.4046906112,-42138.0746906111,42138.0746906111
32,2010-06-11,1192074.09,0,train,1192001.924445195,72.1655548051931,72.1655548051931
33,2010-06-11,310800.79,0,train,293565.1083205815,17235.681679418485,17235.681679418485
34,2010-06-11,954681.56,0,train,1028172.6263452034,-73491.06634520332,73491.06634520332
35,2010-06-11,1160412.71,0,train,994707.4822154329,165705.22778456705,165705.22778456705
36,2010-06-11,467711.18,0,train,446034.83309222944,21676.346907770552,21676.346907770552
37,2010-06-11,481915.11,0,train,546002.4406728579,-64087.330672857934,64087.330672857934
38,2010-06-11,354828.65,0,train,412855.35317089397,-58026.70317089395,58026.70317089395
39,2010-06-11,1371405.33,0,train,1405093.9703748575,-33688.64037485747,33688.64037485747
40,2010-06-11,1007574.67,0,train,979345.1118846714,28229.558115328662,28229.558115328662
41,2010-06-11,1217199.39,0,train,1254921.4423357323,-37722.052335732384,37722.052335732384
42,2010-06-11,607218.6,0,train,580225.0279758536,26993.572024146328,26993.572024146328
43,2010-06-11,684023.95,0,train,708377.2207645229,-24353.270764522953,24353.270764522953
44,2010-06-11,296818.2,0,train,313235.748770737,-16417.54877073696,16417.54877073696
45,2010-06-11,794698.77,0,train,810914.7067444294,-16215.936744429404,16215.936744429404
1,2010-06-18,1503284.06,0,train,1530221.8633462877,-26937.803346287692,26937.803346287692
2,2010-06-18,2001636.96,0,train,1942617.2069379734,59019.753062026575,59019.753062026575
3,2010-06-18,364076.85,0,train,402854.40972365846,-38777.55972365849,38777.55972365849
4,2010-06-18,1929736.35,0,train,2021874.7743201472,-92138.42432014714,92138.42432014714
5,2010-06-18,313795.6,0,train,327051.0911595159,-13255.491159515921,13255.491159515921
6,2010-06-18,1677248.24,0,train,1571198.4086081148,106049.83139188518,106049.83139188518
7,2010-06-18,481144.09,0,train,562003.9989181065,-80859.90891810652,80859.90891810652
8,2010-06-18,869922.56,0,train,917540.8433091934,-47618.28330919333,47618.28330919333
9,2010-06-18,513073.87,0,train,545121.6720126946,-32047.80201269465,32047.80201269465
10,2010-06-18,1837636.24,0,train,1896113.9283351009,-58477.68833510089,58477.68833510089
11,2010-06-18,1336522.92,0,train,1350144.3751665696,-13621.455166569678,13621.455166569678
12,2010-06-18,956211.2,0,train,999926.9577564929,-43715.75775649294,43715.75775649294
13,2010-06-18,2003435.31,0,train,1941232.9110597977,62202.398940202314,62202.398940202314
14,2010-06-18,2248645.59,0,train,2113552.565225991,135093.0247740089,135093.0247740089
15,2010-06-18,652329.53,0,train,647515.409671016,4814.1203289839905,4814.1203289839905
16,2010-06-18,540149.85,0,train,507509.6743478719,32640.175652128062,32640.175652128062
17,2010-06-18,877996.27,0,train,869915.9905524902,8080.279447509791,8080.279447509791
18,2010-06-18,1183225.92,0,train,1099962.103418011,83263.81658198894,83263.81658198894
19,2010-06-18,1457314.39,0,train,1471653.8136674943,-14339.42366749444,14339.42366749444
20,2010-06-18,2091903.63,0,train,2094975.73946117,-3072.1094611701556,3072.1094611701556
21,2010-06-18,785104.29,0,train,790433.1208144358,-5328.830814435729,5328.830814435729
22,2010-06-18,1052895.25,0,train,1037818.4404014829,15076.809598517139,15076.809598517139
23,2010-06-18,1507708.93,0,train,1371107.4475239958,136601.48247600417,136601.48247600417
24,2010-06-18,1354168.18,0,train,1371018.9803117774,-16850.800311777508,16850.800311777508
25,2010-06-18,780444.94,0,train,718613.8406235618,61831.099376438186,61831.099376438186
26,2010-06-18,1001286.67,0,train,990549.6192956896,10737.050704310415,10737.050704310415
27,2010-06-18,1887182.27,0,train,1822049.9527561944,65132.31724380562,65132.31724380562
28,2010-06-18,1267619.06,0,train,1336075.2758741402,-68456.21587414015,68456.21587414015
29,2010-06-18,558731.74,0,train,554270.3988264536,4461.341173546389,4461.341173546389
30,2010-06-18,447727.52,0,train,463705.9343438477,-15978.41434384766,15978.41434384766
31,2010-06-18,1368090.08,0,train,1402252.1363438482,-34162.05634384812,34162.05634384812
32,2010-06-18,1150191.72,0,train,1140615.369422236,9576.35057776398,9576.35057776398
33,2010-06-18,272399.08,0,train,249517.6643213604,22881.415678639605,22881.415678639605
34,2010-06-18,941612.04,0,train,983047.1083640583,-41435.06836405827,41435.06836405827
35,2010-06-18,1198025.76,0,train,973598.4453782758,224427.3146217242,224427.3146217242
36,2010-06-18,485694.72,0,train,426941.3615660841,58753.358433915884,58753.358433915884
37,2010-06-18,505761.62,0,train,527341.5015529543,-21579.88155295432,21579.88155295432
38,2010-06-18,335691.85,0,train,365528.27058002225,-29836.42058002227,29836.42058002227
39,2010-06-18,1368312.45,0,train,1386741.1766750652,-18428.726675065234,18428.726675065234
40,2010-06-18,973105.3,0,train,959644.2206826239,13461.079317376134,13461.079317376134
41,2010-06-18,1202963.06,0,train,1207624.817434252,-4661.757434251951,4661.757434251951
42,2010-06-18,529418.64,0,train,535197.121276278,-5778.481276278035,5778.481276278035
43,2010-06-18,700009.77,0,train,674900.1563308643,25109.613669135724,25109.613669135724
44,2010-06-18,293481.36,0,train,269991.41948918346,23489.940510816523,23489.940510816523
45,2010-06-18,815130.5,0,train,794746.5311083446,20383.968891655444,20383.968891655444
1,2010-06-25,1422711.6,0,train,1509205.8727532225,-86494.27275322238,86494.27275322238
2,2010-06-25,1939927.09,0,train,1922219.8859740607,17707.20402593934,17707.20402593934
3,2010-06-25,357346.48,0,train,381927.43743764865,-24580.95743764867,24580.95743764867
4,2010-06-25,1846651.95,0,train,1999753.1138249626,-153101.16382496268,153101.16382496268
5,2010-06-25,295257.3,0,train,304854.68625811546,-9597.386258115468,9597.386258115468
6,2010-06-25,1640681.88,0,train,1550395.9634241094,90285.9165758905,90285.9165758905
7,2010-06-25,553714.87,0,train,562272.1753375358,-8557.3053375358,8557.3053375358
8,2010-06-25,814919.11,0,train,904233.1446553977,-89314.03465539776,89314.03465539776
9,2010-06-25,509263.28,0,train,529123.430312919,-19860.150312918937,19860.150312918937
10,2010-06-25,1768172.31,0,train,1899015.6333015533,-130843.32330155326,130843.32330155326
11,2010-06-25,1262025.08,0,train,1329497.535080661,-67472.45508066099,67472.45508066099
12,2010-06-25,958007.69,0,train,997199.0514261426,-39191.36142614263,39191.36142614263
13,2010-06-25,1970340.25,0,train,1957260.761669277,13079.48833072302,13079.48833072302
14,2010-06-25,2246179.91,0,train,2111358.68551672,134821.22448327998,134821.22448327998
15,2010-06-25,672194.03,0,train,646045.3969845062,26148.633015493862,26148.633015493862
16,2010-06-25,546554.96,0,train,515425.45983006613,31129.50016993383,31129.50016993383
17,2010-06-25,893995.44,0,train,869920.2793161767,24075.160683823284,24075.160683823284
18,2010-06-25,1220983.17,0,train,1101233.0833335805,119750.0866664194,119750.0866664194
19,2010-06-25,1450407.32,0,train,1467634.5979600628,-17227.277960062725,17227.277960062725
20,2010-06-25,1973135.87,0,train,2080954.1455599002,-107818.2755599001,107818.2755599001
21,2010-06-25,769848.75,0,train,771100.3022109078,-1251.552210907801,1251.552210907801
22,2010-06-25,1095020.33,0,train,1036734.8593915305,58285.470608469564,58285.470608469564
23,2010-06-25,1415204.88,0,train,1376468.3575610437,38736.52243895619,38736.52243895619
24,2010-06-25,1399073.75,0,train,1371705.9855660475,27367.764433952514,27367.764433952514
25,2010-06-25,737569.14,0,train,704760.3260423527,32808.813957647304,32808.813957647304
26,2010-06-25,976242.09,0,train,997647.3489733656,-21405.25897336565,21405.25897336565
27,2010-06-25,1962625.01,0,train,1823547.890946087,139077.11905391305,139077.11905391305
28,2010-06-25,1231025.07,0,train,1333347.36954379,-102322.29954378982,102322.29954378982
29,2010-06-25,585548.79,0,train,553188.2682611723,32360.521738827694,32360.521738827694
30,2010-06-25,453210.24,0,train,444373.1157403197,8837.124259680277,8837.124259680277
31,2010-06-25,1303523.73,0,train,1382919.3177403202,-79395.58774032025,79395.58774032025
32,2010-06-25,1124763.74,0,train,1152761.1511259594,-27997.411125959363,27997.411125959363
33,2010-06-25,259419.91,0,train,250010.232366942,9409.677633058018,9409.677633058018
34,2010-06-25,895800.07,0,train,976108.6131143627,-80308.54311436275,80308.54311436275
35,2010-06-25,1230245.74,0,train,975528.9159744098,254716.8240255902,254716.8240255902
36,2010-06-25,434879.87,0,train,405114.294393923,29765.575606076978,29765.575606076978
37,2010-06-25,485419.39,0,train,505045.8576073648,-19626.467607364757,19626.467607364757
38,2010-06-25,322046.76,0,train,362800.3642496719,-40753.60424967192,40753.60424967192
39,2010-06-25,1280414.8,0,train,1363072.8849489794,-82658.08494897932,82658.08494897932
40,2010-06-25,940405.03,0,train,962792.086338872,-22387.056338871946,22387.056338871946
41,2010-06-25,1174209.52,0,train,1218706.0967775907,-44496.57677759067,44496.57677759067
42,2010-06-25,484327.56,0,train,538098.8262427305,-53771.26624273049,53771.26624273049
43,2010-06-25,625196.14,0,train,663327.6962079485,-38131.55620794848,38131.55620794848
44,2010-06-25,288247.24,0,train,286019.2700986628,2227.969901337172,2227.969901337172
45,2010-06-25,792299.15,0,train,792552.6513990737,-253.50139907363337,253.50139907363337
1,2010-07-02,1492418.14,0,train,1516194.102290888,-23775.962290888187,23775.962290888187
2,2010-07-02,2003940.64,0,train,1931015.6200151567,72925.01998484321,72925.01998484321
3,2010-07-02,381151.72,0,train,393429.89112774795,-12278.171127747977,12278.171127747977
4,2010-07-02,1881337.21,0,train,2009005.9458120433,-127668.7358120433,127668.7358120433
5,2010-07-02,305993.27,0,train,313191.11712056294,-7197.847120562918,7197.847120562918
6,2010-07-02,1759777.25,0,train,1558689.1877948379,201088.06220516213,201088.06220516213
7,2010-07-02,575570.77,0,train,581415.7415492081,-5844.971549208043,5844.971549208043
8,2010-07-02,852333.75,0,train,900014.3819552051,-47680.63195520511,47680.63195520511
9,2010-07-02,528832.54,0,train,525539.4816140854,3293.0583859146573,3293.0583859146573
10,2010-07-02,1845893.87,0,train,1926866.9795154375,-80973.10951543739,80973.10951543739
11,2010-07-02,1302600.14,0,train,1341504.2267309427,-38904.08673094283,38904.08673094283
12,2010-07-02,951957.31,0,train,1025182.3470533482,-73225.03705334815,73225.03705334815
13,2010-07-02,2018314.71,0,train,1996752.4594794086,21562.25052059139,21562.25052059139
14,2010-07-02,2334788.42,0,train,2123776.092304468,211012.32769553177,211012.32769553177
15,2010-07-02,709337.11,0,train,645773.2383340013,63563.87166599871,63563.87166599871
16,2010-07-02,610641.42,0,train,537249.9869115212,73391.43308847887,73391.43308847887
17,2010-07-02,958875.37,0,train,901985.1273878609,56890.24261213909,56890.24261213909
18,2010-07-02,1257928.35,0,train,1107809.450160658,150118.8998393421,150118.8998393421
19,2010-07-02,1549018.68,0,train,1469071.2457301756,79947.4342698243,79947.4342698243
20,2010-07-02,2143676.77,0,train,2091006.995611478,52669.77438852191,52669.77438852191
21,2010-07-02,711470.8,0,train,776534.4498507886,-65063.649850788526,65063.649850788526
22,2010-07-02,1120259.71,0,train,1046726.9474056804,73532.76259431953,73532.76259431953
23,2010-07-02,1549113.18,0,train,1381421.9804348224,167691.19956517755,167691.19956517755
24,2010-07-02,1563387.94,0,train,1379707.3586981946,183680.58130180533,183680.58130180533
25,2010-07-02,759407.87,0,train,712908.2771332418,46499.592866758234,46499.592866758234
26,2010-07-02,1078455.48,0,train,1002053.1698237258,76402.31017627416,76402.31017627416
27,2010-07-02,2024554.1,0,train,1836715.5909111938,187838.50908880634,187838.50908880634
28,2010-07-02,1399960.15,0,train,1361330.6651709955,38629.48482900439,38629.48482900439
29,2010-07-02,581473.55,0,train,558964.4561154186,22509.093884581467,22509.093884581467
30,2010-07-02,450337.47,0,train,449807.2633802006,530.20661979937,530.20661979937
31,2010-07-02,1311704.92,0,train,1388353.465380201,-76648.54538020119,76648.54538020119
32,2010-07-02,1187988.64,0,train,1174565.9732385937,13422.666761406232,13422.666761406232
33,2010-07-02,267495.76,0,train,282613.22006381536,-15117.46006381535,15117.46006381535
34,2010-07-02,919229.36,0,train,973519.4042713165,-54290.044271316496,54290.044271316496
35,2010-07-02,1245827.08,0,train,991880.4994910534,253946.58050894667,253946.58050894667
36,2010-07-02,434252.15,0,train,417042.8890936227,17209.26090637734,17209.26090637734
37,2010-07-02,498292.53,0,train,517370.9403461193,-19078.410346119257,19078.410346119257
38,2010-07-02,361181.48,0,train,390783.6598768777,-29602.179876877693,29602.179876877693
39,2010-07-02,1352547.7,0,train,1376518.496488139,-23970.79648813908,23970.79648813908
40,2010-07-02,1087578.78,0,train,970042.7932534809,117535.9867465191,117535.9867465191
41,2010-07-02,1273279.79,0,train,1245617.0087335964,27662.781266403617,27662.781266403617
42,2010-07-02,507168.8,0,train,565950.1724566149,-58781.37245661492,58781.37245661492
43,2010-07-02,667353.79,0,train,650429.9813454996,16923.808654500404,16923.808654500404
44,2010-07-02,300628.19,0,train,325819.55453839747,-25191.364538397465,25191.364538397465
45,2010-07-02,800147.84,0,train,804970.0581868219,-4822.218186821905,4822.218186821905
1,2010-07-09,1546074.18,0,train,1496020.2491913587,50053.93080864125,50053.93080864125
2,2010-07-09,1880902.62,0,train,1911628.5158648405,-30725.895864840364,30725.895864840364
3,2010-07-09,349214.18,0,train,373176.97701521334,-23962.79701521335,23962.79701521335
4,2010-07-09,1812208.22,0,train,2009268.3974079657,-197060.17740796576,197060.17740796576
5,2010-07-09,291808.87,0,train,293909.82799344754,-2100.957993447548,2100.957993447548
6,2010-07-09,1690317.99,0,train,1541362.1227853205,148955.86721467949,148955.86721467949
7,2010-07-09,593462.34,0,train,554280.3158615937,39182.02413840627,39182.02413840627
8,2010-07-09,845289.77,0,train,874606.712653028,-29316.942653027945,29316.942653027945
9,2010-07-09,485389.15,0,train,506433.5138836559,-21044.363883655868,21044.363883655868
10,2010-07-09,1769793.37,0,train,1908692.9161822824,-138899.54618228227,138899.54618228227
11,2010-07-09,1280156.47,0,train,1322287.801758783,-42131.331758782966,42131.331758782966
12,2010-07-09,943506.28,0,train,1003130.9795877219,-59624.69958772184,59624.69958772184
13,2010-07-09,1870843.9,0,train,1957977.0080775195,-87133.10807751957,87133.10807751957
14,2010-07-09,2236209.13,0,train,2121611.7756154616,114597.35438453825,114597.35438453825
15,2010-07-09,691497.62,0,train,659196.2397534323,32301.380246567656,32301.380246567656
16,2010-07-09,614253.33,0,train,511963.433744575,102289.89625542494,102289.89625542494
17,2010-07-09,836915.92,0,train,865786.8922269036,-28870.97222690354,28870.97222690354
18,2010-07-09,1171391.41,0,train,1114077.3211420663,57314.088857933646,57314.088857933646
19,2010-07-09,1577541.24,0,train,1484651.2650903864,92889.97490961361,92889.97490961361
20,2010-07-09,2107285.85,0,train,2094663.2928396137,12622.55716038635,12622.55716038635
21,2010-07-09,714677.47,0,train,755830.7243599963,-41153.254359996296,41153.254359996296
22,2010-07-09,1092654.26,0,train,1046858.4732574382,45795.786742561846,45795.786742561846
23,2010-07-09,1417535.78,0,train,1398530.9675601502,19004.812439849833,19004.812439849833
24,2010-07-09,1665502.55,0,train,1383970.037174314,281532.512825686,281532.512825686
25,2010-07-09,719591.13,0,train,718889.6716222183,701.4583777816733,701.4583777816733
26,2010-07-09,1122356.53,0,train,1018545.8661088308,103810.66389116924,103810.66389116924
27,2010-07-09,2119163.01,0,train,1836802.8496583714,282360.16034162836,282360.16034162836
28,2010-07-09,1340293.87,0,train,1339279.297705369,1014.5722946310416,1014.5722946310416
29,2010-07-09,563449.43,0,train,559097.4319146089,4351.998085391126,4351.998085391126
30,2010-07-09,436293.4,0,train,429103.5378894083,7189.862110591726,7189.862110591726
31,2010-07-09,1315118.4,0,train,1367649.739889409,-52531.33988940902,52531.33988940902
32,2010-07-09,1077253.67,0,train,1136561.4181870497,-59307.74818704976,59307.74818704976
33,2010-07-09,302423.93,0,train,264663.26249074086,37760.66750925913,37760.66750925913
34,2010-07-09,911210.81,0,train,958794.7831618207,-47583.97316182067,47583.97316182067
35,2010-07-09,1268766.76,0,train,991823.5807694838,276943.1792305162,276943.1792305162
36,2010-07-09,471713.59,0,train,398387.16854177264,73326.42145822739,73326.42145822739
37,2010-07-09,502456.04,0,train,498102.4655520938,4353.574447906169,4353.574447906169
38,2010-07-09,343850.34,0,train,368732.29241125134,-24881.952411251317,24881.952411251317
39,2010-07-09,1330473.47,0,train,1356857.8366139717,-26384.366613971768,26384.366613971768
40,2010-07-09,1058250.91,0,train,983790.1939775933,74460.71602240659,74460.71602240659
41,2010-07-09,1176079.59,0,train,1204054.7747407663,-27975.184740766184,27975.184740766184
42,2010-07-09,570069.48,0,train,547776.1091234596,22293.37087654043,22293.37087654043
43,2010-07-09,718748.33,0,train,635301.582677291,83446.74732270895,83446.74732270895
44,2010-07-09,280472.78,0,train,287044.1031365084,-6571.323136508348,6571.323136508348
45,2010-07-09,787062.0,0,train,802805.7414978154,-15743.741497815354,15743.741497815354
1,2010-07-16,1448938.92,0,train,1487866.6835205054,-38927.76352050551,38927.76352050551
2,2010-07-16,1845879.79,0,train,1903643.4884651727,-57763.69846517267,57763.69846517267
3,2010-07-16,352728.78,0,train,364738.8328376935,-12010.052837693482,12010.052837693482
4,2010-07-16,1898427.66,0,train,1988675.037894152,-90247.37789415219,90247.37789415219
5,2010-07-16,280701.7,0,train,286231.74219951034,-5530.042199510324,5530.042199510324
6,2010-07-16,1560120.8,0,train,1533626.7167368156,26494.08326318441,26494.08326318441
7,2010-07-16,557166.35,0,train,551121.6122036332,6044.737796366797,6044.737796366797
8,2010-07-16,848630.57,0,train,872975.718783158,-24345.148783158045,24345.148783158045
9,2010-07-16,474030.51,0,train,503177.50712014677,-29146.997120146756,29146.997120146756
10,2010-07-16,1828052.47,0,train,1891281.9671589825,-63229.49715898256,63229.49715898256
11,2010-07-16,1290609.54,0,train,1311944.7586205744,-21335.218620574335,21335.218620574335
12,2010-07-16,916402.76,0,train,1007073.4726145162,-90670.71261451615,90670.71261451615
13,2010-07-16,1932231.05,0,train,1960758.8165680254,-28527.76656802534,28527.76656802534
14,2010-07-16,2130287.27,0,train,2093446.2142485254,36841.055751474574,36841.055751474574
15,2010-07-16,633203.69,0,train,631532.2835300524,1671.406469947542,1671.406469947542
16,2010-07-16,586583.69,0,train,513566.97748833604,73016.7125116639,73016.7125116639
17,2010-07-16,876591.41,0,train,859576.4570941585,17014.95290584152,17014.95290584152
18,2010-07-16,1115514.61,0,train,1090927.4131187971,24587.19688120298,24587.19688120298
19,2010-07-16,1412157.02,0,train,1459452.4722278977,-47295.45222789771,47295.45222789771
20,2010-07-16,2031852.16,0,train,2071103.7662441852,-39251.60624418524,39251.60624418524
21,2010-07-16,755098.41,0,train,751235.2965815542,3863.113418445806,3863.113418445806
22,2010-07-16,988392.99,0,train,1023517.8304388128,-35124.840438812855,35124.840438812855
23,2010-07-16,1413124.11,0,train,1374344.570396506,38779.53960349411,38779.53960349411
24,2010-07-16,1418697.05,0,train,1361936.7381729698,56760.311827030266,56760.311827030266
25,2010-07-16,726997.84,0,train,698523.6521079439,28474.18789205607,28474.18789205607
26,2010-07-16,1028151.72,0,train,993799.2045449842,34352.51545501582,34352.51545501582
27,2010-07-16,1880691.64,0,train,1809340.3437197774,71351.29628022248,71351.29628022248
28,2010-07-16,1225336.41,0,train,1343221.7907321635,-117885.38073216355,117885.38073216355
29,2010-07-16,512292.01,0,train,535751.4313512688,-23459.42135126877,23459.42135126877
30,2010-07-16,438068.71,0,train,424508.110110966,13560.599889033998,13560.599889033998
31,2010-07-16,1335433.72,0,train,1363054.3121109665,-27620.592110966565,27620.592110966565
32,2010-07-16,1120172.24,0,train,1145896.610653606,-25724.37065360602,25724.37065360602
33,2010-07-16,280937.84,0,train,257028.92725097598,23908.91274902405,23908.91274902405
34,2010-07-16,930269.79,0,train,953188.4963534252,-22918.706353425165,22918.706353425165
35,2010-07-16,1124414.87,0,train,964252.9417293293,160161.92827067082,160161.92827067082
36,2010-07-16,466962.04,0,train,389713.8895482421,77248.15045175789,77248.15045175789
37,2010-07-16,485150.01,0,train,490005.896433552,-4855.886433552019,4855.886433552019
38,2010-07-16,338277.71,0,train,372674.7854380456,-34397.075438045606,34397.075438045606
39,2010-07-16,1339811.68,0,train,1348957.360035501,-9145.68003550102,9145.68003550102
40,2010-07-16,959229.09,0,train,961844.8544147596,-2615.7644147595856,2615.7644147595856
41,2010-07-16,1179788.38,0,train,1211933.279766796,-32144.899766796036,32144.899766796036
42,2010-07-16,558837.27,0,train,530365.1601001597,28472.109899840318,28472.109899840318
43,2010-07-16,696844.36,0,train,627096.7859344017,69747.57406559831,69747.57406559831
44,2010-07-16,297099.95,0,train,289825.91162701417,7274.038372985844,7274.038372985844
45,2010-07-16,723708.99,0,train,774640.1801308792,-50931.19013087917,50931.19013087917
1,2010-07-23,1385065.2,0,train,1476407.277283495,-91342.0772834951,91342.0772834951
2,2010-07-23,1781717.71,0,train,1898148.7977549438,-116431.08775494387,116431.08775494387
3,2010-07-23,352864.49,0,train,349910.1655253578,2954.3244746421697,2954.3244746421697
4,2010-07-23,1848426.78,0,train,1979568.533514821,-131141.75351482094,131141.75351482094
5,2010-07-23,274742.63,0,train,273291.042877326,1451.5871226739837,1451.5871226739837
6,2010-07-23,1585240.92,0,train,1522008.5558931218,63232.36410687817,63232.36410687817
7,2010-07-23,570231.21,0,train,546325.6888445776,23905.52115542232,23905.52115542232
8,2010-07-23,785515.88,0,train,863189.7159902992,-77673.83599029924,77673.83599029924
9,2010-07-23,462676.5,0,train,495521.63330428035,-32845.133304280345,32845.133304280345
10,2010-07-23,1831676.03,0,train,1874668.0234330036,-42991.99343300355,42991.99343300355
11,2010-07-23,1244390.03,0,train,1298992.977048917,-54602.94704891695,54602.94704891695
12,2010-07-23,912403.67,0,train,1001153.2105300289,-88749.54053002887,88749.54053002887
13,2010-07-23,1907351.2,0,train,1961241.2477597678,-53890.047759767855,53890.047759767855
14,2010-07-23,2044155.39,0,train,2091427.6175145204,-47272.22751452052,47272.22751452052
15,2010-07-23,598553.43,0,train,620145.8774031566,-21592.447403156548,21592.447403156548
16,2010-07-23,588344.18,0,train,510283.7680098275,78060.41199017258,78060.41199017258
17,2010-07-23,893504.87,0,train,858714.2537254147,34790.61627458525,34790.61627458525
18,2010-07-23,1032908.23,0,train,1075062.8115687608,-42154.5815687608,42154.5815687608
19,2010-07-23,1372043.71,0,train,1447253.6827207082,-75209.97272070823,75209.97272070823
20,2010-07-23,1900535.9,0,train,2066422.4330502902,-165886.5330502903,165886.5330502903
21,2010-07-23,765823.48,0,train,743555.5747105354,22267.90528946463,22267.90528946463
22,2010-07-23,974123.2,0,train,1012710.0448156395,-38586.844815639546,38586.844815639546
23,2010-07-23,1333634.45,0,train,1351336.5977438872,-17702.147743887268,17702.147743887268
24,2010-07-23,1333740.35,0,train,1345900.1375243927,-12159.787524392596,12159.787524392596
25,2010-07-23,665290.93,0,train,691965.4331733707,-26674.503173370613,26674.503173370613
26,2010-07-23,971615.62,0,train,974937.1884538643,-3321.568453864311,3321.568453864311
27,2010-07-23,1808250.71,0,train,1806176.2473808888,2074.4626191111747,2074.4626191111747
28,2010-07-23,1205884.98,0,train,1337301.528647676,-131416.54864767613,131416.54864767613
29,2010-07-23,506502.09,0,train,524929.2094030555,-18427.11940305546,18427.11940305546
30,2010-07-23,440491.33,0,train,416828.3882399474,23662.941760052636,23662.941760052636
31,2010-07-23,1276031.84,0,train,1355374.590239948,-79342.75023994781,79342.75023994781
32,2010-07-23,1109574.11,0,train,1132808.7741715529,-23234.66417155275,23234.66417155275
33,2010-07-23,252734.31,0,train,241143.32724526,11590.982754739991,11590.982754739991
34,2010-07-23,902050.95,0,train,943521.7275738918,-41470.7775738918,41470.7775738918
35,2010-07-23,1121756.43,0,train,960980.7122888803,160775.71771111968,160775.71771111968
36,2010-07-23,452021.2,0,train,372385.93369390734,79635.26630609267,79635.26630609267
37,2010-07-23,491998.12,0,train,472822.1180479644,19176.001952035585,19176.001952035585
38,2010-07-23,328336.85,0,train,366754.5233535584,-38417.673353558406,38417.673353558406
39,2010-07-23,1314651.83,0,train,1332249.8063900855,-17597.976390085416,17597.976390085416
40,2010-07-23,922341.82,0,train,942422.5739234372,-20080.75392343721,20080.75392343721
41,2010-07-23,1192213.87,0,train,1205064.378126991,-12850.50812699087,12850.50812699087
42,2010-07-23,491115.86,0,train,513751.21637418086,-22635.356374180876,22635.356374180876
43,2010-07-23,649035.55,0,train,621788.7020389119,27246.847961088177,27246.847961088177
44,2010-07-23,292680.16,0,train,290308.3428187565,2371.817181243503,2371.817181243503
45,2010-07-23,714601.11,0,train,772621.583396874,-58020.47339687403,58020.47339687403
1,2010-07-30,1371986.6,0,train,1464703.2568422467,-92716.65684224665,92716.65684224665
2,2010-07-30,1804246.16,0,train,1879019.1736756358,-74773.01367563591,74773.01367563591
3,2010-07-30,347955.05,0,train,338898.8009102524,9056.24908974761,9056.24908974761
4,2010-07-30,1796637.61,0,train,1974139.2662299082,-177501.6562299081,177501.6562299081
5,2010-07-30,268929.03,0,train,262486.85255452583,6442.177445474197,6442.177445474197
6,2010-07-30,1532308.78,0,train,1507484.524446989,24824.255553011084,24824.255553011084
7,2010-07-30,603547.16,0,train,541832.3152145307,61714.84478546935,61714.84478546935
8,2010-07-30,787295.09,0,train,849405.3270146066,-62110.237014606595,62110.237014606595
9,2010-07-30,468675.19,0,train,475043.2094996285,-6368.019499628514,6368.019499628514
10,2010-07-30,1832664.03,0,train,1852315.1310478603,-19651.101047860226,19651.101047860226
11,2010-07-30,1250178.89,0,train,1287897.5727737811,-37718.68277378124,37718.68277378124
12,2010-07-30,913548.25,0,train,980200.9791453922,-66652.7291453922,66652.7291453922
13,2010-07-30,1817887.23,0,train,1942536.676017452,-124649.44601745205,124649.44601745205
14,2010-07-30,2054843.28,0,train,2078262.577355753,-23419.297355752904,23419.297355752904
15,2010-07-30,619224.06,0,train,607993.7909538593,11230.269046140718,11230.269046140718
16,2010-07-30,562633.67,0,train,501896.55679837277,60737.113201627275,60737.113201627275
17,2010-07-30,833517.19,0,train,850178.4808467753,-16661.290846775402,16661.290846775402
18,2010-07-30,1078557.62,0,train,1066384.3644007195,12173.255599280586,12173.255599280586
19,2010-07-30,1366395.96,0,train,1433168.684090712,-66772.72409071214,66772.72409071214
20,2010-07-30,1955896.59,0,train,2053311.9392698542,-97415.34926985414,97415.34926985414
21,2010-07-30,715876.27,0,train,726078.7306118248,-10202.460611824761,10202.460611824761
22,2010-07-30,970773.64,0,train,1002253.1873947512,-31479.547394751222,31479.547394751222
23,2010-07-30,1319773.55,0,train,1341061.3970352686,-21287.847035268554,21287.847035268554
24,2010-07-30,1387517.63,0,train,1338790.4306769185,48727.19932308141,48727.19932308141
25,2010-07-30,682124.34,0,train,674204.7448712534,7919.595128746587,7919.595128746587
26,2010-07-30,1005324.28,0,train,961524.5071041114,43799.77289588866,43799.77289588866
27,2010-07-30,1816489.53,0,train,1792301.7771187648,24187.75288123521,24187.75288123521
28,2010-07-30,1150204.71,0,train,1316349.2972630395,-166144.58726303955,166144.58726303955
29,2010-07-30,509872.77,0,train,514457.91615436587,-4585.1461543658515,4585.1461543658515
30,2010-07-30,437893.76,0,train,399351.5441412368,38542.2158587632,38542.2158587632
31,2010-07-30,1231993.14,0,train,1337897.7461412372,-105904.60614123731,105904.60614123731
32,2010-07-30,1065350.56,0,train,1124113.4175399868,-58762.857539986726,58762.857539986726
33,2010-07-30,242047.03,0,train,216213.21861918527,25833.811380814732,25833.811380814732
34,2010-07-30,875976.83,0,train,915009.5670006338,-39032.737000633846,39032.737000633846
35,2010-07-30,1139131.78,0,train,947178.3307611301,191953.44923886994,191953.44923886994
36,2010-07-30,432451.91,0,train,363922.53786818834,68529.37213181163,68529.37213181163
37,2010-07-30,487912.95,0,train,463349.4799410149,24563.470058985113,24563.470058985113
38,2010-07-30,336378.38,0,train,345802.2919689218,-9423.911968921777,9423.911968921777
39,2010-07-30,1308222.24,0,train,1321404.5205026395,-13182.280502639478,13182.280502639478
40,2010-07-30,953393.02,0,train,932287.439314869,21105.58068513102,21105.58068513102
41,2010-07-30,1211136.63,0,train,1194604.1886347868,16532.441365213133,16532.441365213133
42,2010-07-30,469598.57,0,train,491398.3239890378,-21799.753989037767,21799.753989037767
43,2010-07-30,622112.23,0,train,595198.0757115784,26914.154288421618,26914.154288421618
44,2010-07-30,275020.96,0,train,271603.7710764408,3417.18892355921,3417.18892355921
45,2010-07-30,716859.27,0,train,759456.5432381068,-42597.27323810675,42597.27323810675
1,2010-08-06,1605491.78,0,train,1521859.2942168114,83632.4857831886,83632.4857831886
2,2010-08-06,1991909.98,0,train,1938190.0625555539,53719.917444446124,53719.917444446124
3,2010-08-06,402635.76,0,train,389828.22876845836,12807.531231541652,12807.531231541652
4,2010-08-06,1907638.58,0,train,2004042.1521871663,-96403.5721871662,96403.5721871662
5,2010-08-06,303043.02,0,train,314940.0760455128,-11897.056045512785,11897.056045512785
6,2010-08-06,1633241.59,0,train,1564425.7807748497,68815.80922515038,68815.80922515038
7,2010-08-06,643854.17,0,train,572448.3301980889,71405.83980191115,71405.83980191115
8,2010-08-06,893399.77,0,train,903864.7055117426,-10464.935511742602,10464.935511742602
9,2010-08-06,522815.45,0,train,537655.5587786959,-14840.108778695867,14840.108778695867
10,2010-08-06,1949236.09,0,train,1901162.1305441246,48073.95945587545,48073.95945587545
11,2010-08-06,1369634.92,0,train,1339359.2518121798,30275.66818782012,30275.66818782012
12,2010-08-06,967576.95,0,train,1016554.0825171397,-48977.13251713978,48977.13251713978
13,2010-08-06,1969121.45,0,train,1991104.7808290645,-21983.330829064595,21983.330829064595
14,2010-08-06,2219813.5,0,train,2113561.009515267,106252.49048473313,106252.49048473313
15,2010-08-06,639651.24,0,train,652333.2106358325,-12681.97063583252,12681.97063583252
16,2010-08-06,586936.45,0,train,535537.9995430249,51398.45045697503,51398.45045697503
17,2010-08-06,795301.17,0,train,893900.2985966357,-98599.12859663565,98599.12859663565
18,2010-08-06,1166117.85,0,train,1102575.6652480091,63542.18475199095,63542.18475199095
19,2010-08-06,1492060.89,0,train,1479497.0423934045,12563.847606595373,12563.847606595373
20,2010-08-06,1910177.38,0,train,2091998.490491666,-181821.110491666,181821.110491666
21,2010-08-06,739279.19,0,train,787126.5052324212,-47847.31523242127,47847.31523242127
22,2010-08-06,1010326.14,0,train,1038851.1096472229,-28524.969647222897,28524.969647222897
23,2010-08-06,1417013.07,0,train,1384087.9235650294,32925.146434970666,32925.146434970666
24,2010-08-06,1442819.28,0,train,1377443.1666968358,65376.11330316425,65376.11330316425
25,2010-08-06,699464.43,0,train,716420.9618143409,-16956.53181434085,16956.53181434085
26,2010-08-06,1125329.77,0,train,1001245.4736726772,124084.29632732284,124084.29632732284
27,2010-08-06,1908036.68,0,train,1828279.6803427502,79756.99965724978,79756.99965724978
28,2010-08-06,1523101.38,0,train,1352702.400634787,170398.97936521284,170398.97936521284
29,2010-08-06,519787.93,0,train,551041.4020817975,-31253.47208179749,31253.47208179749
30,2010-08-06,441407.06,0,train,460399.31876183324,-18992.258761833247,18992.258761833247
31,2010-08-06,1352401.08,0,train,1398945.5207618338,-46544.440761833685,46544.440761833685
32,2010-08-06,1144552.09,0,train,1159491.6799252667,-14939.58992526657,14939.58992526657
33,2010-08-06,262789.95,0,train,261418.4995141331,1371.4504858669243,1371.4504858669243
34,2010-08-06,987435.35,0,train,960908.0015836743,26527.348416325636,26527.348416325636
35,2010-08-06,1180183.39,0,train,982903.9234148077,197279.46658519225,197279.46658519225
36,2010-08-06,467442.94,0,train,415701.929479521,51741.010520479,51741.010520479
37,2010-08-06,508576.62,0,train,515705.5814273364,-7128.961427336384,7128.961427336384
38,2010-08-06,378574.44,0,train,382155.3953406692,-3580.9553406691994,3580.9553406691994
39,2010-08-06,1409989.67,0,train,1374657.0450292854,35332.62497071456,35332.62497071456
40,2010-08-06,1057295.87,0,train,968282.647622088,89013.22237791214,89013.22237791214
41,2010-08-06,1338132.72,0,train,1235052.8438419,103079.87615810009,103079.87615810009
42,2010-08-06,579544.21,0,train,540245.323485302,39298.88651469792,39298.88651469792
43,2010-08-06,698536.06,0,train,651025.9056849596,47510.15431504045,47510.15431504045
44,2010-08-06,296804.49,0,train,320171.8758880532,-23367.38588805322,23367.38588805322
45,2010-08-06,746517.32,0,train,794754.9753976206,-48237.655397620634,48237.655397620634
1,2010-08-13,1508237.76,0,train,1521328.3811591596,-13090.621159159578,13090.621159159578
2,2010-08-13,1895601.05,0,train,1936760.625127725,-41159.575127725024,41159.575127725024
3,2010-08-13,339597.38,0,train,394275.9937012603,-54678.6137012603,54678.6137012603
4,2010-08-13,2007050.75,0,train,2007272.4499544431,-221.69995444314554,221.69995444314554
5,2010-08-13,286477.35,0,train,318530.5134074738,-32053.163407473825,32053.163407473825
6,2010-08-13,1547654.98,0,train,1564968.6937964826,-17313.713796482654,17313.713796482654
7,2010-08-13,598185.4,0,train,566950.3438971712,31235.05610282882,31235.05610282882
8,2010-08-13,867919.21,0,train,903074.2827230662,-35155.0727230662,35155.0727230662
9,2010-08-13,481897.98,0,train,536922.287183501,-55024.30718350096,55024.30718350096
10,2010-08-13,1962996.7,0,train,1901567.4840234425,61429.21597655746,61429.21597655746
11,2010-08-13,1384339.1,0,train,1342630.4615045562,41708.638495443854,41708.638495443854
12,2010-08-13,928264.4,0,train,998009.5024187218,-69745.10241872177,69745.10241872177
13,2010-08-13,1877592.55,0,train,1971487.667223085,-93895.1172230849,93895.1172230849
14,2010-08-13,2052984.81,0,train,2115230.2026435966,-62245.39264359651,62245.39264359651
15,2010-08-13,622437.08,0,train,647146.6039809457,-24709.523980945698,24709.523980945698
16,2010-08-13,543757.97,0,train,524605.4485601424,19152.521439857548,19152.521439857548
17,2010-08-13,759995.18,0,train,876944.4408916184,-116949.26089161832,116949.26089161832
18,2010-08-13,1084722.78,0,train,1101664.0882800976,-16941.308280097554,16941.308280097554
19,2010-08-13,1418027.08,0,train,1471621.1666175453,-53594.086617545225,53594.086617545225
20,2010-08-13,2071022.45,0,train,2094226.4674612703,-23204.017461270327,23204.017461270327
21,2010-08-13,793589.18,0,train,785220.8430644204,8368.33693557966,8368.33693557966
22,2010-08-13,993097.43,0,train,1037561.7829297323,-44464.3529297323,44464.3529297323
23,2010-08-13,1346345.97,0,train,1374436.221953958,-28090.251953958068,28090.251953958068
24,2010-08-13,1384243.75,0,train,1372704.7715621109,11538.978437889135,11538.978437889135
25,2010-08-13,686072.39,0,train,717332.3174434695,-31259.927443469525,31259.927443469525
26,2010-08-13,1011938.29,0,train,995095.4245628717,16842.86543712835,16842.86543712835
27,2010-08-13,1864436.12,0,train,1824340.0906988718,40096.02930112835,40096.02930112835
28,2010-08-13,1218688.09,0,train,1334157.820536369,-115469.73053636891,115469.73053636891
29,2010-08-13,495269.0,0,train,549737.640033744,-54468.64003374404,54468.64003374404
30,2010-08-13,444160.07,0,train,458493.6565938323,-14333.586593832297,14333.586593832297
31,2010-08-13,1327719.34,0,train,1397039.8585938327,-69320.51859383262,69320.51859383262
32,2010-08-13,1157975.68,0,train,1164050.4396079849,-6074.759607984917,6074.759607984917
33,2010-08-13,265367.51,0,train,264120.9370342811,1246.5729657189222,1246.5729657189222
34,2010-08-13,951208.65,0,train,967976.110492339,-16767.460492338985,16767.460492338985
35,2010-08-13,1090587.5,0,train,980406.1084584015,110181.39154159848,110181.39154159848
36,2010-08-13,470436.8,0,train,417422.5719219792,53014.228078020795,53014.228078020795
37,2010-08-13,491815.83,0,train,517209.95766667376,-25394.12766667374,25394.12766667374
38,2010-08-13,341400.72,0,train,363610.81524225126,-22210.095242251293,22210.095242251293
39,2010-08-13,1371465.66,0,train,1376637.6460087947,-5171.986008794745,5171.986008794745
40,2010-08-13,924011.76,0,train,961180.149031938,-37168.389031938044,37168.389031938044
41,2010-08-13,1285976.53,0,train,1236838.2947436152,49138.235256384825,49138.235256384825
42,2010-08-13,583079.97,0,train,540650.6769646199,42429.29303538008,42429.29303538008
43,2010-08-13,713479.91,0,train,655497.7724511744,57982.13754882559,57982.13754882559
44,2010-08-13,291028.09,0,train,300554.76228207385,-9526.672282073821,9526.672282073821
45,2010-08-13,722262.21,0,train,796424.1685259503,-74161.95852595032,74161.95852595032
1,2010-08-20,1513080.49,0,train,1519240.5718901348,-6160.081890134839,6160.081890134839
2,2010-08-20,1964335.23,0,train,1934675.6754772482,29659.55452275183,29659.55452275183
3,2010-08-20,351728.21,0,train,396726.65554103267,-44998.44554103265,44998.44554103265
4,2010-08-20,1997181.09,0,train,2008544.3093148288,-11363.219314828748,11363.219314828748
5,2010-08-20,287205.38,0,train,318258.92569572374,-31053.545695723733,31053.545695723733
6,2010-08-20,1539930.5,0,train,1565333.3563731657,-25402.856373165734,25402.856373165734
7,2010-08-20,582353.17,0,train,566010.6310341523,16342.538965847692,16342.538965847692
8,2010-08-20,870676.44,0,train,899837.873552,-29161.43355200009,29161.43355200009
9,2010-08-20,499325.38,0,train,534244.6119125695,-34919.23191256949,34919.23191256949
10,2010-08-20,1983190.56,0,train,1905653.1910811472,77537.36891885288,77537.36891885288
11,2010-08-20,1430192.37,0,train,1344857.0175842475,85335.3524157526,85335.3524157526
12,2010-08-20,948447.34,0,train,1010148.0004702227,-61700.660470222705,61700.660470222705
13,2010-08-20,1997397.63,0,train,1976050.1737916116,21347.45620838832,21347.45620838832
14,2010-08-20,2057138.31,0,train,2107536.623948154,-50398.313948153984,50398.313948153984
15,2010-08-20,637090.44,0,train,644027.1262464687,-6936.686246468802,6936.686246468802
16,2010-08-20,521516.96,0,train,524282.02653734636,-2765.0665373463416,2765.0665373463416
17,2010-08-20,783929.7,0,train,882795.5555806105,-98865.85558061057,98865.85558061057
18,2010-08-20,1141860.67,0,train,1094590.635155496,47270.03484450397,47270.03484450397
19,2010-08-20,1419383.19,0,train,1470126.4556436557,-50743.26564365579,50743.26564365579
20,2010-08-20,1975374.56,0,train,2091420.1614871891,-116045.60148718907,116045.60148718907
21,2010-08-20,848873.28,0,train,783920.263574227,64953.016425773036,64953.016425773036
22,2010-08-20,1017045.44,0,train,1032983.9125230785,-15938.472523078555,15938.472523078555
23,2010-08-20,1439901.05,0,train,1377587.594133053,62313.45586694707,62313.45586694707
24,2010-08-20,1375307.54,0,train,1366980.0643666922,8327.475633307826,8327.475633307826
25,2010-08-20,724499.81,0,train,713741.6413091049,10758.168690895196,10758.168690895196
26,2010-08-20,1007385.36,0,train,997910.638101845,9474.721898154938,9474.721898154938
27,2010-08-20,1936878.46,0,train,1818057.525240297,118820.934759703,118820.934759703
28,2010-08-20,1195897.6,0,train,1346296.3185878699,-150398.71858786978,150398.71858786978
29,2010-08-20,531640.19,0,train,545157.3634900438,-13517.173490043846,13517.173490043846
30,2010-08-20,447139.8,0,train,457193.0771036389,-10053.277103638917,10053.277103638917
31,2010-08-20,1376571.21,0,train,1395739.2791036395,-19168.069103639573,19168.069103639573
32,2010-08-20,1189887.86,0,train,1154790.800401958,35097.059598042164,35097.059598042164
33,2010-08-20,230519.49,0,train,266469.82445135806,-35950.33445135807,35950.33445135807
34,2010-08-20,985152.94,0,train,966390.6214116918,18762.318588308175,18762.318588308175
35,2010-08-20,1033719.5,0,train,973546.8331248376,60172.666875162395,60172.666875162395
36,2010-08-20,437949.9,0,train,414443.46006920654,23506.43993079348,23506.43993079348
37,2010-08-20,486930.72,0,train,514663.37822014274,-27732.658220142766,27732.658220142766
38,2010-08-20,329139.73,0,train,375749.31329375214,-46609.58329375216,46609.58329375216
39,2010-08-20,1471816.52,0,train,1375743.8465428613,96072.6734571387,96072.6734571387
40,2010-08-20,932397.0,0,train,959737.3531293721,-27340.353129372117,27340.353129372117
41,2010-08-20,1353838.39,0,train,1226065.9416570417,127772.44834295823,127772.44834295823
42,2010-08-20,500945.63,0,train,544736.3840223246,-43790.754022324574,43790.754022324574
43,2010-08-20,712869.09,0,train,651482.8485069511,61386.241493048845,61386.241493048845
44,2010-08-20,284740.5,0,train,305117.26885060023,-20376.76885060023,20376.76885060023
45,2010-08-20,708568.29,0,train,788730.5898305078,-80162.29983050772,80162.29983050772
1,2010-08-27,1449142.92,0,train,1516690.2533329907,-67547.33333299076,67547.33333299076
2,2010-08-27,1863840.49,0,train,1931708.017741262,-67867.52774126199,67867.52774126199
3,2010-08-27,362134.09,0,train,392916.07105335104,-30781.981053351017,30781.981053351017
4,2010-08-27,1848403.92,0,train,1997764.024865386,-149360.10486538615,149360.10486538615
5,2010-08-27,288519.75,0,train,317860.98733597645,-29341.237335976446,29341.237335976446
6,2010-08-27,1450766.12,0,train,1562154.0544661384,-111387.93446613825,111387.93446613825
7,2010-08-27,554309.24,0,train,563740.1901556782,-9430.950155678205,9430.950155678205
8,2010-08-27,888816.78,0,train,888827.504172933,-10.724172933027148,10.724172933027148
9,2010-08-27,506789.66,0,train,529255.5543356119,-22465.894335611898,22465.894335611898
10,2010-08-27,1727565.42,0,train,1894589.6210139887,-167024.20101398882,167024.20101398882
11,2010-08-27,1311263.07,0,train,1342839.2791772143,-31576.209177214187,31576.209177214187
12,2010-08-27,1004516.46,0,train,1017704.1446373896,-13187.684637389611,13187.684637389611
13,2010-08-27,1908278.27,0,train,1976628.7270936586,-68350.45709365862,68350.45709365862
14,2010-08-27,2020332.07,0,train,2096871.8708655098,-76539.80086550978,76539.80086550978
15,2010-08-27,649791.15,0,train,629539.9649955179,20251.185004482162,20251.185004482162
16,2010-08-27,581010.52,0,train,533468.9926430143,47541.52735698572,47541.52735698572
17,2010-08-27,802583.89,0,train,880628.8133216654,-78044.92332166538,78044.92332166538
18,2010-08-27,1214302.76,0,train,1083873.3076802555,130429.45231974451,130429.45231974451
19,2010-08-27,1557888.16,0,train,1456227.5720129176,101660.58798708231,101660.58798708231
20,2010-08-27,1946369.57,0,train,2080124.0777783887,-133754.50777838868,133754.50777838868
21,2010-08-27,855882.57,0,train,775910.2262364177,79972.34376358229,79972.34376358229
22,2010-08-27,1081420.96,0,train,1023641.6389653807,57779.321034619235,57779.321034619235
23,2010-08-27,1584623.36,0,train,1364937.3544771136,219686.00552288652,219686.00552288652
24,2010-08-27,1350059.35,0,train,1354902.0400366122,-4842.690036612097,4842.690036612097
25,2010-08-27,711461.95,0,train,702921.7823404768,8540.167659523198,8540.167659523198
26,2010-08-27,977322.52,0,train,985120.3323458552,-7797.812345855171,7797.812345855171
27,2010-08-27,1870684.21,0,train,1806878.3300875875,63805.87991241249,63805.87991241249
28,2010-08-27,1191585.92,0,train,1353852.4627550368,-162266.54275503685,162266.54275503685
29,2010-08-27,545766.13,0,train,535812.6837952996,9953.44620470039,9953.44620470039
30,2010-08-27,443810.78,0,train,449183.0397658298,-5372.259765829775,5372.259765829775
31,2010-08-27,1326621.98,0,train,1387729.2417658302,-61107.26176583022,61107.26176583022
32,2010-08-27,1140501.03,0,train,1167955.6437490643,-27454.613749064272,27454.613749064272
33,2010-08-27,224031.19,0,train,262213.4668466607,-38182.27684666071,38182.27684666071
34,2010-08-27,855421.39,0,train,957879.4077830692,-102458.01778306917,102458.01778306917
35,2010-08-27,917693.06,0,train,962511.8154408755,-44818.75544087542,44818.75544087542
36,2010-08-27,412050.73,0,train,413447.4028995668,-1396.6728995668236,1396.6728995668236
37,2010-08-27,512157.25,0,train,513559.18794894253,-1401.9379489425337,1401.9379489425337
38,2010-08-27,322868.56,0,train,383305.45746091916,-60436.897460919165,60436.897460919165
39,2010-08-27,1417515.93,0,train,1373238.9952711547,44276.934728845255,44276.934728845255
40,2010-08-27,922328.02,0,train,949664.3297143646,-27336.309714364586,27336.309714364586
41,2010-08-27,1173131.63,0,train,1241779.9880250695,-68648.35802506958,68648.35802506958
42,2010-08-27,465993.51,0,train,533672.8139551661,-67679.30395516613,67679.30395516613
43,2010-08-27,655284.69,0,train,639133.7004517626,16150.989548237296,16150.989548237296
44,2010-08-27,293155.08,0,train,305695.82215264754,-12540.742152647523,12540.742152647523
45,2010-08-27,721744.33,0,train,778065.8367478636,-56321.506747863605,56321.506747863605
1,2010-09-03,1540163.53,0,train,1453246.190857518,86917.33914248203,86917.33914248203
2,2010-09-03,1904608.09,0,train,1864681.1217285637,39926.9682714364,39926.9682714364
3,2010-09-03,366473.97,0,train,335102.99476983177,31370.975230168202,31370.975230168202
4,2010-09-03,1935857.58,0,train,1952586.7749361694,-16729.19493616931,16729.19493616931
5,2010-09-03,323798.0,0,train,257269.63555815327,66528.36444184673,66528.36444184673
6,2010-09-03,1510925.32,0,train,1499957.8948786994,10967.425121300621,10967.425121300621
7,2010-09-03,532765.05,0,train,493249.6421831775,39515.407816822524,39515.407816822524
8,2010-09-03,899036.47,0,train,840006.2836666437,59030.18633335631,59030.18633335631
9,2010-09-03,511049.06,0,train,472701.1551036978,38347.90489630221,38347.90489630221
10,2010-09-03,1766331.45,0,train,1843144.2034342312,-76812.75343423127,76812.75343423127
11,2010-09-03,1303914.27,0,train,1282869.1849529152,21045.085047084838,21045.085047084838
12,2010-09-03,1075758.55,0,train,937526.2403996506,138232.3096003494,138232.3096003494
13,2010-09-03,1911852.58,0,train,1899785.9287588566,12066.651241143467,12066.651241143467
14,2010-09-03,2182563.66,0,train,2064519.3566796477,118044.30332035245,118044.30332035245
15,2010-09-03,638647.21,0,train,600969.1504631611,37678.059536838904,37678.059536838904
16,2010-09-03,542087.89,0,train,463230.5636506048,78857.32634939521,78857.32634939521
17,2010-09-03,834373.73,0,train,810593.2274493244,23780.502550675534,23780.502550675534
18,2010-09-03,1187359.77,0,train,1055698.4064163042,131661.36358369584,131661.36358369584
19,2010-09-03,1623519.64,0,train,1428189.0086607533,195330.63133924664,195330.63133924664
20,2010-09-03,2121561.41,0,train,2041985.7999872682,79575.61001273198,79575.61001273198
21,2010-09-03,727772.8,0,train,713533.5247454008,14239.275254599284,14239.275254599284
22,2010-09-03,1074535.88,0,train,991239.1476169466,83296.73238305328,83296.73238305328
23,2010-09-03,1405119.23,0,train,1340376.1585944688,64743.07140553114,64743.07140553114
24,2010-09-03,1366381.6,0,train,1321905.1367426552,44476.463257344905,44476.463257344905
25,2010-09-03,685700.08,0,train,662066.2222083737,23633.857791626244,23633.857791626244
26,2010-09-03,1037549.71,0,train,960671.1893432508,76878.52065674914,76878.52065674914
27,2010-09-03,1908110.9,0,train,1778618.0671123883,129492.83288761158,129492.83288761158
28,2010-09-03,1523410.71,0,train,1273674.5585172977,249736.15148270223,249736.15148270223
29,2010-09-03,579272.38,0,train,503407.78630981897,75864.59369018103,75864.59369018103
30,2010-09-03,461548.98,0,train,386806.3382748127,74742.6417251873,74742.6417251873
31,2010-09-03,1302047.48,0,train,1325352.5402748133,-23305.060274813324,23305.060274813324
32,2010-09-03,1095932.51,0,train,1105813.0353395815,-9880.525339581538,9880.525339581538
33,2010-09-03,237405.82,0,train,205193.41848488757,32212.401515112433,32212.401515112433
34,2010-09-03,964356.74,0,train,905306.667771179,59050.072228820994,59050.072228820994
35,2010-09-03,948660.79,0,train,933710.8869578744,14949.903042125632,14949.903042125632
36,2010-09-03,431294.45,0,train,355195.5922246508,76098.85777534923,76098.85777534923
37,2010-09-03,510427.53,0,train,454838.80050059815,55588.729499401874,55588.729499401874
38,2010-09-03,377096.55,0,train,303127.5532231801,73968.99677681987,73968.99677681987
39,2010-09-03,1345167.61,0,train,1314938.8061229624,30228.803877037717,30228.803877037717
40,2010-09-03,976453.34,0,train,920705.0582901298,55748.28170987021,55748.28170987021
41,2010-09-03,1223355.5,0,train,1174847.1189938548,48508.38100614515,48508.38100614515
42,2010-09-03,524658.06,0,train,482227.3963754086,42430.66362459143,42430.66362459143
43,2010-09-03,689326.91,0,train,587264.894848734,102062.01515126601,102062.01515126601
44,2010-09-03,295880.12,0,train,228853.02381784562,67027.09618215438,67027.09618215438
45,2010-09-03,790144.7,0,train,745713.3225620015,44431.377437998424,44431.377437998424
1,2010-09-10,1507460.69,1,train,1457789.9854575344,49670.70454246551,49670.70454246551
2,2010-09-10,1839128.83,1,train,1868611.4846096672,-29482.654609667137,29482.654609667137
3,2010-09-10,352260.97,1,train,337378.0470217075,14882.922978292452,14882.922978292452
4,2010-09-10,1865820.81,1,train,1955371.8490564432,-89551.03905644314,89551.03905644314
5,2010-09-10,306533.08,1,train,257102.57095584646,49430.50904415356,49430.50904415356
6,2010-09-10,1424225.44,1,train,1502107.8737654332,-77882.43376543326,77882.43376543326
7,2010-09-10,535769.32,1,train,502130.54572122486,33638.77427877509,33638.77427877509
8,2010-09-10,831425.2,1,train,846538.9585085147,-15113.75850851473,15113.75850851473
9,2010-09-10,484835.2,1,train,470912.3726052545,13922.827394745487,13922.827394745487
10,2010-09-10,1720530.23,1,train,1851552.7579643799,-131022.52796437987,131022.52796437987
11,2010-09-10,1231428.46,1,train,1286012.6470251048,-54584.18702510488,54584.18702510488
12,2010-09-10,903119.03,1,train,949682.8343465775,-46563.8043465775,46563.8043465775
13,2010-09-10,1772143.94,1,train,1912219.8846687037,-140075.9446687037,140075.9446687037
14,2010-09-10,2191767.76,1,train,2055117.2808527118,136650.47914728802,136650.47914728802
15,2010-09-10,641965.2,1,train,582229.9819044031,59735.21809559688,59735.21809559688
16,2010-09-10,537518.57,1,train,473680.2075092194,63838.362490780535,63838.362490780535
17,2010-09-10,1200888.28,1,train,818517.0549375409,382371.2250624591,382371.2250624591
18,2010-09-10,1011201.12,1,train,1044086.7382559918,-32885.61825599184,32885.61825599184
19,2010-09-10,1591453.39,1,train,1407993.1526614686,183460.2373385313,183460.2373385313
20,2010-09-10,2014954.79,1,train,2024108.6919313397,-9153.901931339642,9153.901931339642
21,2010-09-10,674055.81,1,train,715979.1869659673,-41923.37696596724,41923.37696596724
22,2010-09-10,924174.4,1,train,982655.3128575358,-58480.91285753576,58480.91285753576
23,2010-09-10,1272842.85,1,train,1324926.6792927692,-52083.82929276908,52083.82929276908
24,2010-09-10,1474498.59,1,train,1315491.7849883535,159006.8050116466,159006.8050116466
25,2010-09-10,655811.95,1,train,645449.709052901,10362.240947098937,10362.240947098937
26,2010-09-10,1042226.3,1,train,938470.5240191102,103755.7759808898,103755.7759808898
27,2010-09-10,1913494.81,1,train,1767360.8339361423,146133.9760638578,146133.9760638578
28,2010-09-10,1246062.17,1,train,1285831.1524642247,-39768.9824642248,39768.9824642248
29,2010-09-10,491290.37,1,train,494821.5459106006,-3531.1759106005775,3531.1759106005775
30,2010-09-10,455162.92,1,train,389252.0004953793,65910.91950462066,65910.91950462066
31,2010-09-10,1308179.02,1,train,1327798.2024953798,-19619.18249537982,19619.18249537982
32,2010-09-10,1028635.39,1,train,1113517.3836372034,-84881.99363720336,84881.99363720336
33,2010-09-10,272834.88,1,train,215590.91163575533,57243.968364244676,57243.968364244676
34,2010-09-10,932240.96,1,train,917280.0780547742,14960.88194522576,14960.88194522576
35,2010-09-10,961685.98,1,train,922705.9643519359,38980.01564806409,38980.01564806409
36,2010-09-10,434471.38,1,train,361737.55677342066,72733.82322657935,72733.82322657935
37,2010-09-10,510296.07,1,train,461669.1199868623,48626.95001313771,48626.95001313771
38,2010-09-10,336227.69,1,train,315284.147170107,20943.542829893006,20943.542829893006
39,2010-09-10,1279666.47,1,train,1320424.4910487405,-40758.021048740484,40758.021048740484
40,2010-09-10,967310.82,1,train,910269.9453702428,57040.874629757134,57040.874629757134
41,2010-09-10,1172672.27,1,train,1185156.6967524188,-12484.426752418745,12484.426752418745
42,2010-09-10,589091.04,1,train,490635.95090555714,98455.0890944429,98455.0890944429
43,2010-09-10,722120.04,1,train,601395.0077004756,120725.0322995244,120725.0322995244
44,2010-09-10,283455.13,1,train,241286.97972769244,42168.15027230757,42168.15027230757
45,2010-09-10,721460.22,1,train,736311.2467350654,-14851.026735065388,14851.026735065388
1,2010-09-17,1430378.67,0,train,1477646.3010593287,-47267.63105932879,47267.63105932879
2,2010-09-17,1793903.6,0,train,1887179.9961256315,-93276.3961256314,93276.3961256314
3,2010-09-17,363064.64,0,train,351904.07351437723,11160.566485622781,11160.566485622781
4,2010-09-17,1899959.61,0,train,1941598.3512720116,-41638.74127201154,41638.74127201154
5,2010-09-17,282558.65,0,train,274156.2622890264,8402.38771097362,8402.38771097362
6,2010-09-17,1308537.75,0,train,1520784.0684296004,-212246.31842960045,212246.31842960045
7,2010-09-17,489408.53,0,train,512909.93966201995,-23501.409662019927,23501.409662019927
8,2010-09-17,836707.85,0,train,859552.1622254084,-22844.312225408386,22844.312225408386
9,2010-09-17,463448.59,0,train,490956.4649306362,-27507.8749306362,27507.8749306362
10,2010-09-17,1716755.78,0,train,1867794.7108679675,-151038.93086796743,151038.93086796743
11,2010-09-17,1215676.31,0,train,1299390.1314973594,-83713.82149735931,83713.82149735931
12,2010-09-17,852882.61,0,train,955481.5882509664,-102598.97825096641,102598.97825096641
13,2010-09-17,1790279.74,0,train,1925162.5844463245,-134882.8444463245,134882.8444463245
14,2010-09-17,1953539.85,0,train,2052916.3096390502,-99376.45963905007,99376.45963905007
15,2010-09-17,583210.87,0,train,579752.7664911537,3458.103508846252,3458.103508846252
16,2010-09-17,522049.52,0,train,482358.6099492549,39690.91005074512,39690.91005074512
17,2010-09-17,871264.25,0,train,834681.2750163265,36582.97498367354,36582.97498367354
18,2010-09-17,997998.21,0,train,1036402.7921091224,-38404.58210912242,38404.58210912242
19,2010-09-17,1386789.31,0,train,1404787.593527956,-17998.28352795588,17998.28352795588
20,2010-09-17,1948359.78,0,train,2034739.3378056476,-86379.55780564761,86379.55780564761
21,2010-09-17,684340.86,0,train,736704.7164227117,-52363.856422711746,52363.856422711746
22,2010-09-17,918285.97,0,train,975093.2823161287,-56807.31231612875,56807.31231612875
23,2010-09-17,1159132.58,0,train,1312312.406424117,-153179.82642411697,153179.82642411697
24,2010-09-17,1273295.46,0,train,1306347.4232126938,-33051.96321269381,33051.96321269381
25,2010-09-17,628989.88,0,train,652522.6759859226,-23532.795985922567,23532.795985922567
26,2010-09-17,923473.7,0,train,934736.4418936688,-11262.741893668892,11262.741893668892
27,2010-09-17,1629978.46,0,train,1760803.5511268363,-130825.09112683637,130825.09112683637
28,2010-09-17,1159812.35,0,train,1291629.9063686137,-131817.55636861362,131817.55636861362
29,2010-09-17,463752.89,0,train,487249.6526437715,-23496.76264377148,23496.76264377148
30,2010-09-17,462058.19,0,train,409977.52995212376,52080.66004787624,52080.66004787624
31,2010-09-17,1294105.01,0,train,1348523.731952124,-54418.72195212403,54418.72195212403
32,2010-09-17,1043962.36,0,train,1120571.0193166516,-76608.65931665164,76608.65931665164
33,2010-09-17,246277.18,0,train,221131.81449547433,25145.36550452566,25145.36550452566
34,2010-09-17,885445.47,0,train,922359.4773371589,-36914.007337158895,36914.007337158895
35,2010-09-17,831443.61,0,train,916076.5928082563,-84632.98280825629,84632.98280825629
36,2010-09-17,454694.21,0,train,376997.5454958846,77696.66450411541,77696.66450411541
37,2010-09-17,501251.4,0,train,476208.22136559035,25043.178634409676,25043.178634409676
38,2010-09-17,336253.19,0,train,321082.90107449587,15170.288925504137,15170.288925504137
39,2010-09-17,1252915.43,0,train,1336000.081567843,-83084.65156784304,83084.65156784304
40,2010-09-17,855046.95,0,train,899056.3335020973,-44009.383502097335,44009.383502097335
41,2010-09-17,1111170.91,0,train,1193246.8215722416,-82075.91157224169,82075.91157224169
42,2010-09-17,536871.58,0,train,506877.90380914486,29993.676190855098,29993.676190855098
43,2010-09-17,725043.04,0,train,604785.474532907,120257.56546709302,120257.56546709302
44,2010-09-17,279364.13,0,train,254229.6795053135,25134.45049468649,25134.45049468649
45,2010-09-17,716987.58,0,train,734110.2755214036,-17122.695521403686,17122.695521403686
1,2010-09-24,1351791.03,0,train,1491296.5356202202,-139505.5056202202,139505.5056202202
2,2010-09-24,1724557.22,0,train,1903378.694313812,-178821.4743138121,178821.4743138121
3,2010-09-24,355626.87,0,train,353543.7879748673,2083.082025132724,2083.082025132724
4,2010-09-24,1810684.68,0,train,1947527.0188054629,-136842.33880546293,136842.33880546293
5,2010-09-24,293131.58,0,train,280580.2834375856,12551.296562414442,12551.296562414442
6,2010-09-24,1275591.84,0,train,1522896.1346396748,-247304.2946396747,247304.2946396747
7,2010-09-24,488008.83,0,train,525380.1094092517,-37371.2794092517,37371.2794092517
8,2010-09-24,773725.08,0,train,867775.0833332144,-94050.00333321444,94050.00333321444
9,2010-09-24,452905.22,0,train,496574.5518820989,-43669.33188209892,43669.33188209892
10,2010-09-24,1655036.75,0,train,1880494.8260610597,-225458.07606105972,225458.07606105972
11,2010-09-24,1170103.25,0,train,1300413.5551176264,-130310.30511762644,130310.30511762644
12,2010-09-24,851919.34,0,train,965632.5004231369,-113713.1604231369,113713.1604231369
13,2010-09-24,1705655.09,0,train,1944184.0355186467,-238528.94551864662,238528.94551864662
14,2010-09-24,1879891.13,0,train,2074159.9956570813,-194268.86565708136,194268.86565708136
15,2010-09-24,548542.47,0,train,607303.0674547649,-58760.59745476488,58760.59745476488
16,2010-09-24,511330.32,0,train,502252.2829991705,9078.037000829529,9078.037000829529
17,2010-09-24,852876.29,0,train,849444.716647109,3431.5733528910205,3431.5733528910205
18,2010-09-24,950862.92,0,train,1062360.6424910692,-111497.72249106911,111497.72249106911
19,2010-09-24,1318343.58,0,train,1432786.106011729,-114442.52601172891,114442.52601172891
20,2010-09-24,1789687.65,0,train,2061823.7893557097,-272136.1393557098,272136.1393557098
21,2010-09-24,671688.06,0,train,747356.7970488869,-75668.73704888683,75668.73704888683
22,2010-09-24,902779.25,0,train,997620.9627980099,-94841.71279800986,94841.71279800986
23,2010-09-24,1099055.65,0,train,1334264.3663446158,-235208.7163446159,235208.7163446159
24,2010-09-24,1169413.27,0,train,1332216.9309756972,-162803.66097569722,162803.66097569722
25,2010-09-24,607819.33,0,train,681960.2380168354,-74140.90801683546,74140.90801683546
26,2010-09-24,868636.3,0,train,956520.3224941067,-87884.02249410667,87884.02249410667
27,2010-09-24,1597002.71,0,train,1782738.6510295914,-185735.9410295915,185735.9410295915
28,2010-09-24,1111797.21,0,train,1301780.818540784,-189983.6085407841,189983.6085407841
29,2010-09-24,465338.41,0,train,509761.8769644727,-44423.466964472726,44423.466964472726
30,2010-09-24,448392.17,0,train,420629.6105782989,27762.559421701066,27762.559421701066
31,2010-09-24,1230250.25,0,train,1359175.8125782993,-128925.56257829932,128925.56257829932
32,2010-09-24,1067432.1,0,train,1127522.5847218884,-60090.48472188832,60090.48472188832
33,2010-09-24,231976.84,0,train,238089.93913010578,-6113.09913010578,6113.09913010578
34,2010-09-24,867539.07,0,train,936748.1373136685,-69209.06731366855,69209.06731366855
35,2010-09-24,758069.78,0,train,938588.4025860005,-180518.62258600048,180518.62258600048
36,2010-09-24,419348.59,0,train,385209.01091659325,34139.579083406774,34139.579083406774
37,2010-09-24,494265.48,0,train,484924.3079269143,9341.172073085676,9341.172073085676
38,2010-09-24,330604.9,0,train,331233.8132466662,-628.9132466661977,628.9132466661977
39,2010-09-24,1199449.54,0,train,1343595.639328762,-144146.09932876192,144146.09932876192
40,2010-09-24,844373.31,0,train,914957.4379004084,-70584.12790040835,70584.12790040835
41,2010-09-24,1110941.78,0,train,1202131.299158177,-91189.51915817708,91189.51915817708
42,2010-09-24,492262.96,0,train,519578.0190022369,-27315.05900223687,27315.05900223687
43,2010-09-24,650263.95,0,train,617664.3604130934,32599.5895869066,32599.5895869066
44,2010-09-24,281313.78,0,train,273251.13057763537,8062.649422364659,8062.649422364659
45,2010-09-24,678228.58,0,train,755353.9615394349,-77125.3815394349,77125.3815394349
1,2010-10-01,1453329.5,0,train,1396125.9814885182,57203.518511481816,57203.518511481816
2,2010-10-01,1827440.43,0,train,1798068.47259734,29371.957402660046,29371.957402660046
3,2010-10-01,358784.1,0,train,270193.48986819433,88590.61013180565,88590.61013180565
4,2010-10-01,1842821.02,0,train,1893501.952508531,-50680.93250853103,50680.93250853103
5,2010-10-01,283178.12,0,train,184265.9321970921,98912.1878029079,98912.1878029079
6,2010-10-01,1328468.89,0,train,1437270.320193796,-108801.43019379606,108801.43019379606
7,2010-10-01,448998.73,0,train,460291.69333111064,-11292.963331110659,11292.963331110659
8,2010-10-01,804105.49,0,train,786408.1632951959,17697.326704804087,17697.326704804087
9,2010-10-01,495692.19,0,train,402433.9983268222,93258.19167317782,93258.19167317782
10,2010-10-01,1645892.97,0,train,1820597.8466213522,-174704.87662135228,174704.87662135228
11,2010-10-01,1182490.46,0,train,1220004.645112017,-37514.185112016974,37514.185112016974
12,2010-10-01,850936.26,0,train,906155.2949650227,-55219.0349650227,55219.0349650227
13,2010-10-01,1765584.48,0,train,1881067.1839583945,-115482.70395839447,115482.70395839447
14,2010-10-01,1855703.66,0,train,2012119.5522769503,-156415.8922769504,156415.8922769504
15,2010-10-01,566945.95,0,train,532130.89401448,34815.055985519895,34815.055985519895
16,2010-10-01,463977.54,0,train,433741.65874470747,30235.88125529251,30235.88125529251
17,2010-10-01,829207.27,0,train,780731.2485594107,48476.021440589335,48476.021440589335
18,2010-10-01,948977.5,0,train,1002695.9061460856,-53718.40614608559,53718.40614608559
19,2010-10-01,1379456.3,0,train,1355709.0336107556,23747.26638924447,23747.26638924447
20,2010-10-01,1933719.21,0,train,1971700.9839970903,-37981.77399709029,37981.77399709029
21,2010-10-01,677158.39,0,train,647761.2722144807,29397.11778551934,29397.11778551934
22,2010-10-01,905987.17,0,train,937559.9753081752,-31572.805308175157,31572.805308175157
23,2010-10-01,1129909.44,0,train,1279185.4898301035,-149276.04983010353,149276.04983010353
24,2010-10-01,1215273.2,0,train,1267341.9678121863,-52068.76781218639,52068.76781218639
25,2010-10-01,658640.14,0,train,594050.4770390162,64589.66296098381,64589.66296098381
26,2010-10-01,923221.52,0,train,910879.6781846163,12341.841815383756,12341.841815383756
27,2010-10-01,1543532.83,0,train,1722423.994934123,-178891.16493412293,178891.16493412293
28,2010-10-01,1203080.41,0,train,1242303.61308267,-39223.20308266999,39223.20308266999
29,2010-10-01,474698.01,0,train,450302.6070699026,24395.40293009742,24395.40293009742
30,2010-10-01,445475.3,0,train,321034.0857438927,124441.21425610728,124441.21425610728
31,2010-10-01,1213981.64,0,train,1259580.2877438932,-45598.64774389332,45598.64774389332
32,2010-10-01,1061089.56,0,train,1061061.5208632508,28.0391367492266,28.0391367492266
33,2010-10-01,224294.39,0,train,179095.30169428384,45199.08830571617,45199.08830571617
34,2010-10-01,865709.11,0,train,858867.32968769,6841.780312309973,6841.780312309973
35,2010-10-01,771065.21,0,train,881472.3778738187,-110407.16787381878,110407.16787381878
36,2010-10-01,422169.47,0,train,301441.5701532223,120727.89984677767,120727.89984677767
37,2010-10-01,529877.93,0,train,400796.4234916752,129081.50650832488,129081.50650832488
38,2010-10-01,360256.58,0,train,271756.60778855206,88499.97221144795,88499.97221144795
39,2010-10-01,1219583.91,0,train,1255966.102392257,-36382.19239225704,36382.19239225704
40,2010-10-01,891152.33,0,train,865649.2847079823,25503.045292017632,25503.045292017632
41,2010-10-01,1109216.35,0,train,1136016.1174394106,-26799.767439410556,26799.767439410556
42,2010-10-01,481523.93,0,train,459681.0395625294,21842.890437470574,21842.890437470574
43,2010-10-01,657108.77,0,train,540439.018871726,116669.75112827402,116669.75112827402
44,2010-10-01,300152.45,0,train,211111.47001112625,89040.97998887376,89040.97998887376
45,2010-10-01,690007.76,0,train,693313.5181593043,-3305.7581593042705,3305.7581593042705
1,2010-10-08,1508239.93,0,train,1395075.2587131632,113164.67128683673,113164.67128683673
2,2010-10-08,1849921.44,0,train,1802367.5364447637,47553.90355523629,47553.90355523629
3,2010-10-08,395107.35,0,train,272931.7035753883,122175.64642461168,122175.64642461168
4,2010-10-08,1951494.85,0,train,1925016.4022630397,26478.44773696037,26478.44773696037
5,2010-10-08,290494.85,0,train,188398.8534683683,102095.99653163168,102095.99653163168
6,2010-10-08,1360317.9,0,train,1443170.1552687848,-82852.25526878494,82852.25526878494
7,2010-10-08,480239.88,0,train,463675.6927572333,16564.187242766726,16564.187242766726
8,2010-10-08,870349.86,0,train,791527.6006481871,78822.25935181289,78822.25935181289
9,2010-10-08,505069.21,0,train,413240.51514370576,91828.69485629426,91828.69485629426
10,2010-10-08,1772192.42,0,train,1812710.8842627178,-40518.46426271787,40518.46426271787
11,2010-10-08,1293472.8,0,train,1223331.1364394235,70141.6635605765,70141.6635605765
12,2010-10-08,918335.68,0,train,889122.4512615475,29213.22873845254,29213.22873845254
13,2010-10-08,1871924.07,0,train,1884655.415190204,-12731.345190203981,12731.345190203981
14,2010-10-08,2091663.2,0,train,1994732.6847320967,96930.51526790322,96930.51526790322
15,2010-10-08,591603.79,0,train,533160.9588746455,58442.83112535451,58442.83112535451
16,2010-10-08,442894.2,0,train,439254.6628915998,3639.5371084001963,3639.5371084001963
17,2010-10-08,827738.06,0,train,794684.3711949672,33053.68880503287,33053.68880503287
18,2010-10-08,1107432.71,0,train,988090.4828719035,119342.2271280965,119342.2271280965
19,2010-10-08,1428960.72,0,train,1360464.8567322681,68495.86326773185,68495.86326773185
20,2010-10-08,2060389.27,0,train,1967046.1341067585,93343.1358932415,93343.1358932415
21,2010-10-08,680579.49,0,train,656346.3587234541,24233.13127654593,24233.13127654593
22,2010-10-08,1015051.62,0,train,923082.0605779752,91969.55942202476,91969.55942202476
23,2010-10-08,1179851.68,0,train,1269370.327177653,-89518.64717765315,89518.64717765315
24,2010-10-08,1361944.94,0,train,1255598.004347734,106346.93565226602,106346.93565226602
25,2010-10-08,674283.86,0,train,590740.2617091706,83543.59829082934,83543.59829082934
26,2010-10-08,1001069.52,0,train,901988.9517925001,99080.56820749992,99080.56820749992
27,2010-10-08,1707662.87,0,train,1709715.0244332575,-2052.154433257412,2052.154433257412
28,2010-10-08,1334571.87,0,train,1225270.7693791948,109301.10062080529,109301.10062080529
29,2010-10-08,530059.06,0,train,435809.2366757608,94249.82332423923,94249.82332423923
30,2010-10-08,462080.47,0,train,329619.172252866,132461.297747134,132461.297747134
31,2010-10-08,1300131.68,0,train,1268165.3742528665,31966.305747133447,31966.305747133447
32,2010-10-08,1085483.44,0,train,1068731.542950923,16751.897049076855,16751.897049076855
33,2010-10-08,266484.19,0,train,161515.76521214517,104968.42478785483,104968.42478785483
34,2010-10-08,931710.67,0,train,866038.2912533979,65672.3787466021,65672.3787466021
35,2010-10-08,874615.32,0,train,868547.1411698326,6068.178830167395,6068.178830167395
36,2010-10-08,444351.61,0,train,299306.46194258274,145045.14805741725,145045.14805741725
37,2010-10-08,524483.65,0,train,398733.4040154092,125750.24598459085,125750.24598459085
38,2010-10-08,351271.36,0,train,254723.76408507698,96547.595914923,96547.595914923
39,2010-10-08,1286598.59,0,train,1254967.5852763755,31631.00472362456,31631.00472362456
40,2010-10-08,972405.38,0,train,859559.880316879,112845.49968312099,112845.49968312099
41,2010-10-08,1162042.24,0,train,1140212.500245827,21829.739754172973,21829.739754172973
42,2010-10-08,599759.45,0,train,451794.07720389485,147965.3727961051,147965.3727961051
43,2010-10-08,713332.54,0,train,547329.0593360538,166003.48066394625,166003.48066394625
44,2010-10-08,279524.44,0,train,214699.70124293573,64824.738757064275,64824.738757064275
45,2010-10-08,745782.1,0,train,675926.6506144505,69855.44938554952,69855.44938554952
1,2010-10-15,1459409.1,0,train,1429405.7845888552,30003.315411144868,30003.315411144868
2,2010-10-15,1794355.49,0,train,1834904.4644152126,-40548.97441521264,40548.97441521264
3,2010-10-15,345584.39,0,train,305784.80935649364,39799.58064350637,39799.58064350637
4,2010-10-15,1867345.09,0,train,1934178.2416306627,-66833.15163066261,66833.15163066261
5,2010-10-15,280681.2,0,train,222366.4272099412,58314.77279005881,58314.77279005881
6,2010-10-15,1344580.92,0,train,1478820.6399496882,-134239.7199496883,134239.7199496883
7,2010-10-15,463370.48,0,train,463306.3473545334,64.13264546659775,64.13264546659775
8,2010-10-15,826546.96,0,train,815780.7493228349,10766.210677165072,10766.210677165072
9,2010-10-15,454769.68,0,train,444105.18600668106,10664.49399331893,10664.49399331893
10,2010-10-15,1703850.25,0,train,1835957.258050423,-132107.00805042312,132107.00805042312
11,2010-10-15,1175003.67,0,train,1256268.2818805594,-81264.61188055947,81264.61188055947
12,2010-10-15,862419.84,0,train,918690.5284669999,-56270.68846699991,56270.68846699991
13,2010-10-15,1851431.06,0,train,1881833.3284580712,-30402.268458071165,30402.268458071165
14,2010-10-15,1932162.63,0,train,2026409.173066681,-94246.54306668113,94246.54306668113
15,2010-10-15,577011.26,0,train,552189.661135642,24821.598864358035,24821.598864358035
16,2010-10-15,452169.28,0,train,436027.9690478669,16141.31095213315,16141.31095213315
17,2010-10-15,838297.32,0,train,786819.9048610114,51477.41513898852,51477.41513898852
18,2010-10-15,1029618.1,0,train,1005990.8167755345,23627.283224465442,23627.283224465442
19,2010-10-15,1369317.63,0,train,1378961.307813072,-9643.677813072223,9643.677813072223
20,2010-10-15,1950676.39,0,train,2014345.3637748081,-63668.973774808226,63668.973774808226
21,2010-10-15,693412.05,0,train,689555.6039741458,3856.4460258542094,3856.4460258542094
22,2010-10-15,954401.46,0,train,945524.3812684794,8877.078731520567,8877.078731520567
23,2010-10-15,1119809.71,0,train,1280295.3692987624,-160485.65929876245,160485.65929876245
24,2010-10-15,1300806.74,0,train,1275299.0238889733,25507.716111026704,25507.716111026704
25,2010-10-15,616094.72,0,train,632324.7944951539,-16230.074495153967,16230.074495153967
26,2010-10-15,937956.89,0,train,908207.772951908,29749.11704809207,29749.11704809207
27,2010-10-15,1728388.2,0,train,1736675.3131023524,-8287.11310235248,8287.11310235248
28,2010-10-15,1158062.99,0,train,1254838.8465846472,-96775.8565846472,96775.8565846472
29,2010-10-15,483011.69,0,train,458247.7122210327,24763.977778967295,24763.977778967295
30,2010-10-15,453943.89,0,train,362828.41750355787,91115.47249644215,91115.47249644215
31,2010-10-15,1265852.43,0,train,1301374.6195035584,-35522.189503558446,35522.189503558446
32,2010-10-15,1096692.88,0,train,1066737.4307876357,29955.449212364154,29955.449212364154
33,2010-10-15,251732.92,0,train,193250.1446629191,58482.77533708091,58482.77533708091
34,2010-10-15,888703.62,0,train,875368.2099410817,13335.410058918293,13335.410058918293
35,2010-10-15,798376.99,0,train,895795.7847764218,-97418.79477642186,97418.79477642186
36,2010-10-15,453308.15,0,train,340008.47587315016,113299.67412684986,113299.67412684986
37,2010-10-15,498925.86,0,train,438606.3975006802,60319.46249931981,60319.46249931981
38,2010-10-15,337743.26,0,train,284291.84129052924,53451.418709470774,53451.418709470774
39,2010-10-15,1238742.0,0,train,1294644.4862215759,-55902.48622157588,55902.48622157588
40,2010-10-15,917883.17,0,train,864153.9347156994,53729.23528430064,53729.23528430064
41,2010-10-15,1133913.33,0,train,1142868.5826042208,-8955.252604220761,8955.252604220761
42,2010-10-15,559285.35,0,train,475040.4509916003,84244.89900839969,84244.89900839969
43,2010-10-15,699852.68,0,train,561254.7005815597,138597.97941844037,138597.97941844037
44,2010-10-15,268708.43,0,train,211877.6145108029,56830.81548919709,56830.81548919709
45,2010-10-15,715263.3,0,train,707603.1389490347,7660.161050965311,7660.161050965311
1,2010-10-22,1345454.0,0,train,1460734.7364439317,-115280.7364439317,115280.7364439317
2,2010-10-22,1737947.64,0,train,1866288.6575707358,-128341.01757073589,128341.01757073589
3,2010-10-22,348895.98,0,train,335020.3700011092,13875.60999889078,13875.60999889078
4,2010-10-22,1927610.06,0,train,1963994.8375705187,-36384.777570518665,36384.777570518665
5,2010-10-22,284988.27,0,train,254172.87673572067,30815.39326427935,30815.39326427935
6,2010-10-22,1332716.53,0,train,1508360.2303714447,-175643.7003714447,175643.7003714447
7,2010-10-22,472450.81,0,train,489678.70640992385,-17227.89640992385,17227.89640992385
8,2010-10-22,836419.14,0,train,840366.2218548057,-3947.0818548056995,3947.0818548056995
9,2010-10-22,466322.76,0,train,475302.1986275653,-8979.43862756528,8979.43862756528
10,2010-10-22,1740234.06,0,train,1836638.1892775814,-96404.12927758135,96404.12927758135
11,2010-10-22,1169831.38,0,train,1283290.7981443747,-113459.41814437485,113459.41814437485
12,2010-10-22,857883.46,0,train,926509.6735028113,-68626.21350281138,68626.21350281138
13,2010-10-22,1796949.59,0,train,1913414.7572585652,-116465.16725856508,116465.16725856508
14,2010-10-22,1936621.09,0,train,2036509.8700569638,-99888.78005696367,99888.78005696367
15,2010-10-22,600395.73,0,train,569652.0741384907,30743.655861509265,30743.655861509265
16,2010-10-22,541216.92,0,train,462036.15624312544,79180.7637568746,79180.7637568746
17,2010-10-22,815093.76,0,train,812322.4649193076,2771.295080692391,2771.295080692391
18,2010-10-22,1052120.43,0,train,1017414.133591636,34706.29640836397,34706.29640836397
19,2010-10-22,1357154.71,0,train,1396395.7075959106,-39240.99759591068,39240.99759591068
20,2010-10-22,1893955.27,0,train,2015528.6203016671,-121573.35030166712,121573.35030166712
21,2010-10-22,710668.45,0,train,719287.0171490718,-8618.567149071838,8618.567149071838
22,2010-10-22,960998.52,0,train,956670.3964612337,4328.123538766289,4328.123538766289
23,2010-10-22,1147503.92,0,train,1298834.0439974363,-151330.12399743637,151330.12399743637
24,2010-10-22,1234875.33,0,train,1289175.7447305257,-54300.414730525576,54300.414730525576
25,2010-10-22,661644.19,0,train,637121.7564033197,24522.43359668029,24522.43359668029
26,2010-10-22,916522.66,0,train,922712.5439691235,-6189.883969123475,6189.883969123475
27,2010-10-22,1693935.29,0,train,1746548.9740592106,-52613.68405921059,52613.68405921059
28,2010-10-22,1120619.32,0,train,1262657.9916204587,-142038.6716204586,142038.6716204586
29,2010-10-22,505221.17,0,train,469418.91005704296,35802.259942957025,35802.259942957025
30,2010-10-22,459631.74,0,train,392559.8306784837,67071.90932151629,67071.90932151629
31,2010-10-22,1262289.29,0,train,1331106.0326784842,-68816.74267848418,68816.74267848418
32,2010-10-22,1102185.0,0,train,1088515.621761365,13669.378238634905,13669.378238634905
33,2010-10-22,234175.92,0,train,196928.49043116113,37247.42956883888,37247.42956883888
34,2010-10-22,936293.6,0,train,895100.0466772917,41193.553322708234,41193.553322708234
35,2010-10-22,827705.82,0,train,905633.4013660934,-77927.58136609348,77927.58136609348
36,2010-10-22,424956.3,0,train,365269.26521782496,59687.03478217503,59687.03478217503
37,2010-10-22,510425.4,0,train,464299.7192515965,46125.68074840354,46125.68074840354
38,2010-10-22,339042.18,0,train,292110.9863263407,46931.19367365929,46931.19367365929
39,2010-10-22,1261109.01,0,train,1323419.262173606,-62310.25217360607,62310.25217360607
40,2010-10-22,882180.91,0,train,880031.3535134112,2149.5564865887864,2149.5564865887864
41,2010-10-22,1156003.7,0,train,1161397.2400567755,-5393.540056775557,5393.540056775557
42,2010-10-22,522467.51,0,train,475721.3822187586,46746.127781241434,46746.127781241434
43,2010-10-22,680943.03,0,train,586979.075171367,93963.954828633,93963.954828633
44,2010-10-22,270110.3,0,train,243459.04331129673,26651.25668870326,26651.25668870326
45,2010-10-22,730899.37,0,train,717703.8359393176,13195.534060682403,13195.534060682403
1,2010-10-29,1384209.22,0,train,1484743.7634702271,-100534.54347022716,100534.54347022716
2,2010-10-29,1802755.11,0,train,1884582.2030726303,-81827.09307263023,81827.09307263023
3,2010-10-29,348591.74,0,train,360773.8169583309,-12182.07695833093,12182.07695833093
4,2010-10-29,1933333.0,0,train,1968078.6003975465,-34745.60039754654,34745.60039754654
5,2010-10-29,278031.81,0,train,277734.9656696236,296.84433037642157,296.84433037642157
6,2010-10-29,1385323.7,0,train,1531364.2656274654,-146040.5656274655,146040.5656274655
7,2010-10-29,465493.15,0,train,508338.9550591527,-42845.805059152655,42845.805059152655
8,2010-10-29,830756.76,0,train,851188.7289556662,-20431.968955666176,20431.968955666176
9,2010-10-29,508801.61,0,train,484360.29303431045,24441.316965689533,24441.316965689533
10,2010-10-29,1741308.56,0,train,1867598.3014556116,-126289.74145561154,126289.74145561154
11,2010-10-29,1195036.0,0,train,1312433.844722822,-117397.84472282208,117397.84472282208
12,2010-10-29,955294.7,0,train,929829.6230130387,25465.0769869613,25465.0769869613
13,2010-10-29,1887895.07,0,train,1905140.961872863,-17245.89187286282,17245.89187286282
14,2010-10-29,1984768.34,0,train,2084423.0925751564,-99654.75257515628,99654.75257515628
15,2010-10-29,598301.5,0,train,617231.4083136409,-18929.90831364086,18929.90831364086
16,2010-10-29,495022.51,0,train,458201.78922422207,36820.72077577794,36820.72077577794
17,2010-10-29,861941.25,0,train,814385.5477173427,47555.702282657265,47555.702282657265
18,2010-10-29,1038576.54,0,train,1067535.022820964,-28958.482820963953,28958.482820963953
19,2010-10-29,1404576.48,0,train,1443050.6055107266,-38474.12551072659,38474.12551072659
20,2010-10-29,1891816.0,0,train,2060351.1531130197,-168535.15311301965,168535.15311301965
21,2010-10-29,731756.65,0,train,734919.306750004,-3162.6567500039237,3162.6567500039237
22,2010-10-29,1025766.27,0,train,1003292.4637660502,22473.806233949843,22473.806233949843
23,2010-10-29,1112871.23,0,train,1339878.649943483,-227007.41994348308,227007.41994348308
24,2010-10-29,1244925.94,0,train,1338463.8853262935,-93537.94532629359,93537.94532629359
25,2010-10-29,674458.03,0,train,687406.867116647,-12948.83711664693,12948.83711664693
26,2010-10-29,895069.88,0,train,960059.4048738334,-64989.524873833405,64989.524873833405
27,2010-10-29,1688955.49,0,train,1794691.4032113177,-105735.91321131773,105735.91321131773
28,2010-10-29,1231688.48,0,train,1265977.9411306859,-34289.46113068587,34289.46113068587
29,2010-10-29,527058.59,0,train,516066.1600051153,10992.429994884646,10992.429994884646
30,2010-10-29,438334.39,0,train,408192.120279416,30142.269720584038,30142.269720584038
31,2010-10-29,1257921.28,0,train,1346738.3222794165,-88817.04227941646,88817.04227941646
32,2010-10-29,1115138.51,0,train,1093757.538025743,21380.971974256914,21380.971974256914
33,2010-10-29,213538.32,0,train,218083.9756056466,-4545.655605646607,4545.655605646607
34,2010-10-29,926294.02,0,train,898903.6773042183,27390.34269578173,27390.34269578173
35,2010-10-29,857797.33,0,train,953703.7417838268,-95906.41178382689,95906.41178382689
36,2010-10-29,392654.26,0,train,400714.47246156784,-8060.212461567833,8060.212461567833
37,2010-10-29,514485.9,0,train,500069.32580002083,14416.574199979194,14416.574199979194
38,2010-10-29,341219.63,0,train,295430.9358365679,45788.69416343211,45788.69416343211
39,2010-10-29,1294769.08,0,train,1357592.1151814533,-62823.03518145322,62823.03518145322
40,2010-10-29,875038.84,0,train,922084.4353798226,-47045.595379822655,47045.595379822655
41,2010-10-29,1144854.56,0,train,1169216.372562085,-24361.81256208499,24361.81256208499
42,2010-10-29,476967.65,0,train,506681.49439678877,-29713.844396788743,29713.844396788743
43,2010-10-29,610076.32,0,train,601573.7270110159,8502.592988984077,8502.592988984077
44,2010-10-29,286497.49,0,train,235185.2479255948,51312.24207440519,51312.24207440519
45,2010-10-29,732859.76,0,train,765617.0584575103,-32757.298457510304,32757.298457510304
1,2010-11-05,1551659.28,0,train,1559796.1853875152,-8136.905387515202,8136.905387515202
2,2010-11-05,1939061.41,0,train,1966665.158072887,-27603.748072887072,27603.748072887072
3,2010-11-05,423175.56,0,train,440876.21876774053,-17700.658767740533,17700.658767740533
4,2010-11-05,2013115.79,0,train,2059031.1294132345,-45915.3394132345,45915.3394132345
5,2010-11-05,325310.3,0,train,350547.6029166322,-25237.30291663221,25237.30291663221
6,2010-11-05,1505442.15,0,train,1607568.714212497,-102126.56421249709,102126.56421249709
7,2010-11-05,480512.44,0,train,655267.3986977903,-174754.95869779034,174754.95869779034
8,2010-11-05,927266.34,0,train,950704.3986411307,-23438.058641130687,23438.058641130687
9,2010-11-05,517869.97,0,train,573875.6633426822,-56005.69334268221,56005.69334268221
10,2010-11-05,1832211.96,0,train,1976220.3786659623,-144008.4186659623,144008.4186659623
11,2010-11-05,1332759.13,0,train,1390575.3211315228,-57816.19113152288,57816.19113152288
12,2010-11-05,929690.71,0,train,1052824.884787249,-123134.17478724895,123134.17478724895
13,2010-11-05,1854967.66,0,train,2024935.3481635419,-169967.68816354196,169967.68816354196
14,2010-11-05,2078417.47,0,train,2146986.809500161,-68569.33950016112,68569.33950016112
15,2010-11-05,612987.64,0,train,682146.3941506401,-69158.7541506401,69158.7541506401
16,2010-11-05,446905.02,0,train,575772.3782922463,-128867.35829224624,128867.35829224624
17,2010-11-05,818434.49,0,train,928101.0652658239,-109666.57526582386,109666.57526582386
18,2010-11-05,1089530.94,0,train,1135467.596862097,-45936.656862097094,45936.656862097094
19,2010-11-05,1435379.25,0,train,1509282.212688202,-73902.96268820204,73902.96268820204
20,2010-11-05,2184316.64,0,train,2125370.7968987124,58945.843101287726,58945.843101287726
21,2010-11-05,719888.76,0,train,815853.7197298454,-95964.9597298454,95964.9597298454
22,2010-11-05,1006888.16,0,train,1072348.3971843424,-65460.237184342346,65460.237184342346
23,2010-11-05,1203119.96,0,train,1412629.4978263578,-209509.53782635788,209509.53782635788
24,2010-11-05,1285358.01,0,train,1402566.4877829992,-117208.47778299917,117208.47778299917
25,2010-11-05,696314.53,0,train,746431.6818201725,-50117.15182017244,50117.15182017244
26,2010-11-05,970224.51,0,train,1039225.2801390274,-69000.77013902739,69000.77013902739
27,2010-11-05,1686010.02,0,train,1858712.7965847473,-172702.77658474725,172702.77658474725
28,2010-11-05,1501663.26,0,train,1388973.202904896,112690.0570951039,112690.0570951039
29,2010-11-05,521002.97,0,train,585147.2760666634,-64144.30606666347,64144.30606666347
30,2010-11-05,484661.87,0,train,489126.53325925756,-4464.6632592575625,4464.6632592575625
31,2010-11-05,1324455.72,0,train,1427672.735259258,-103217.01525925798,103217.01525925798
32,2010-11-05,1063056.21,0,train,1210123.5586333317,-147067.3486333317,147067.3486333317
33,2010-11-05,246124.61,0,train,328414.85923661524,-82290.24923661526,82290.24923661526
34,2010-11-05,972292.31,0,train,1009437.4471069853,-37145.1371069852,37145.1371069852
35,2010-11-05,843755.12,0,train,1017797.22389163,-174042.10389162996,174042.10389162996
36,2010-11-05,405860.37,0,train,468550.57302847214,-62690.20302847214,62690.20302847214
37,2010-11-05,539683.42,0,train,567833.3376325513,-28149.91763255128,28149.91763255128
38,2010-11-05,380870.09,0,train,418426.19761077827,-37556.10761077824,37556.10761077824
39,2010-11-05,1293707.19,0,train,1425300.1005739635,-131592.91057396354,131592.91057396354
40,2010-11-05,968270.66,0,train,998841.1737241456,-30570.513724145596,30570.513724145596
41,2010-11-05,1163878.49,0,train,1287907.4904305143,-124029.00043051434,124029.00043051434
42,2010-11-05,565390.4,0,train,615303.5716071395,-49913.17160713952,49913.17160713952
43,2010-11-05,605960.2,0,train,697746.1835526964,-91785.98355269642,91785.98355269642
44,2010-11-05,270516.84,0,train,354979.63421627355,-84462.79421627353,84462.79421627353
45,2010-11-05,764014.06,0,train,828180.7753825148,-64166.715382514754,64166.715382514754
1,2010-11-12,1494479.49,0,train,1590118.3874540278,-95638.89745402778,95638.89745402778
2,2010-11-12,1916812.74,0,train,1999703.8573408083,-82891.11734080827,82891.11734080827
3,2010-11-12,386635.03,0,train,468348.6726835186,-81713.64268351858,81713.64268351858
4,2010-11-12,1999794.26,0,train,2090002.1048740027,-90207.84487400274,90207.84487400274
5,2010-11-12,301827.36,0,train,388210.5420535675,-86383.18205356749,86383.18205356749
6,2010-11-12,1495536.46,0,train,1641648.1719104564,-146111.71191045642,146111.71191045642
7,2010-11-12,507584.29,0,train,605488.834610932,-97904.54461093206,97904.54461093206
8,2010-11-12,911538.98,0,train,976160.007125216,-64621.02712521597,64621.02712521597
9,2010-11-12,520846.68,0,train,609892.6759371085,-89045.99593710847,89045.99593710847
10,2010-11-12,1895901.59,0,train,1979644.5154235,-83742.9254234999,83742.9254234999
11,2010-11-12,1281675.6,0,train,1416591.0876067742,-134915.48760677408,134915.48760677408
12,2010-11-12,942475.24,0,train,1057806.4736844965,-115331.23368449649,115331.23368449649
13,2010-11-12,1939964.63,0,train,2030693.2760738966,-90728.64607389667,90728.64607389667
14,2010-11-12,2092189.06,0,train,2175331.953596611,-83142.89359661099,83142.89359661099
15,2010-11-12,619639.74,0,train,707384.3416202832,-87744.60162028321,87744.60162028321
16,2010-11-12,453632.76,0,train,585998.1314670809,-132365.3714670809,132365.3714670809
17,2010-11-12,855459.96,0,train,937192.5663573836,-81732.60635738366,81732.60635738366
18,2010-11-12,1081322.12,0,train,1165944.2080638504,-84622.0880638503,84622.0880638503
19,2010-11-12,1490235.86,0,train,1532223.0761170145,-41987.21611701441,41987.21611701441
20,2010-11-12,2187765.28,0,train,2151241.5416313065,36523.73836869327,36523.73836869327
21,2010-11-12,735796.38,0,train,850012.947798172,-114216.56779817201,114216.56779817201
22,2010-11-12,1043698.64,0,train,1099886.4503645482,-56187.81036454823,56187.81036454823
23,2010-11-12,1387953.75,0,train,1437139.293165954,-49185.54316595406,49185.54316595406
24,2010-11-12,1312877.01,0,train,1428420.7260928652,-115543.71609286522,115543.71609286522
25,2010-11-12,713250.08,0,train,778689.4407150755,-65439.36071507551,65439.36071507551
26,2010-11-12,971193.01,0,train,1086173.6647067359,-114980.65470673586,114980.65470673586
27,2010-11-12,1828010.25,0,train,1885746.4202145543,-57736.170214554295,57736.170214554295
28,2010-11-12,1266460.45,0,train,1393954.7918021437,-127494.34180214372,127494.34180214372
29,2010-11-12,524450.7,0,train,612710.5123873636,-88259.81238736364,88259.81238736364
30,2010-11-12,431266.64,0,train,523285.761327584,-92019.12132758397,92019.12132758397
31,2010-11-12,1352780.76,0,train,1461831.9633275843,-109051.20332758431,109051.20332758431
32,2010-11-12,1141019.11,0,train,1217547.9898071536,-76528.87980715348,76528.87980715348
33,2010-11-12,272803.94,0,train,334024.0271549426,-61220.08715494262,61220.08715494262
34,2010-11-12,979730.78,0,train,1022816.1204013934,-43085.34040139336,43085.34040139336
35,2010-11-12,870914.69,0,train,1044758.7587870634,-173844.06878706347,173844.06878706347
36,2010-11-12,425804.8,0,train,494726.1486102742,-68921.3486102742,68921.3486102742
37,2010-11-12,517546.69,0,train,593612.4251752987,-76065.7351752987,76065.7351752987
38,2010-11-12,340147.2,0,train,423407.78650802595,-83260.58650802594,83260.58650802594
39,2010-11-12,1291398.71,0,train,1454832.959598068,-163434.24959806795,163434.24959806795
40,2010-11-12,935481.32,0,train,1031923.0143868409,-96441.69438684091,96441.69438684091
41,2010-11-12,1175326.23,0,train,1292950.7979034754,-117624.56790347537,117624.56790347537
42,2010-11-12,588592.61,0,train,618727.7083646771,-30135.098364677164,30135.098364677164
43,2010-11-12,595421.23,0,train,718513.9443325119,-123092.71433251188,123092.71433251188
44,2010-11-12,281909.79,0,train,360737.5621266281,-78827.77212662814,78827.77212662814
45,2010-11-12,765648.93,0,train,856525.9194789646,-90876.98947896459,90876.98947896459
1,2010-11-19,1483784.18,0,train,1594571.065807217,-110786.8858072171,110786.8858072171
2,2010-11-19,1956739.17,0,train,2002253.6415988947,-45514.4715988948,45514.4715988948
3,2010-11-19,372545.32,0,train,481550.07869823603,-109004.75869823602,109004.75869823602
4,2010-11-19,2097809.4,0,train,2105267.068784095,-7457.668784094974,7457.668784094974
5,2010-11-19,297384.81,0,train,388037.7871653702,-90652.97716537019,90652.97716537019
6,2010-11-19,1518841.45,0,train,1643514.7354427215,-124673.28544272156,124673.28544272156
7,2010-11-19,482528.36,0,train,642274.7441140581,-159746.3841140581,159746.3841140581
8,2010-11-19,885608.04,0,train,972665.2620244443,-87057.22202444426,87057.22202444426
9,2010-11-19,519823.3,0,train,604716.0650923091,-84892.76509230916,84892.76509230916
10,2010-11-19,1949177.13,0,train,1996646.9617190198,-47469.831719019916,47469.831719019916
11,2010-11-19,1292346.57,0,train,1429680.440741451,-137333.87074145093,137333.87074145093
12,2010-11-19,894493.7,0,train,1086761.679442148,-192267.979442148,192267.979442148
13,2010-11-19,1925393.91,0,train,2056294.3518068595,-130900.44180685957,130900.44180685957
14,2010-11-19,1968462.58,0,train,2214669.1383956536,-246206.5583956535,246206.5583956535
15,2010-11-19,608200.81,0,train,748675.3715621211,-140474.56156212103,140474.56156212103
16,2010-11-19,458634.68,0,train,594154.5301198567,-135519.8501198567,135519.8501198567
17,2010-11-19,782252.57,0,train,964306.3559708938,-182053.7859708938,182053.7859708938
18,2010-11-19,1045722.37,0,train,1200423.9141745307,-154701.54417453066,154701.54417453066
19,2010-11-19,1377593.1,0,train,1571973.3789582956,-194380.27895829547,194380.27895829547
20,2010-11-19,2105058.91,0,train,2189425.1890434315,-84366.2790434314,84366.2790434314
21,2010-11-19,756288.89,0,train,851554.2561358939,-95265.36613589386,95265.36613589386
22,2010-11-19,985896.44,0,train,1140265.960904675,-154369.52090467513,154369.52090467513
23,2010-11-19,1314994.32,0,train,1482768.260840665,-167773.94084066502,167773.94084066502
24,2010-11-19,1277150.6,0,train,1468030.9628340953,-190880.36283409526,190880.36283409526
25,2010-11-19,718056.73,0,train,812783.158005722,-94726.428005722,94726.428005722
26,2010-11-19,901972.7,0,train,1112613.5766745096,-210640.8766745096,210640.8766745096
27,2010-11-19,1704785.74,0,train,1928259.0468441471,-223473.30684414716,223473.30684414716
28,2010-11-19,1179315.72,0,train,1422909.9975597952,-243594.27755979518,243594.27755979518
29,2010-11-19,508174.55,0,train,653101.0079201807,-144926.4579201807,144926.4579201807
30,2010-11-19,423707.69,0,train,524827.069665306,-101119.37966530601,101119.37966530601
31,2010-11-19,1359158.57,0,train,1463373.2716653063,-104214.70166530623,104214.70166530623
32,2010-11-19,1150729.89,0,train,1227721.3403006587,-76991.45030065882,76991.45030065882
33,2010-11-19,224639.76,0,train,348645.3497496017,-124005.58974960167,124005.58974960167
34,2010-11-19,955766.33,0,train,1033402.8765697943,-77636.5465697943,77636.5465697943
35,2010-11-19,846850.35,0,train,1087127.2079479091,-240276.85794790916,240276.85794790916
36,2010-11-19,411615.71,0,train,507227.2102506239,-95611.50025062385,95611.50025062385
37,2010-11-19,518124.16,0,train,606365.7973859558,-88241.63738595584,88241.63738595584
38,2010-11-19,348593.99,0,train,452362.9922656773,-103769.00226567732,103769.00226567732
39,2010-11-19,1370659.54,0,train,1463468.3884672364,-92808.84846723638,92808.84846723638
40,2010-11-19,852452.93,0,train,1066206.6279574502,-213753.69795745017,213753.69795745017
41,2010-11-19,1172155.28,0,train,1298670.0464153702,-126514.76641537016,126514.76641537016
42,2010-11-19,524316.21,0,train,635730.154660197,-111413.94466019701,111413.94466019701
43,2010-11-19,589467.35,0,train,731948.669050673,-142481.31905067305,142481.31905067305
44,2010-11-19,284322.52,0,train,386338.63785959163,-102016.11785959161,102016.11785959161
45,2010-11-19,723987.85,0,train,895863.1042780073,-171875.2542780073,171875.2542780073
1,2010-11-26,1955624.11,1,train,1658347.848716246,297276.26128375414,297276.26128375414
2,2010-11-26,2658725.29,1,train,2063399.6516105449,595325.6383894552,595325.6383894552
3,2010-11-26,565567.84,1,train,539364.1467662009,26203.693233799073,26203.693233799073
4,2010-11-26,2789469.45,1,train,2133701.836008657,655767.6139913434,655767.6139913434
5,2010-11-26,488362.61,1,train,453267.2517616616,35095.35823833838,35095.35823833838
6,2010-11-26,2267452.4,1,train,1706412.1459144785,561040.2540855214,561040.2540855214
7,2010-11-26,835189.26,1,train,649336.6663367498,185852.5936632502,185852.5936632502
8,2010-11-26,1261693.16,1,train,1019889.9987843166,241803.16121568333,241803.16121568333
9,2010-11-26,768070.53,1,train,660371.4584208501,107699.07157914992,107699.07157914992
10,2010-11-26,2939946.38,1,train,2020347.4067877198,919598.9732122801,919598.9732122801
11,2010-11-26,1757242.51,1,train,1488278.8789696996,268963.6310303004,268963.6310303004
12,2010-11-26,1601377.41,1,train,1086687.7862044426,514689.6237955573,514689.6237955573
13,2010-11-26,2766400.05,1,train,2046619.5720724245,719780.4779275754,719780.4779275754
14,2010-11-26,2921709.71,1,train,2233709.9889050224,687999.7210949776,687999.7210949776
15,2010-11-26,1120018.92,1,train,769561.2530024636,350457.6669975363,350457.6669975363
16,2010-11-26,651837.77,1,train,611889.4891664069,39948.280833593104,39948.280833593104
17,2010-11-26,1005448.76,1,train,944826.949232914,60621.81076708599,60621.81076708599
18,2010-11-26,1653759.36,1,train,1218052.0393563053,435707.32064369484,435707.32064369484
19,2010-11-26,1993367.83,1,train,1597873.6267804508,395494.20321954926,395494.20321954926
20,2010-11-26,2811634.04,1,train,2221385.183620952,590248.856379048,590248.856379048
21,2010-11-26,1245628.61,1,train,910123.0499066124,335505.5600933877,335505.5600933877
22,2010-11-26,1564502.26,1,train,1159118.049132172,405384.210867828,405384.210867828
23,2010-11-26,2072685.05,1,train,1494065.3983001509,578619.6516998492,578619.6516998492
24,2010-11-26,1779276.51,1,train,1488020.4212341139,291256.08876588615,291256.08876588615
25,2010-11-26,1115240.61,1,train,844547.0600431717,270693.54995682836,270693.54995682836
26,2010-11-26,1286833.62,1,train,1118560.189112061,168273.43088793918,168273.43088793918
27,2010-11-26,2627910.75,1,train,1947035.3181490072,680875.4318509928,680875.4318509928
28,2010-11-26,1937033.5,1,train,1422836.1043220898,514197.3956779102,514197.3956779102
29,2010-11-26,975268.91,1,train,671961.714782401,303307.19521759904,303307.19521759904
30,2010-11-26,462732.36,1,train,583395.8634360244,-120663.50343602442,120663.50343602442
31,2010-11-26,1858856.06,1,train,1521942.065436025,336913.99456397514,336913.99456397514
32,2010-11-26,1634635.86,1,train,1238537.0340047076,396098.8259952925,396098.8259952925
33,2010-11-26,240044.57,1,train,367919.7060567016,-127875.1360567016,127875.1360567016
34,2010-11-26,1309476.68,1,train,1062313.8685345284,247162.81146547152,247162.81146547152
35,2010-11-26,1781866.98,1,train,1105579.079948088,676287.9000519121,676287.9000519121
36,2010-11-26,408891.49,1,train,565825.1640851554,-156933.67408515536,156933.67408515536
37,2010-11-26,518220.72,1,train,664242.8638767513,-146022.1438767513,146022.1438767513
38,2010-11-26,360857.98,1,train,452289.0990279721,-91431.1190279721,91431.1190279721
39,2010-11-26,2149355.2,1,train,1524847.1074592976,624508.0925407025,624508.0925407025
40,2010-11-26,1166142.85,1,train,1075066.615276055,91076.23472394515,91076.23472394515
41,2010-11-26,1866681.57,1,train,1310130.044179652,556551.5258203482,556551.5258203482
42,2010-11-26,522296.71,1,train,659430.599728897,-137133.88972889696,137133.88972889696
43,2010-11-26,633520.34,1,train,758526.3278883465,-125005.98788834654,125005.98788834654
44,2010-11-26,307646.5,1,train,376663.85812515626,-69017.35812515626,69017.35812515626
45,2010-11-26,1182500.16,1,train,914903.9547873761,267596.2052126238,267596.2052126238
1,2010-12-03,1548033.78,0,train,1706846.8943164442,-158813.11431644415,158813.11431644415
2,2010-12-03,2015781.27,0,train,2116383.2816986977,-100602.0116986977,100602.0116986977
3,2010-12-03,476420.77,0,train,588679.6762705465,-112258.90627054649,112258.90627054649
4,2010-12-03,2102530.17,0,train,2221297.8300537793,-118767.66005377937,118767.66005377937
5,2010-12-03,344490.88,0,train,502910.83362901036,-158419.95362901036,158419.95362901036
6,2010-12-03,1677067.24,0,train,1759830.5551222614,-82763.31512226141,82763.31512226141
7,2010-12-03,552811.62,0,train,752064.577651245,-199252.95765124506,199252.95765124506
8,2010-12-03,952766.93,0,train,1088058.090713975,-135291.16071397497,135291.16071397497
9,2010-12-03,578164.82,0,train,722739.4921485095,-144574.67214850953,144574.67214850953
10,2010-12-03,2251206.64,0,train,2097535.8630203973,153670.77697960287,153670.77697960287
11,2010-12-03,1380522.64,0,train,1540255.6643750072,-159733.02437500726,159733.02437500726
12,2010-12-03,1069533.17,0,train,1163400.017696948,-93866.8476969481,93866.8476969481
13,2010-12-03,2083379.89,0,train,2132394.898407105,-49015.00840710499,49015.00840710499
14,2010-12-03,2258489.63,0,train,2311658.990298255,-53169.36029825499,53169.36029825499
15,2010-12-03,754134.95,0,train,849367.236252327,-95232.28625232703,95232.28625232703
16,2010-12-03,512260.59,0,train,704224.4958571449,-191963.9058571449,191963.9058571449
17,2010-12-03,926573.81,0,train,1047018.0224935291,-120444.21249352908,120444.21249352908
18,2010-12-03,1211026.13,0,train,1299946.4884106219,-88920.358410622,88920.358410622
19,2010-12-03,1615987.96,0,train,1674121.9310890278,-58133.97108902782,58133.97108902782
20,2010-12-03,2416051.17,0,train,2282503.288934343,133547.8810656569,133547.8810656569
21,2010-12-03,829210.73,0,train,966244.1606358993,-137033.4306358993,137033.4306358993
22,2010-12-03,1230514.58,0,train,1236885.9357130383,-6371.35571303824,6371.35571303824
23,2010-12-03,1617025.41,0,train,1584559.9058975768,32465.50410242309,32465.50410242309
24,2010-12-03,1413302.7,0,train,1567462.2326238453,-154159.53262384539,154159.53262384539
25,2010-12-03,885572.96,0,train,906141.3900967346,-20568.430096734664,20568.430096734664
26,2010-12-03,1016143.64,0,train,1209811.05364976,-193667.41364976007,193667.41364976007
27,2010-12-03,1884343.67,0,train,2026412.4839667566,-142068.8139667567,142068.8139667567
28,2010-12-03,1447916.29,0,train,1499548.3358145952,-51632.045814595185,51632.045814595185
29,2010-12-03,642678.53,0,train,749738.2204952288,-107059.69049522874,107059.69049522874
30,2010-12-03,407112.22,0,train,639516.9741653113,-232404.75416531134,232404.75416531134
31,2010-12-03,1338716.37,0,train,1578063.1761653116,-239346.8061653115,239346.8061653115
32,2010-12-03,1200892.56,0,train,1344850.637480499,-143958.07748049893,143958.07748049893
33,2010-12-03,209986.25,0,train,445416.3077094904,-235430.05770949041,235430.05770949041
34,2010-12-03,1001512.21,0,train,1136603.5830748403,-135091.3730748403,135091.3730748403
35,2010-12-03,982598.88,0,train,1184703.9351955298,-202105.05519552983,202105.05519552983
36,2010-12-03,360266.09,0,train,619681.6958452552,-259415.60584525514,259415.60584525514
37,2010-12-03,508213.14,0,train,718243.5731055982,-210030.4331055982,210030.4331055982
38,2010-12-03,351925.36,0,train,529001.3305204774,-177075.9705204774,177075.9705204774
39,2010-12-03,1431910.98,0,train,1576298.6136672231,-144387.63366722316,144387.63366722316
40,2010-12-03,1000582.06,0,train,1169230.8546948074,-168648.79469480738,168648.79469480738
41,2010-12-03,1220115.75,0,train,1423418.9394379652,-203303.18943796516,203303.18943796516
42,2010-12-03,500250.8,0,train,736619.0559615744,-236368.25596157444,236368.25596157444
43,2010-12-03,557543.62,0,train,821258.520858544,-263714.90085854405,263714.90085854405
44,2010-12-03,264214.12,0,train,462439.1844598367,-198225.0644598367,198225.0644598367
45,2010-12-03,879244.9,0,train,992852.9561806085,-113608.05618060846,113608.05618060846
1,2010-12-10,1682614.26,0,train,1727531.8644005293,-44917.60440052929,44917.60440052929
2,2010-12-10,2378726.55,0,train,2134577.5449854545,244149.00501454528,244149.00501454528
3,2010-12-10,467642.03,0,train,610209.1439760283,-142567.11397602828,142567.11397602828
4,2010-12-10,2302504.86,0,train,2239952.2312337025,62552.62876629736,62552.62876629736
5,2010-12-10,352811.53,0,train,523311.66575973015,-170500.13575973012,170500.13575973012
6,2010-12-10,1834737.58,0,train,1777983.372788477,56754.207211523084,56754.207211523084
7,2010-12-10,599730.07,0,train,783914.9179791403,-184184.84797914035,184184.84797914035
8,2010-12-10,1069061.63,0,train,1115890.198280233,-46828.56828023307,46828.56828023307
9,2010-12-10,618121.82,0,train,741017.770031411,-122895.95003141102,122895.95003141102
10,2010-12-10,2411790.21,0,train,2150568.2172173257,261221.99278267426,261221.99278267426
11,2010-12-10,1564516.43,0,train,1561953.2114005499,2563.218599450076,2563.218599450076
12,2010-12-10,1121934.15,0,train,1213017.8244961048,-91083.67449610494,91083.67449610494
13,2010-12-10,2461468.35,0,train,2188399.424162288,273068.9258377119,273068.9258377119
14,2010-12-10,2600519.26,0,train,2309006.104675871,291513.1553241289,291513.1553241289
15,2010-12-10,847294.04,0,train,842007.8246765941,5286.215323405922,5286.215323405922
16,2010-12-10,570103.64,0,train,752826.7417510963,-182723.1017510963,182723.1017510963
17,2010-12-10,962475.55,0,train,1097952.1554268794,-135476.60542687937,135476.60542687937
18,2010-12-10,1416168.98,0,train,1294644.376001718,121524.603998282,121524.603998282
19,2010-12-10,1799070.98,0,train,1668191.1937338114,130879.7862661886,130879.7862661886
20,2010-12-10,2752122.08,0,train,2277474.3292545816,474647.7507454185,474647.7507454185
21,2010-12-10,943891.64,0,train,983738.0934224031,-39846.45342240308,39846.45342240308
22,2010-12-10,1367202.84,0,train,1232863.8127898772,134339.0272101229,134339.0272101229
23,2010-12-10,1872365.99,0,train,1571610.1844259081,300755.80557409185,300755.80557409185
24,2010-12-10,1593012.75,0,train,1565873.5443701989,27139.205629801145,27139.205629801145
25,2010-12-10,964729.18,0,train,905146.3340984315,59582.84590156854,59582.84590156854
26,2010-12-10,1149612.04,0,train,1205405.3642811803,-55793.32428118028,55793.32428118028
27,2010-12-10,2139733.68,0,train,2021985.8418573642,117747.838142636,117747.838142636
28,2010-12-10,1466164.49,0,train,1549166.142613752,-83001.65261375206,83001.65261375206
29,2010-12-10,713834.74,0,train,745724.7162067909,-31889.97620679089,31889.97620679089
30,2010-12-10,428631.91,0,train,657010.9069518151,-228378.99695181515,228378.99695181515
31,2010-12-10,1475685.1,0,train,1595557.1089518154,-119872.00895181531,119872.00895181531
32,2010-12-10,1377322.73,0,train,1374123.7615674625,3198.968432537513,3198.968432537513
33,2010-12-10,253050.1,0,train,494414.75822496077,-241364.65822496076,241364.65822496076
34,2010-12-10,1086661.02,0,train,1186716.8303261367,-100055.81032613665,100055.81032613665
35,2010-12-10,1108580.19,0,train,1180565.6480236317,-71985.45802363171,71985.45802363171
36,2010-12-10,404545.03,0,train,640725.4648213504,-236180.43482135038,236180.43482135038
37,2010-12-10,511207.52,0,train,739864.0519566825,-228656.53195668245,228656.53195668245
38,2010-12-10,355965.23,0,train,578619.1373196342,-222653.90731963422,222653.90731963422
39,2010-12-10,1630564.48,0,train,1597554.9206581754,33009.55934182461,33009.55934182461
40,2010-12-10,1111215.72,0,train,1162500.0680653872,-51284.348065387225,51284.348065387225
41,2010-12-10,1434908.13,0,train,1451179.3496443818,-16271.219644381898,16271.219644381898
42,2010-12-10,585175.24,0,train,789651.4101585031,-204476.1701585031,204476.1701585031
43,2010-12-10,598679.02,0,train,872564.3725157925,-273885.3525157925,273885.3525157925
44,2010-12-10,278253.28,0,train,518443.7102150201,-240190.43021502008,240190.43021502008
45,2010-12-10,1002364.34,0,train,990200.0705582247,12164.26944177528,12164.26944177528
1,2010-12-17,1891034.93,0,train,1761462.4066037992,129572.52339620073,129572.52339620073
2,2010-12-17,2609166.75,0,train,2164420.079888481,444746.6701115188,444746.6701115188
3,2010-12-17,498159.39,0,train,637285.8414016209,-139126.45140162087,139126.45140162087
4,2010-12-17,2740057.14,0,train,2276389.1259205397,463668.0140794604,463668.0140794604
5,2010-12-17,367801.19,0,train,556762.8635485503,-188961.6735485503,188961.6735485503
6,2010-12-17,2090268.95,0,train,1812661.7358388864,277607.2141611136,277607.2141611136
7,2010-12-17,716388.81,0,train,799654.3848645836,-83265.57486458356,83265.57486458356
8,2010-12-17,1220579.55,0,train,1147140.6049343664,73438.94506563363,73438.94506563363
9,2010-12-17,685243.2,0,train,775180.5222829266,-89937.32228292665,89937.32228292665
10,2010-12-17,2811646.85,0,train,2171874.2449104306,639772.6050895695,639772.6050895695
11,2010-12-17,1843971.15,0,train,1589674.2128863754,254296.93711362453,254296.93711362453
12,2010-12-17,1295605.35,0,train,1245829.2544661954,49776.095533804735,49776.095533804735
13,2010-12-17,2771646.81,0,train,2208792.774930499,562854.035069501,562854.035069501
14,2010-12-17,2762861.41,0,train,2333331.551284366,429529.8587156343,429529.8587156343
15,2010-12-17,983825.15,0,train,870874.0447899695,112951.10521003057,112951.10521003057
16,2010-12-17,648652.01,0,train,761534.8904139977,-112882.88041399769,112882.88041399769
17,2010-12-17,1049372.38,0,train,1104506.975510087,-55134.59551008721,55134.59551008721
18,2010-12-17,1588430.71,0,train,1323309.4342552435,265121.27574475645,265121.27574475645
19,2010-12-17,1911967.44,0,train,1698121.9162075717,213845.5237924282,213845.5237924282
20,2010-12-17,2819193.17,0,train,2301217.1589924493,517976.01100755064,517976.01100755064
21,2010-12-17,1147556.83,0,train,1014224.9323856628,133331.89761433727,133331.89761433727
22,2010-12-17,1527682.99,0,train,1262283.5279252834,265399.4620747166,265399.4620747166
23,2010-12-17,2238573.48,0,train,1603552.7894206184,635020.6905793815,635020.6905793815
24,2010-12-17,1663525.77,0,train,1593479.1695831183,70046.60041688173,70046.60041688173
25,2010-12-17,1047707.59,0,train,926508.0401354384,121199.54986456153,121199.54986456153
26,2010-12-17,1196813.33,0,train,1240373.3970369846,-43560.06703698449,43560.06703698449
27,2010-12-17,2350098.36,0,train,2049337.6480318,300760.7119681998,300760.7119681998
28,2010-12-17,1510443.62,0,train,1581977.5725838426,-71533.95258384245,71533.95258384245
29,2010-12-17,850538.25,0,train,775146.1314005897,75392.11859941029,75392.11859941029
30,2010-12-17,445332.28,0,train,687497.7459150748,-242165.4659150748,242165.4659150748
31,2010-12-17,1714667.0,0,train,1626043.9479150753,88623.05208492465,88623.05208492465
32,2010-12-17,1557776.1,0,train,1398127.1283558935,159648.97164410655,159648.97164410655
33,2010-12-17,238875.26,0,train,520651.1126398479,-281775.8526398479,281775.8526398479
34,2010-12-17,1227148.13,0,train,1213461.1508894698,13686.979110530112,13686.979110530112
35,2010-12-17,1314987.4,0,train,1207376.7886902655,107610.6113097344,107610.6113097344
36,2010-12-17,410214.7,0,train,679028.929023198,-268814.22902319796,268814.22902319796
37,2010-12-17,534285.21,0,train,777698.9393851014,-243413.72938510147,243413.72938510147
38,2010-12-17,334441.15,0,train,611430.5672897247,-276989.4172897247,276989.4172897247
39,2010-12-17,1842172.46,0,train,1634269.2792861895,207903.1807138105,207903.1807138105
40,2010-12-17,1179036.3,0,train,1190072.6107385177,-11036.31073851767,11036.31073851767
41,2010-12-17,1627904.68,0,train,1470028.2839509493,157876.3960490506,157876.3960490506
42,2010-12-17,537455.65,0,train,810957.4378516078,-273501.7878516078,273501.7878516078
43,2010-12-17,615761.77,0,train,907902.7666892754,-292140.9966892754,292140.9966892754
44,2010-12-17,278646.35,0,train,538837.0609832308,-260190.71098323085,260190.71098323085
45,2010-12-17,1123282.85,0,train,1014525.5171667194,108757.33283328067,108757.33283328067
1,2010-12-24,2387950.2,0,train,1790877.1084695,597073.0915305002,597073.0915305002
2,2010-12-24,3436007.68,0,train,2193640.202310832,1242367.477689168,1242367.477689168
3,2010-12-24,605990.41,0,train,673605.1599639485,-67614.7499639485,67614.7499639485
4,2010-12-24,3526713.39,0,train,2289430.027545083,1237283.3624549173,1237283.3624549173
5,2010-12-24,466010.25,0,train,588724.3145632313,-122714.06456323131,122714.06456323131
6,2010-12-24,2727575.18,0,train,1843022.171481904,884553.0085180961,884553.0085180961
7,2010-12-24,1045124.88,0,train,836997.4209531908,208127.45904680924,208127.45904680924
8,2010-12-24,1511641.09,0,train,1171358.0075900618,340283.08240993833,340283.08240993833
9,2010-12-24,873347.55,0,train,801049.8949177213,72297.65508227877,72297.65508227877
10,2010-12-24,3749057.69,0,train,2192365.617132435,1556692.0728675649,1556692.0728675649
11,2010-12-24,2306265.36,0,train,1625265.1877284397,681000.1722715602,681000.1722715602
12,2010-12-24,1768249.89,0,train,1266073.4734118215,502176.41658817837,502176.41658817837
13,2010-12-24,3595903.2,0,train,2230413.753025318,1365489.4469746822,1365489.4469746822
14,2010-12-24,3818686.45,0,train,2355552.851313514,1463133.598686486,1463133.598686486
15,2010-12-24,1368318.17,0,train,892680.2905265434,475637.87947345653,475637.87947345653
16,2010-12-24,1004730.69,0,train,802099.4468037696,202631.24319623038,202631.24319623038
17,2010-12-24,1309226.79,0,train,1131058.2803266887,178168.50967331138,178168.50967331138
18,2010-12-24,2027507.15,0,train,1347997.1218743804,679510.0281256195,679510.0281256195
19,2010-12-24,2678206.42,0,train,1718387.4348435886,959818.9851564113,959818.9851564113
20,2010-12-24,3766687.43,0,train,2326189.874283301,1440497.555716699,1440497.555716699
21,2010-12-24,1587257.78,0,train,1044117.3720882565,543140.4079117435,543140.4079117435
22,2010-12-24,1962445.04,0,train,1282884.774048178,679560.265951822,679560.265951822
23,2010-12-24,2734277.1,0,train,1625859.3533388947,1108417.7466611054,1108417.7466611054
24,2010-12-24,2386015.75,0,train,1615229.3888796722,770786.3611203278,770786.3611203278
25,2010-12-24,1295391.19,0,train,952153.0727065331,343238.1172934668,343238.1172934668
26,2010-12-24,1573982.47,0,train,1266293.6663365671,307688.80366343283,307688.80366343283
27,2010-12-24,3078162.08,0,train,2071007.3162935597,1007154.7637064403,1007154.7637064403
28,2010-12-24,2026026.39,0,train,1602221.7915294687,423804.5984705312,423804.5984705312
29,2010-12-24,1130926.79,0,train,795743.8888982481,335182.90110175195,335182.90110175195
30,2010-12-24,519354.88,0,train,717390.1856176686,-198035.30561766855,198035.30561766855
31,2010-12-24,2068942.97,0,train,1655936.3876176688,413006.58238233114,413006.58238233114
32,2010-12-24,1949183.14,0,train,1405636.0851337148,543547.0548662851,543547.0548662851
33,2010-12-24,249246.8,0,train,545064.3356632702,-295817.5356632702,295817.5356632702
34,2010-12-24,1620748.25,0,train,1236194.6266375172,384553.62336248276,384553.62336248276
35,2010-12-24,1779236.54,0,train,1228794.1463817172,550442.3936182829,550442.3936182829
36,2010-12-24,422093.59,0,train,707901.2900422054,-285807.70004220534,285807.70004220534
37,2010-12-24,576809.92,0,train,806787.5666072298,-229977.64660722972,229977.64660722972
38,2010-12-24,369106.72,0,train,631674.7862353508,-262568.0662353508,262568.0662353508
39,2010-12-24,2495489.25,0,train,1666663.4664695128,828825.7835304872,828825.7835304872
40,2010-12-24,1648829.18,0,train,1215908.8403780698,432920.33962193015,432920.33962193015
41,2010-12-24,2225016.73,0,train,1487762.0660324672,737254.6639675328,737254.6639675328
42,2010-12-24,555075.27,0,train,831448.8100736123,-276373.54007361224,276373.54007361224
43,2010-12-24,656637.63,0,train,932180.8001200797,-275543.17012007965,275543.17012007965
44,2010-12-24,365098.24,0,train,560458.0390780498,-195359.79907804984,195359.79907804984
45,2010-12-24,1682862.03,0,train,1036746.8171958679,646115.2128041321,646115.2128041321
1,2010-12-31,1367320.01,1,train,1804675.9080849555,-437355.8980849555,437355.8980849555
2,2010-12-31,1750434.55,1,train,2210886.1405870155,-460451.5905870155,460451.5905870155
3,2010-12-31,382677.76,1,train,687221.2311162303,-304543.47111623024,304543.47111623024
4,2010-12-31,1794868.74,1,train,2300726.2569637406,-505857.5169637406,505857.5169637406
5,2010-12-31,298180.18,1,train,598822.9152654088,-300642.7352654088,300642.7352654088
6,2010-12-31,1464050.02,1,train,1851127.571235038,-387077.5512350381,387077.5512350381
7,2010-12-31,729572.08,1,train,827557.982938916,-97985.902938916,97985.902938916
8,2010-12-31,773586.49,1,train,1184301.5565998433,-410715.0665998433,410715.0665998433
9,2010-12-31,459770.85,1,train,811723.5631051844,-351952.7131051844,351952.7131051844
10,2010-12-31,1707298.14,1,train,2191679.924327652,-484381.7843276521,484381.7843276521
11,2010-12-31,1172003.1,1,train,1637928.8094003769,-465925.70940037677,465925.70940037677
12,2010-12-31,891736.91,1,train,1268217.115828061,-376480.205828061,376480.205828061
13,2010-12-31,1675292.0,1,train,2231675.988770354,-556383.9887703541,556383.9887703541
14,2010-12-31,1623716.46,1,train,2377149.240581839,-753432.7805818389,753432.7805818389
15,2010-12-31,543754.17,1,train,920776.3972901426,-377022.22729014256,377022.22729014256
16,2010-12-31,575317.38,1,train,791203.3213489682,-215885.9413489682,215885.9413489682
17,2010-12-31,635862.55,1,train,1138819.5831140745,-502957.0331140745,502957.0331140745
18,2010-12-31,887907.01,1,train,1366204.5619744046,-478297.5519744046,478297.5519744046
19,2010-12-31,1275146.94,1,train,1749649.0354683322,-474502.0954683323,474502.0954683323
20,2010-12-31,1799737.79,1,train,2360566.411576954,-560828.6215769541,560828.6215769541
21,2010-12-31,672903.23,1,train,1057357.419902992,-384454.189902992,384454.189902992
22,2010-12-31,774262.28,1,train,1303308.7471542384,-529046.4671542384,529046.4671542384
23,2010-12-31,1169773.85,1,train,1638884.3477370453,-469110.49773704517,469110.49773704517
24,2010-12-31,1208600.05,1,train,1634053.119819919,-425453.06981991907,425453.06981991907
25,2010-12-31,623092.54,1,train,984484.6449394474,-361392.10493944737,361392.10493944737
26,2010-12-31,877268.29,1,train,1281643.7579955582,-404375.46799555817,404375.46799555817
27,2010-12-31,1440963.0,1,train,2090086.6548391338,-649123.6548391338,649123.6548391338
28,2010-12-31,1090558.57,1,train,1604365.4339457084,-513806.8639457084,513806.8639457084
29,2010-12-31,465992.02,1,train,816164.3733790724,-350172.3533790724,350172.3533790724
30,2010-12-31,397631.02,1,train,730630.2334324039,-332999.21343240386,332999.21343240386
31,2010-12-31,1198071.6,1,train,1669176.4354324043,-471104.8354324042,471104.8354324042
32,2010-12-31,955463.84,1,train,1422136.8888488181,-466673.0488488182,466673.0488488182
33,2010-12-31,219804.85,1,train,544014.4709983554,-324209.62099835544,324209.62099835544
34,2010-12-31,902109.69,1,train,1237658.21583262,-335548.52583262,335548.52583262
35,2010-12-31,576332.05,1,train,1248269.9729663464,-671937.9229663464,671937.9229663464
36,2010-12-31,359310.65,1,train,716256.3927630393,-356945.7427630393,356945.7427630393
37,2010-12-31,460331.7,1,train,814097.3826796464,-353765.68267964636,353765.68267964636
38,2010-12-31,303908.81,1,train,633818.4286515906,-329909.6186515906,329909.6186515906
39,2010-12-31,1230012.16,1,train,1673441.031361737,-443428.87136173714,443428.87136173714
40,2010-12-31,811318.3,1,train,1226188.5392152278,-414870.2392152278,414870.2392152278
41,2010-12-31,1001790.16,1,train,1499780.7545459499,-497990.59454594983,497990.59454594983
42,2010-12-31,428953.6,1,train,830763.117268829,-401809.51726882905,401809.51726882905
43,2010-12-31,534740.3,1,train,933027.2424205751,-398286.94242057507,398286.94242057507
44,2010-12-31,241937.11,1,train,561720.2748230861,-319783.1648230861,319783.1648230861
45,2010-12-31,679156.2,1,train,1058343.2064641926,-379187.00646419264,379187.00646419264
1,2011-01-07,1444732.28,0,train,1380871.36766679,63860.91233321,63860.91233321
2,2011-01-07,1758050.79,0,train,1781222.7809092999,-23171.990909299813,23171.990909299813
3,2011-01-07,378241.34,0,train,262136.0610177496,116105.27898225043,116105.27898225043
4,2011-01-07,1862476.27,0,train,1894499.5835673953,-32023.313567395322,32023.313567395322
5,2011-01-07,286347.26,0,train,172267.35370769806,114079.90629230195,114079.90629230195
6,2011-01-07,1350441.68,0,train,1425317.652993377,-74875.97299337713,74875.97299337713
7,2011-01-07,661163.94,0,train,400937.49838173133,260226.4416182686,260226.4416182686
8,2011-01-07,873065.23,0,train,746891.5052229542,126173.72477704578,126173.72477704578
9,2011-01-07,490981.78,0,train,378100.49750904983,112881.2824909502,112881.2824909502
10,2011-01-07,1714309.9,0,train,1759374.2392198592,-45064.339219859336,45064.339219859336
11,2011-01-07,1178905.44,0,train,1210742.6478011368,-31837.207801136887,31837.207801136887
12,2011-01-07,910110.24,0,train,831829.7172298946,78280.5227701054,78280.5227701054
13,2011-01-07,1744544.39,0,train,1786773.611108053,-42229.22110805311,42229.22110805311
14,2011-01-07,1864746.1,0,train,1968300.2382205208,-103554.13822052069,103554.13822052069
15,2011-01-07,509640.77,0,train,513427.1940785111,-3786.424078511074,3786.424078511074
16,2011-01-07,573545.96,0,train,355861.0018688844,217684.95813111553,217684.95813111553
17,2011-01-07,1083071.14,0,train,672854.0197721252,410217.1202278747,410217.1202278747
18,2011-01-07,933960.3,0,train,956450.7233131456,-22490.423313145526,22490.423313145526
19,2011-01-07,1224175.99,0,train,1338658.1136553842,-114482.12365538417,114482.12365538417
20,2011-01-07,1843030.95,0,train,1944938.4107103348,-101907.46071033482,101907.46071033482
21,2011-01-07,629152.06,0,train,626741.6107449315,2410.4492550685536,2410.4492550685536
22,2011-01-07,873954.7,0,train,891542.9521461308,-17588.252146130893,17588.252146130893
23,2011-01-07,1122034.48,0,train,1241770.481884,-119736.00188399991,119736.00188399991
24,2011-01-07,1178641.71,0,train,1222008.6680456584,-43366.95804565842,43366.95804565842
25,2011-01-07,558794.63,0,train,570341.3447333646,-11546.714733364643,11546.714733364643
26,2011-01-07,938149.21,0,train,868487.8573362895,69661.35266371048,69661.35266371048
27,2011-01-07,1568159.48,0,train,1682471.0643819629,-114311.5843819629,114311.5843819629
28,2011-01-07,1402902.47,0,train,1167978.0353475418,234924.43465245818,234924.43465245818
29,2011-01-07,455952.18,0,train,408355.2848256348,47596.8951743652,47596.8951743652
30,2011-01-07,451077.21,0,train,300014.42427434353,151062.7857256565,151062.7857256565
31,2011-01-07,1311986.87,0,train,1238560.626274344,73426.24372565607,73426.24372565607
32,2011-01-07,1046416.17,0,train,994816.0737913803,51600.09620861977,51600.09620861977
33,2011-01-07,243948.82,0,train,111946.5860358181,132002.2339641819,132002.2339641819
34,2011-01-07,900646.94,0,train,780308.1657694045,120338.77423059545,120338.77423059545
35,2011-01-07,649289.75,0,train,841132.6491913272,-191842.89919132716,191842.89919132716
36,2011-01-07,384659.85,0,train,294528.26594835473,90131.58405164524,90131.58405164524
37,2011-01-07,542464.02,0,train,393811.0305524339,148652.9894475661,148652.9894475661
38,2011-01-07,386344.54,0,train,197431.03005342395,188913.50994657603,188913.50994657603
39,2011-01-07,1224475.12,0,train,1250521.4365535725,-26046.316553572426,26046.316553572426
40,2011-01-07,894280.19,0,train,817869.3853581315,76410.80464186845,76410.80464186845
41,2011-01-07,1153596.53,0,train,1078098.022542754,75498.50745724607,75498.50745724607
42,2011-01-07,592947.75,0,train,398457.43216103653,194490.31783896347,194490.31783896347
43,2011-01-07,611796.61,0,train,479610.7132979379,132185.8967020621,132185.8967020621
44,2011-01-07,288320.38,0,train,118386.54586126714,169933.83413873287,169933.83413873287
45,2011-01-07,680254.35,0,train,649494.2041028745,30760.145897125476,30760.145897125476
1,2011-01-14,1391013.96,0,train,1360003.3474428626,31010.612557137385,31010.612557137385
2,2011-01-14,1744193.58,0,train,1763716.9149329416,-19523.334932941478,19523.334932941478
3,2011-01-14,381061.1,0,train,253252.19701428025,127808.90298571973,127808.90298571973
4,2011-01-14,1865502.46,0,train,1888463.4685033008,-22961.008503300836,22961.008503300836
5,2011-01-14,260636.71,0,train,157869.46492871363,102767.24507128636,102767.24507128636
6,2011-01-14,1306194.55,0,train,1414139.6839048625,-107945.13390486245,107945.13390486245
7,2011-01-14,547384.9,0,train,420646.72514416196,126738.17485583806,126738.17485583806
8,2011-01-14,809646.66,0,train,750445.4338320157,59201.22616798431,59201.22616798431
9,2011-01-14,458086.69,0,train,378180.48252690025,79906.20747309976,79906.20747309976
10,2011-01-14,1710803.59,0,train,1793837.5923236653,-83034.00232366519,83034.00232366519
11,2011-01-14,1194449.78,0,train,1200458.1227971613,-6008.342797161313,6008.342797161313
12,2011-01-14,812011.8,0,train,863379.6954526473,-51367.89545264724,51367.89545264724
13,2011-01-14,1682316.31,0,train,1812672.5668555037,-130356.25685550366,130356.25685550366
14,2011-01-14,1699095.9,0,train,1956978.6491271434,-257882.74912714353,257882.74912714353
15,2011-01-14,479424.2,0,train,498201.9659461952,-18777.76594619517,18777.76594619517
16,2011-01-14,470365.59,0,train,386327.30511520384,84038.28488479619,84038.28488479619
17,2011-01-14,758510.36,0,train,717465.8064863409,41044.55351365905,41044.55351365905
18,2011-01-14,777175.28,0,train,951498.5073675863,-174323.22736758622,174323.22736758622
19,2011-01-14,1181204.53,0,train,1327186.6570044253,-145982.12700442527,145982.12700442527
20,2011-01-14,1884345.01,0,train,1929382.7741915,-45037.76419149991,45037.76419149991
21,2011-01-14,650789.13,0,train,613633.8203101635,37155.30968983646,37155.30968983646
22,2011-01-14,807535.52,0,train,885505.5707995153,-77970.05079951533,77970.05079951533
23,2011-01-14,1016756.1,0,train,1230655.3575362125,-213899.25753621256,213899.25753621256
24,2011-01-14,1167740.2,0,train,1214318.996096067,-46578.796096066944,46578.796096066944
25,2011-01-14,572360.83,0,train,555738.157694874,16622.672305125976,16622.672305125976
26,2011-01-14,812323.29,0,train,871883.5809537482,-59560.29095374816,59560.29095374816
27,2011-01-14,1532308.62,0,train,1673640.2005912946,-141331.58059129445,141331.58059129445
28,2011-01-14,1098286.61,0,train,1199528.0135702945,-101241.40357029438,101241.40357029438
29,2011-01-14,426905.26,0,train,402310.55329968047,24594.70670031954,24594.70670031954
30,2011-01-14,465408.72,0,train,286906.6338395756,178502.0861604244,178502.0861604244
31,2011-01-14,1350730.31,0,train,1225452.835839576,125277.47416042397,125277.47416042397
32,2011-01-14,1028206.51,0,train,1005224.9115104484,22981.598489551572,22981.598489551572
33,2011-01-14,259527.75,0,train,148735.0364004646,110792.7135995354,110792.7135995354
34,2011-01-14,898610.33,0,train,813462.5454994781,85147.78450052184,85147.78450052184
35,2011-01-14,687670.78,0,train,832157.6079319118,-144486.8279319118,144486.8279319118
36,2011-01-14,410497.73,0,train,279024.6886629615,131473.0413370385,131473.0413370385
37,2011-01-14,525616.9,0,train,377514.47718893096,148102.42281106906,148102.42281106906
38,2011-01-14,356138.79,0,train,228981.00827617664,127157.78172382334,127157.78172382334
39,2011-01-14,1193199.39,0,train,1234897.2004703127,-41697.810470312834,41697.810470312834
40,2011-01-14,771315.62,0,train,818267.6944345066,-46952.07443450659,46952.07443450659
41,2011-01-14,1052609.16,0,train,1090663.878202602,-38054.71820260212,38054.71820260212
42,2011-01-14,613899.15,0,train,432920.78526484256,180978.36473515746,180978.36473515746
43,2011-01-14,614940.07,0,train,503166.99213710276,111773.07786289719,111773.07786289719
44,2011-01-14,292859.36,0,train,144285.50160871772,148573.85839128227,148573.85839128227
45,2011-01-14,654018.95,0,train,638172.6150094969,15846.334990503034,15846.334990503034
1,2011-01-21,1327405.42,0,train,1399157.1578479859,-71751.73784798593,71751.73784798593
2,2011-01-21,1751384.9,0,train,1802137.2819398623,-50752.38193986239,50752.38193986239
3,2011-01-21,350876.7,0,train,285003.8726454909,65872.82735450909,65872.82735450909
4,2011-01-21,1886393.94,0,train,1920861.3962393496,-34467.456239349674,34467.456239349674
5,2011-01-21,275313.34,0,train,194314.26604682824,80999.07395317178,80999.07395317178
6,2011-01-21,1261253.18,0,train,1451047.0632547904,-189793.88325479045,189793.88325479045
7,2011-01-21,521539.46,0,train,474716.986988651,46822.47301134904,46822.47301134904
8,2011-01-21,822668.23,0,train,794691.6962520037,27976.53374799632,27976.53374799632
9,2011-01-21,454021.69,0,train,416406.63298125204,37615.05701874796,37615.05701874796
10,2011-01-21,1677556.18,0,train,1826283.5153525574,-148727.33535255748,148727.33535255748
11,2011-01-21,1187776.19,0,train,1232742.049608564,-44965.85960856406,44965.85960856406
12,2011-01-21,802105.5,0,train,901865.3774130865,-99759.87741308648,99759.87741308648
13,2011-01-21,1770177.37,0,train,1866184.6229222282,-96007.25292222807,96007.25292222807
14,2011-01-21,1743188.87,0,train,1987225.9539215488,-244037.08392154868,244037.08392154868
15,2011-01-21,487311.03,0,train,517845.22366077267,-30534.19366077264,30534.19366077264
16,2011-01-21,462888.13,0,train,432161.68027671555,30726.44972328446,30726.44972328446
17,2011-01-21,755804.37,0,train,759352.3762488627,-3548.0062488627154,3548.0062488627154
18,2011-01-21,891148.55,0,train,964026.2156093749,-72877.66560937488,72877.66560937488
19,2011-01-21,1212967.84,0,train,1343496.3415377978,-130528.50153779774,130528.50153779774
20,2011-01-21,1781805.66,0,train,1963598.9090190334,-181793.2490190335,181793.2490190335
21,2011-01-21,663941.73,0,train,652614.4517172866,11327.278282713378,11327.278282713378
22,2011-01-21,855001.02,0,train,904170.6770267966,-49169.6570267966,49169.6570267966
23,2011-01-21,1110706.06,0,train,1236235.7872154897,-125529.7272154896,125529.7272154896
24,2011-01-21,1107170.39,0,train,1231076.8921496014,-123906.50214960147,123906.50214960147
25,2011-01-21,568093.57,0,train,583987.4766602503,-15893.906660250388,15893.906660250388
26,2011-01-21,809833.21,0,train,874382.5564319113,-64549.34643191134,64549.34643191134
27,2011-01-21,1517029.9,0,train,1699252.7769713043,-182222.87697130442,182222.87697130442
28,2011-01-21,1079669.11,0,train,1238013.6955307338,-158344.5855307337,158344.5855307337
29,2011-01-21,445134.15,0,train,420945.1435036771,24189.006496322923,24189.006496322923
30,2011-01-21,439132.62,0,train,325887.26524669863,113245.35475330136,113245.35475330136
31,2011-01-21,1344167.13,0,train,1264433.4672466991,79733.66275330074,79733.66275330074
32,2011-01-21,1078348.91,0,train,1055849.547293692,22499.36270630802,22499.36270630802
33,2011-01-21,244856.44,0,train,178547.71674840502,66308.72325159499,66308.72325159499
34,2011-01-21,891025.39,0,train,851687.2229976333,39338.16700236674,39338.16700236674
35,2011-01-21,659902.07,0,train,857770.1843119212,-197868.1143119213,197868.1143119213
36,2011-01-21,399191.05,0,train,316365.68099082075,82825.36900917924,82825.36900917924
37,2011-01-21,526486.82,0,train,415720.5343292734,110766.28567072656,110766.28567072656
38,2011-01-21,341098.08,0,train,267466.69023661595,73631.38976338407,73631.38976338407
39,2011-01-21,1243370.74,0,train,1273663.5220108577,-30292.782010857714,30292.782010857714
40,2011-01-21,764014.75,0,train,820234.4187324774,-56219.66873247735,56219.66873247735
41,2011-01-21,1088025.8,0,train,1134033.0900032225,-46007.29000322241,46007.29000322241
42,2011-01-21,533414.62,0,train,465366.7082937346,68047.91170626541,68047.91170626541
43,2011-01-21,601004.79,0,train,544898.8304630024,56105.9595369976,56105.9595369976
44,2011-01-21,276157.8,0,train,197797.55767544243,78360.24232455756,78360.24232455756
45,2011-01-21,644285.33,0,train,668419.9198039025,-24134.58980390255,24134.58980390255
1,2011-01-28,1316899.31,0,train,1409192.1113312128,-92292.80133121274,92292.80133121274
2,2011-01-28,1695371.68,0,train,1816761.3033295723,-121389.62332957238,121389.62332957238
3,2011-01-28,364866.24,0,train,289989.80183565593,74876.43816434406,74876.43816434406
4,2011-01-28,1814240.85,0,train,1937067.0871744766,-122826.2371744765,122826.2371744765
5,2011-01-28,279088.39,0,train,202396.5671833196,76691.82281668042,76691.82281668042
6,2011-01-28,1287034.7,0,train,1458275.3212826196,-171240.62128261966,171240.62128261966
7,2011-01-28,513372.17,0,train,442617.7973539422,70754.3726460578,70754.3726460578
8,2011-01-28,782256.66,0,train,797521.298662888,-15264.63866288797,15264.63866288797
9,2011-01-28,463561.48,0,train,424785.58229620557,38775.89770379441,38775.89770379441
10,2011-01-28,1715769.05,0,train,1821772.4203310797,-106003.3703310797,106003.3703310797
11,2011-01-28,1100418.69,0,train,1242098.041120309,-141679.35112030897,141679.35112030897
12,2011-01-28,873119.06,0,train,908033.4501023951,-34914.39010239509,34914.39010239509
13,2011-01-28,1633663.12,0,train,1867964.0803227893,-234300.96032278915,234300.96032278915
14,2011-01-28,1613718.38,0,train,1979602.9014931293,-365884.52149312943,365884.52149312943
15,2011-01-28,481119.6,0,train,521380.47582467593,-40260.87582467595,40260.87582467595
16,2011-01-28,448391.99,0,train,421044.3924295922,27347.597570407786,27347.597570407786
17,2011-01-28,736335.69,0,train,757490.1150481071,-21154.425048107165,21154.425048107165
18,2011-01-28,849540.85,0,train,952210.2232077284,-102669.37320772838,102669.37320772838
19,2011-01-28,1284185.49,0,train,1347283.7126817922,-63098.22268179222,63098.22268179222
20,2011-01-28,1761506.68,0,train,1962774.0213475262,-201267.3413475263,201267.3413475263
21,2011-01-28,649878.29,0,train,666930.3276868855,-17052.03768688545,17052.03768688545
22,2011-01-28,799369.15,0,train,896643.2100899741,-97274.06008997408,97274.06008997408
23,2011-01-28,1083657.61,0,train,1232935.8136969218,-149278.2036969217,149278.2036969217
24,2011-01-28,1126921.34,0,train,1224667.4512099093,-97746.1112099092,97746.1112099092
25,2011-01-28,600448.69,0,train,582966.4964486723,17482.193551327684,17482.193551327684
26,2011-01-28,817485.14,0,train,863322.9209705382,-45837.78097053815,45837.78097053815
27,2011-01-28,1421111.55,0,train,1690884.9134341779,-269773.3634341778,269773.3634341778
28,2011-01-28,1127859.69,0,train,1244181.7682200423,-116322.0782200424,116322.0782200424
29,2011-01-28,410426.97,0,train,413387.16054356983,-2960.1905435698573,2960.1905435698573
30,2011-01-28,425989.04,0,train,340203.1412162975,85785.89878370246,85785.89878370246
31,2011-01-28,1254955.68,0,train,1278749.343216298,-23793.66321629798,23793.66321629798
32,2011-01-28,1006814.85,0,train,1067478.994094792,-60664.14409479208,60664.14409479208
33,2011-01-28,231155.9,0,train,176501.7850878185,54654.11491218148,54654.11491218148
34,2011-01-28,836717.75,0,train,847863.4616255194,-11145.711625519441,11145.711625519441
35,2011-01-28,633289.78,0,train,849294.1876732345,-216004.40767323447,216004.40767323447
36,2011-01-28,372174.12,0,train,320887.3006210269,51286.8193789731,51286.8193789731
37,2011-01-28,513672.36,0,train,419485.2222485568,94187.1377514432,94187.1377514432
38,2011-01-28,357557.16,0,train,273634.7629259246,83922.39707407536,83922.39707407536
39,2011-01-28,1158698.44,0,train,1277792.381790273,-119093.94179027295,119093.94179027295
40,2011-01-28,775910.43,0,train,815645.8370934436,-39735.40709344356,39735.40709344356
41,2011-01-28,1026439.93,0,train,1143449.4924235225,-117009.56242352247,117009.56242352247
42,2011-01-28,499081.79,0,train,460855.61327225715,38226.17672774283,38226.17672774283
43,2011-01-28,562558.27,0,train,532804.1518180734,29754.118181926664,29754.118181926664
44,2011-01-28,276011.4,0,train,199577.0150760034,76434.38492399664,76434.38492399664
45,2011-01-28,617207.58,0,train,660796.867375483,-43589.28737548308,43589.28737548308
1,2011-02-04,1606629.58,0,train,1486170.7436966547,120458.8363033454,120458.8363033454
2,2011-02-04,1929346.23,0,train,1885274.843076778,44071.38692322187,44071.38692322187
3,2011-02-04,438516.53,0,train,363656.22905142524,74860.30094857479,74860.30094857479
4,2011-02-04,2119086.04,0,train,2000310.6243153652,118775.41568463482,118775.41568463482
5,2011-02-04,329613.2,0,train,275825.79266697203,53787.40733302798,53787.40733302798
6,2011-02-04,1514999.17,0,train,1527348.8511563435,-12349.681156343548,12349.681156343548
7,2011-02-04,558027.77,0,train,489371.4407093228,68656.32929067721,68656.32929067721
8,2011-02-04,944594.78,0,train,837516.526090745,107078.25390925503,107078.25390925503
9,2011-02-04,544612.28,0,train,472347.1094633378,72265.17053666222,72265.17053666222
10,2011-02-04,1968045.91,0,train,1884119.446457494,83926.46354250587,83926.46354250587
11,2011-02-04,1422546.05,0,train,1312655.000914954,109891.04908504593,109891.04908504593
12,2011-02-04,1046068.17,0,train,973522.9225736564,72545.24742634362,72545.24742634362
13,2011-02-04,1848186.58,0,train,1926206.3515488207,-78019.77154882066,78019.77154882066
14,2011-02-04,1995891.87,0,train,2074060.136489563,-78168.26648956281,78168.26648956281
15,2011-02-04,556550.85,0,train,604985.6561298871,-48434.80612988712,48434.80612988712
16,2011-02-04,479263.15,0,train,481832.65901004686,-2569.509010046837,2569.509010046837
17,2011-02-04,816603.05,0,train,808504.9755115258,8098.074488474289,8098.074488474289
18,2011-02-04,1055841.24,0,train,1049421.797290685,6419.442709315103,6419.442709315103
19,2011-02-04,1370562.11,0,train,1428871.9411462743,-58309.83114627423,58309.83114627423
20,2011-02-04,2351143.07,0,train,2059575.319119262,291567.7508807378,291567.7508807378
21,2011-02-04,596218.24,0,train,726675.7295709213,-130457.48957092129,130457.48957092129
22,2011-02-04,946060.98,0,train,993409.0749588048,-47348.09495880478,47348.09495880478
23,2011-02-04,1159438.53,0,train,1323536.2678574882,-164097.73785748822,164097.73785748822
24,2011-02-04,1225182.04,0,train,1321831.0300000224,-96648.99000002234,96648.99000002234
25,2011-02-04,639830.45,0,train,678787.3315200536,-38956.881520053605,38956.881520053605
26,2011-02-04,911807.02,0,train,959638.0720131706,-47831.052013170556,47831.052013170556
27,2011-02-04,1628100.79,0,train,1785669.8708294663,-157569.08082946623,157569.08082946623
28,2011-02-04,1564897.32,0,train,1309671.2406913037,255226.07930869632,255226.07930869632
29,2011-02-04,504126.89,0,train,510122.5098863541,-5995.619886354078,5995.619886354078
30,2011-02-04,490970.95,0,train,399948.5431003333,91022.4068996667,91022.4068996667
31,2011-02-04,1443206.46,0,train,1338494.7451003338,104711.71489966614,104711.71489966614
32,2011-02-04,1070457.8,0,train,1094007.0926028609,-23549.292602860834,23549.292602860834
33,2011-02-04,234218.03,0,train,241061.8555950328,-6843.825595032802,6843.825595032802
34,2011-02-04,971932.87,0,train,897464.5606214759,74468.30937852408,74468.30937852408
35,2011-02-04,747577.05,0,train,943934.9675997756,-196357.9175997756,196357.9175997756
36,2011-02-04,417521.7,0,train,396658.22068739834,20863.479312601674,20863.479312601674
37,2011-02-04,583835.18,0,train,495039.87611180753,88795.30388819252,88795.30388819252
38,2011-02-04,402341.76,0,train,339124.2353971858,63217.52460281423,63217.52460281423
39,2011-02-04,1343773.94,0,train,1353571.1414136044,-9797.20141360443,9797.20141360443
40,2011-02-04,904261.65,0,train,906778.5424342025,-2516.892434202484,2516.892434202484
41,2011-02-04,1179420.5,0,train,1174795.8647733333,4624.6352266666945,4624.6352266666945
42,2011-02-04,586886.16,0,train,523202.6393986713,63683.52060132875,63683.52060132875
43,2011-02-04,651521.77,0,train,581070.0453529796,70451.72464702046,70451.72464702046
44,2011-02-04,293953.08,0,train,257819.28630203498,36133.79369796504,36133.79369796504
45,2011-02-04,759442.33,0,train,755254.1023719166,4188.2276280833175,4188.2276280833175
1,2011-02-11,1649614.93,1,train,1478331.7848419053,171283.1451580946,171283.1451580946
2,2011-02-11,2168041.61,1,train,1879727.8685849202,288313.7414150797,288313.7414150797
3,2011-02-11,430526.21,1,train,365671.2789490019,64854.9310509981,64854.9310509981
4,2011-02-11,2187847.29,1,train,2004244.8553243252,183602.4346756749,183602.4346756749
5,2011-02-11,311590.54,1,train,274886.3589886876,36704.18101131235,36704.18101131235
6,2011-02-11,1486920.17,1,train,1532614.7058119487,-45694.53581194882,45694.53581194882
7,2011-02-11,559903.13,1,train,530840.1788653553,29062.95113464468,29062.95113464468
8,2011-02-11,996147.39,1,train,856788.4106760592,139358.97932394082,139358.97932394082
9,2011-02-11,555279.02,1,train,487503.7805464654,67775.2394535346,67775.2394535346
10,2011-02-11,2115408.31,1,train,1910180.0099057583,205228.30009424174,205228.30009424174
11,2011-02-11,1419236.9,1,train,1314165.8128523484,105071.08714765147,105071.08714765147
12,2011-02-11,1086421.57,1,train,998266.8646814445,88154.70531855559,88154.70531855559
13,2011-02-11,1944438.9,1,train,1955621.2366119893,-11182.33661198942,11182.33661198942
14,2011-02-11,1980405.03,1,train,2085647.605696797,-105242.57569679688,105242.57569679688
15,2011-02-11,582864.35,1,train,614213.1871804255,-31348.83718042553,31348.83718042553
16,2011-02-11,466806.89,1,train,492710.96091501997,-25904.070915019955,25904.070915019955
17,2011-02-11,813211.46,1,train,825089.8058100559,-11878.345810055966,11878.345810055966
18,2011-02-11,1122053.58,1,train,1065784.668296629,56268.91170337098,56268.91170337098
19,2011-02-11,1430851.11,1,train,1437595.2342366301,-6744.124236630043,6744.124236630043
20,2011-02-11,2211388.14,1,train,2058211.6329762687,153176.50702373148,153176.50702373148
21,2011-02-11,771908.51,1,train,730485.1705624457,41423.33943755436,41423.33943755436
22,2011-02-11,1009206.33,1,train,1006973.1267670107,2233.2032329892972,2233.2032329892972
23,2011-02-11,1249786.4,1,train,1349731.779086987,-99945.37908698712,99945.37908698712
24,2011-02-11,1341240.62,1,train,1335904.8481123126,5335.771887687501,5335.771887687501
25,2011-02-11,615666.78,1,train,678656.2270575056,-62989.447057505604,62989.447057505604
26,2011-02-11,1010711.08,1,train,977233.5246995604,33477.55530043959,33477.55530043959
27,2011-02-11,1636224.77,1,train,1797168.9755040994,-160944.20550409937,160944.20550409937
28,2011-02-11,1397301.38,1,train,1334415.1827990918,62886.19720090809,62886.19720090809
29,2011-02-11,550387.78,1,train,523656.04567127547,26731.73432872456,26731.73432872456
30,2011-02-11,470921.24,1,train,403757.98409185756,67163.25590814243,67163.25590814243
31,2011-02-11,1539230.32,1,train,1342304.1860918582,196926.13390814187,196926.13390814187
32,2011-02-11,1124357.2,1,train,1109535.5890295152,14821.610970484791,14821.610970484791
33,2011-02-11,276198.74,1,train,260007.06116072438,16191.678839275613,16191.678839275613
34,2011-02-11,1015654.6,1,train,918654.9351566744,96999.66484332562,96999.66484332562
35,2011-02-11,859258.17,1,train,955145.7173369143,-95887.54733691423,95887.54733691423
36,2011-02-11,401501.2,1,train,389660.24278258125,11840.957217418763,11840.957217418763
37,2011-02-11,522514.32,1,train,488186.0756757376,34328.24432426243,34328.24432426243
38,2011-02-11,377672.46,1,train,363868.17750497395,13804.28249502607,13804.28249502607
39,2011-02-11,1227893.89,1,train,1346437.2087774333,-118543.31877743336,118543.31877743336
40,2011-02-11,931939.52,1,train,923337.5059802175,8602.014019782539,8602.014019782539
41,2011-02-11,1150003.36,1,train,1188111.3168191875,-38107.956819187384,38107.956819187384
42,2011-02-11,628063.88,1,train,549263.2028469354,78800.67715306464,78800.67715306464
43,2011-02-11,635650.98,1,train,610433.4543515241,25217.525648475857,25217.525648475857
44,2011-02-11,307486.73,1,train,287234.17136520345,20252.55863479653,20252.55863479653
45,2011-02-11,766456.0,1,train,766841.5715791506,-385.5715791506227,385.5715791506227
1,2011-02-18,1686842.78,0,train,1536290.5544259353,150552.22557406477,150552.22557406477
2,2011-02-18,2080884.82,0,train,1947963.852115884,132920.9678841161,132920.9678841161
3,2011-02-18,432782.1,0,train,415373.36525419063,17408.734745809343,17408.734745809343
4,2011-02-18,2316495.56,0,train,2044345.198450109,272150.36154989107,272150.36154989107
5,2011-02-18,356622.61,0,train,331758.5152131823,24864.094786817674,24864.094786817674
6,2011-02-18,1572117.54,0,train,1588516.6489130547,-16399.10891305469,16399.10891305469
7,2011-02-18,572387.47,0,train,548261.9029440094,24125.56705599057,24125.56705599057
8,2011-02-18,1065108.64,0,train,918732.7673862545,146375.8726137454,146375.8726137454
9,2011-02-18,610985.56,0,train,555024.7152245976,55960.84477540245,55960.84477540245
10,2011-02-18,2106934.55,0,train,1938203.3101993462,168731.23980065365,168731.23980065365
11,2011-02-18,1554747.15,0,train,1360730.418516403,194016.73148359684,194016.73148359684
12,2011-02-18,1128485.1,0,train,1003291.311346718,125193.7886532821,125193.7886532821
13,2011-02-18,2003480.59,0,train,1982215.2879144116,21265.302085588453,21265.302085588453
14,2011-02-18,2019031.67,0,train,2113007.4453005153,-93975.77530051535,93975.77530051535
15,2011-02-18,649993.5,0,train,643730.5204127358,6262.979587264243,6262.979587264243
16,2011-02-18,491179.79,0,train,524419.4271988391,-33239.63719883916,33239.63719883916
17,2011-02-18,860962.91,0,train,859107.3604151618,1855.5495848382125,1855.5495848382125
18,2011-02-18,1095058.57,0,train,1083876.7191335037,11181.85086649633,11181.85086649633
19,2011-02-18,1457270.16,0,train,1471398.5901304898,-14128.430130489869,14128.430130489869
20,2011-02-18,2258616.24,0,train,2105943.169259872,152673.0707401284,152673.0707401284
21,2011-02-18,884701.92,0,train,800457.9737340375,84243.94626596256,84243.94626596256
22,2011-02-18,975964.86,0,train,1022732.360420232,-46767.50042023207,46767.50042023207
23,2011-02-18,1369971.57,0,train,1361632.9083016235,8338.661698376527,8338.661698376527
24,2011-02-18,1360150.12,0,train,1354525.0387606833,5625.081239316845,5625.081239316845
25,2011-02-18,634637.03,0,train,725463.3270807748,-90826.29708077479,90826.29708077479
26,2011-02-18,981978.02,0,train,987537.9003736195,-5559.880373619497,5559.880373619497
27,2011-02-18,1709365.19,0,train,1819563.2309310243,-110198.04093102436,110198.04093102436
28,2011-02-18,1514828.82,0,train,1339439.629464365,175389.190535635,175389.190535635
29,2011-02-18,542529.21,0,train,539394.9860272994,3134.2239727005363,3134.2239727005363
30,2011-02-18,417070.51,0,train,473730.7872634495,-56660.277263449505,56660.277263449505
31,2011-02-18,1539063.91,0,train,1412276.98926345,126786.92073654989,126786.92073654989
32,2011-02-18,1183528.58,0,train,1173235.1525649,10293.427435100079,10293.427435100079
33,2011-02-18,252349.6,0,train,283604.2726927124,-31254.672692712367,31254.672692712367
34,2011-02-18,1062629.3,0,train,963181.3670440582,99447.93295594188,99447.93295594188
35,2011-02-18,865305.88,0,train,977612.061498213,-112306.18149821297,112306.18149821297
36,2011-02-18,427175.03,0,train,434035.6027278268,-6860.572727826773,6860.572727826773
37,2011-02-18,536840.69,0,train,533102.1011287854,3738.588871214539,3738.588871214539
38,2011-02-18,364606.7,0,train,368892.62417024735,-4285.924170247337,4285.924170247337
39,2011-02-18,1335233.74,0,train,1395667.2701120405,-60433.53011204046,60433.53011204046
40,2011-02-18,968694.45,0,train,934874.4633347223,33819.986665277625,33819.986665277625
41,2011-02-18,1203399.64,0,train,1249009.5583535593,-45609.91835355945,45609.91835355945
42,2011-02-18,556485.1,0,train,577286.5031405234,-20801.40314052347,20801.40314052347
43,2011-02-18,626627.77,0,train,661389.7691021919,-34761.99910219188,34761.99910219188
44,2011-02-18,280785.76,0,train,313828.22266762564,-33042.46266762563,33042.46266762563
45,2011-02-18,802253.41,0,train,794201.4111828691,8051.998817130923,8051.998817130923
1,2011-02-25,1456800.28,0,train,1550420.399499401,-93620.11949940096,93620.11949940096
2,2011-02-25,1833511.08,0,train,1954891.2456079498,-121380.16560794972,121380.16560794972
3,2011-02-25,397211.19,0,train,430317.1497691426,-33105.95976914262,33105.95976914262
4,2011-02-25,2078094.69,0,train,2044844.5720896288,33250.11791037116,33250.11791037116
5,2011-02-25,294659.5,0,train,343035.9653354387,-48376.46533543873,48376.46533543873
6,2011-02-25,1422600.43,0,train,1596245.0228171167,-173644.59281711676,173644.59281711676
7,2011-02-25,546690.84,0,train,547204.4169944144,-513.5769944144413,513.5769944144413
8,2011-02-25,917317.15,0,train,919194.1303611546,-1876.9803611545358,1876.9803611545358
9,2011-02-25,513107.2,0,train,555095.5280395065,-41988.32803950651,41988.32803950651
10,2011-02-25,1967996.71,0,train,1911264.0662113463,56732.64378865366,56732.64378865366
11,2011-02-25,1323999.36,0,train,1379652.080272793,-55652.72027279297,55652.72027279297
12,2011-02-25,1046203.72,0,train,990298.2599906982,55905.46000930178,55905.46000930178
13,2011-02-25,1831933.95,0,train,1959920.6979737305,-127986.74797373055,127986.74797373055
14,2011-02-25,1875708.88,0,train,2097850.102853679,-222141.2228536792,222141.2228536792
15,2011-02-25,547564.09,0,train,607801.4167933321,-60237.32679333212,60237.32679333212
16,2011-02-25,475201.64,0,train,520028.3680680388,-44826.72806803876,44826.72806803876
17,2011-02-25,767256.53,0,train,851323.6184397268,-84067.08843972674,84067.08843972674
18,2011-02-25,1005983.31,0,train,1066351.917880321,-60368.607880320866,60368.607880320866
19,2011-02-25,1296658.47,0,train,1437402.398691785,-140743.92869178508,140743.92869178508
20,2011-02-25,1938608.52,0,train,2077491.686018185,-138883.16601818497,138883.16601818497
21,2011-02-25,768313.85,0,train,802987.2916845134,-34673.44168451347,34673.44168451347
22,2011-02-25,911245.43,0,train,1006148.2004297273,-94902.77042972727,94902.77042972727
23,2011-02-25,1206917.2,0,train,1332454.6075242278,-125537.40752422786,125537.40752422786
24,2011-02-25,1235121.33,0,train,1330473.5404255735,-95352.2104255734,95352.2104255734
25,2011-02-25,570816.34,0,train,696143.434018774,-125327.09401877399,125327.09401877399
26,2011-02-25,910298.44,0,train,975923.8885425735,-65625.4485425736,65625.4485425736
27,2011-02-25,1688935.71,0,train,1800234.1585599598,-111298.44855995988,111298.44855995988
28,2011-02-25,1311796.91,0,train,1326446.5781083454,-14649.668108345475,14649.668108345475
29,2011-02-25,483660.15,0,train,522794.6210344508,-39134.471034450806,39134.471034450806
30,2011-02-25,432687.97,0,train,476260.1052139255,-43572.1352139255,43572.1352139255
31,2011-02-25,1365678.22,0,train,1414806.3072139258,-49128.087213925784,49128.087213925784
32,2011-02-25,1054754.67,0,train,1146265.4381059369,-91510.76810593694,91510.76810593694
33,2011-02-25,242901.21,0,train,259578.40358576574,-16677.19358576575,16677.19358576575
34,2011-02-25,953331.45,0,train,959814.9163221807,-6483.466322180699,6483.466322180699
35,2011-02-25,841129.26,0,train,958174.8560255882,-117045.59602558822,117045.59602558822
36,2011-02-25,380279.44,0,train,461922.4750488094,-81643.03504880943,81643.03504880943
37,2011-02-25,514758.19,0,train,560412.263574779,-45654.07357477903,45654.07357477903
38,2011-02-25,354232.34,0,train,355899.57281422755,-1667.2328142275219,1667.2328142275219
39,2011-02-25,1240921.19,0,train,1421072.5335973457,-180151.34359734575,180151.34359734575
40,2011-02-25,888869.27,0,train,917685.820721661,-28816.550721660955,28816.550721660955
41,2011-02-25,1099714.93,0,train,1210274.291490343,-110559.361490343,110559.361490343
42,2011-02-25,526904.08,0,train,550347.2591525236,-23443.179152523633,23443.179152523633
43,2011-02-25,592340.01,0,train,657743.2903221308,-65403.28032213077,65403.28032213077
44,2011-02-25,279427.93,0,train,291533.63272694463,-12105.70272694464,12105.70272694464
45,2011-02-25,733716.78,0,train,779044.0687360328,-45327.28873603279,45327.28873603279
1,2011-03-04,1636263.41,0,train,1486968.7050311964,149294.70496880356,149294.70496880356
2,2011-03-04,1981607.78,0,train,1892248.8804812417,89358.89951875829,89358.89951875829
3,2011-03-04,437084.51,0,train,369780.3862431833,67304.12375681673,67304.12375681673
4,2011-03-04,2103455.75,0,train,1982917.1750325244,120538.57496747561,120538.57496747561
5,2011-03-04,329033.66,0,train,280485.6473973816,48548.01260261837,48548.01260261837
6,2011-03-04,1502617.99,0,train,1535356.0875827486,-32738.097582748625,32738.097582748625
7,2011-03-04,551378.39,0,train,500809.27097684366,50569.11902315635,50569.11902315635
8,2011-03-04,935266.43,0,train,870367.3065018512,64899.12349814887,64899.12349814887
9,2011-03-04,542016.18,0,train,505626.0350401207,36390.14495987934,36390.14495987934
10,2011-03-04,1958003.19,0,train,1867702.9232769606,90300.26672303933,90300.26672303933
11,2011-03-04,1399456.99,0,train,1319255.3828468844,80201.60715311556,80201.60715311556
12,2011-03-04,1085248.21,0,train,941699.1283875528,143549.08161244716,143549.08161244716
13,2011-03-04,1894960.68,0,train,1903905.1362639957,-8944.45626399573,8944.45626399573
14,2011-03-04,2041215.61,0,train,2049121.9933773978,-7906.383377397666,7906.383377397666
15,2011-03-04,573374.49,0,train,570724.6010316408,2649.8889683592133,2649.8889683592133
16,2011-03-04,484829.07,0,train,477106.86133172386,7722.208668276144,7722.208668276144
17,2011-03-04,816138.33,0,train,791918.4571087665,24219.87289123342,24219.87289123342
18,2011-03-04,1063310.62,0,train,1015516.691315177,47793.9286848231,47793.9286848231
19,2011-03-04,1433569.44,0,train,1396823.9304288279,36745.509571172064,36745.509571172064
20,2011-03-04,2143424.61,0,train,2032529.4867332205,110895.12326677935,110895.12326677935
21,2011-03-04,796277.72,0,train,743930.6187191017,52347.10128089832,52347.10128089832
22,2011-03-04,997353.15,0,train,957990.4342706511,39362.71572934894,39362.71572934894
23,2011-03-04,1301185.28,0,train,1285345.1392204307,15840.14077956928,15840.14077956928
24,2011-03-04,1346994.53,0,train,1287738.0542218366,59256.47577816341,59256.47577816341
25,2011-03-04,640912.18,0,train,648660.0449328981,-7747.864932898083,7747.864932898083
26,2011-03-04,945643.17,0,train,912958.9377130446,32684.232286955463,32684.232286955463
27,2011-03-04,1656130.67,0,train,1753789.118599982,-97658.44859998208,97658.44859998208
28,2011-03-04,1723736.91,0,train,1277847.4465052001,445889.4634947998,445889.4634947998
29,2011-03-04,536031.67,0,train,474620.65037026897,61411.019629731076,61411.019629731076
30,2011-03-04,443334.71,0,train,417203.4322485137,26131.27775148634,26131.27775148634
31,2011-03-04,1412721.18,0,train,1355749.6342485142,56971.54575148574,56971.54575148574
32,2011-03-04,1106847.62,0,train,1104884.658470179,1962.9615298211575,1962.9615298211575
33,2011-03-04,245435.8,0,train,219518.91315264604,25916.886847353948,25916.886847353948
34,2011-03-04,963910.81,0,train,909316.9130292082,54593.89697079186,54593.89697079186
35,2011-03-04,850448.54,0,train,911946.0822687307,-61497.5422687307,61497.5422687307
36,2011-03-04,402579.84,0,train,399065.32261162554,3514.5173883744865,3514.5173883744865
37,2011-03-04,527572.25,0,train,497338.8449344741,30233.405065525905,30233.405065525905
38,2011-03-04,405429.43,0,train,307300.4412110823,98128.98878891772,98128.98878891772
39,2011-03-04,1316385.43,0,train,1355113.7532959976,-38728.32329599769,38728.32329599769
40,2011-03-04,977070.62,0,train,865870.1314561627,111200.48854383733,111200.48854383733
41,2011-03-04,1229257.7,0,train,1176513.1076973397,52744.592302660225,52744.592302660225
42,2011-03-04,570879.04,0,train,506786.1162181378,64092.92378186225,64092.92378186225
43,2011-03-04,616345.25,0,train,608814.514672076,7530.73532792402,7530.73532792402
44,2011-03-04,293984.54,0,train,235518.07101720967,58466.468982790306,58466.468982790306
45,2011-03-04,761880.36,0,train,730315.9592597515,31564.4007402485,31564.4007402485
1,2011-03-11,1553191.63,0,train,1468010.4132496156,85181.21675038431,85181.21675038431
2,2011-03-11,1879107.31,0,train,1875948.7910590647,3158.518940935377,3158.518940935377
3,2011-03-11,404753.3,0,train,357014.57214503305,47738.72785496694,47738.72785496694
4,2011-03-11,2039818.41,0,train,1991763.3092198072,48055.10078019276,48055.10078019276
5,2011-03-11,293098.1,0,train,265482.1731270525,27615.926872947486,27615.926872947486
6,2011-03-11,1494497.39,0,train,1525599.6881774047,-31102.298177404795,31102.298177404795
7,2011-03-11,558963.83,0,train,493206.5055041978,65757.32449580217,65757.32449580217
8,2011-03-11,900387.29,0,train,856985.6152659006,43401.67473409942,43401.67473409942
9,2011-03-11,517783.5,0,train,486979.49286517827,30804.00713482173,30804.00713482173
10,2011-03-11,1933469.15,0,train,1877436.0046098093,56033.14539019065,56033.14539019065
11,2011-03-11,1314557.31,0,train,1308198.375169352,6358.934830648126,6358.934830648126
12,2011-03-11,997672.62,0,train,954762.9246902751,42909.69530972489,42909.69530972489
13,2011-03-11,1852432.58,0,train,1918817.0387265203,-66384.45872652018,66384.45872652018
14,2011-03-11,1931104.67,0,train,2063741.3331958551,-132636.66319585522,132636.66319585522
15,2011-03-11,537035.28,0,train,584057.2382887063,-47021.95828870626,47021.95828870626
16,2011-03-11,457504.35,0,train,465946.4169177918,-8442.066917791846,8442.066917791846
17,2011-03-11,779602.36,0,train,810079.893092466,-30477.533092466067,30477.533092466067
18,2011-03-11,1002714.25,0,train,1040071.0620510798,-37356.81205107982,37356.81205107982
19,2011-03-11,1351450.43,0,train,1410716.8320860958,-59266.402086095884,59266.402086095884
20,2011-03-11,1990932.77,0,train,2035731.5710002673,-44798.80100026727,44798.80100026727
21,2011-03-11,763479.9,0,train,728302.8465771676,35177.053422832396,35177.053422832396
22,2011-03-11,944587.23,0,train,976930.3522896236,-32343.1222896236,32343.1222896236
23,2011-03-11,1042043.55,0,train,1306481.897115098,-264438.34711509803,264438.34711509803
24,2011-03-11,1253218.7,0,train,1306785.388360968,-53566.68836096814,53566.68836096814
25,2011-03-11,599828.39,0,train,660098.0158829223,-60269.62588292232,60269.62588292232
26,2011-03-11,946614.55,0,train,948466.4774729072,-1851.9274729071185,1851.9274729071185
27,2011-03-11,1613259.77,0,train,1768650.6742426995,-155390.9042426995,155390.9042426995
28,2011-03-11,1380836.35,0,train,1290911.2428079224,89925.10719207767,89925.10719207767
29,2011-03-11,493430.45,0,train,493544.3638841361,-113.9138841360691,113.9138841360691
30,2011-03-11,438529.81,0,train,401575.66010657966,36954.14989342034,36954.14989342034
31,2011-03-11,1405572.93,0,train,1340121.8621065803,65451.06789341965,65451.06789341965
32,2011-03-11,1101458.21,0,train,1093023.8835559937,8434.326444006292,8434.326444006292
33,2011-03-11,270921.44,0,train,228523.6507652311,42397.78923476889,42397.78923476889
34,2011-03-11,943951.67,0,train,904968.8205917208,38982.84940827929,38982.84940827929
35,2011-03-11,830601.39,0,train,926879.7266458219,-96278.33664582192,96278.33664582192
36,2011-03-11,407506.78,0,train,381649.7188852581,25857.061114741955,25857.061114741955
37,2011-03-11,505610.4,0,train,480103.46304404084,25506.936955959187,25506.936955959187
38,2011-03-11,357897.18,0,train,320364.23751380446,37532.942486195534,37532.942486195534
39,2011-03-11,1283716.81,0,train,1338410.6225857567,-54693.81258575665,54693.81258575665
40,2011-03-11,860255.58,0,train,896391.3180542226,-36135.73805422266,36135.73805422266
41,2011-03-11,1159089.6,0,train,1162607.3677224151,-3517.7677224150393,3517.7677224150393
42,2011-03-11,607294.56,0,train,516519.19755098637,90775.36244901369,90775.36244901369
43,2011-03-11,629026.75,0,train,606592.1860894451,22434.56391055486,22434.56391055486
44,2011-03-11,284496.14,0,train,250429.97347973438,34066.16652026563,34066.16652026563
45,2011-03-11,714014.73,0,train,744935.2990782089,-30920.56907820888,30920.56907820888
1,2011-03-18,1576818.06,0,train,1483505.3744161886,93312.68558381149,93312.68558381149
2,2011-03-18,1902557.66,0,train,1892616.969504089,9940.690495910821,9940.690495910821
3,2011-03-18,392109.51,0,train,369684.50189166376,22425.008108336246,22425.008108336246
4,2011-03-18,2116475.38,0,train,1983580.5892115834,132894.79078841652,132894.79078841652
5,2011-03-18,312177.67,0,train,279217.71536565165,32959.95463434834,32959.95463434834
6,2011-03-18,1685375.47,0,train,1535955.0330773597,149420.4369226403,149420.4369226403
7,2011-03-18,635014.69,0,train,501764.20820963674,133250.4817903632,133250.4817903632
8,2011-03-18,898289.14,0,train,867863.150921669,30425.98907833104,30425.98907833104
9,2011-03-18,515226.11,0,train,502144.83776038594,13081.272239614045,13081.272239614045
10,2011-03-18,1884734.31,0,train,1891393.9706652102,-6659.660665210104,6659.660665210104
11,2011-03-18,1391813.69,0,train,1317226.5863146659,74587.10368533409,74587.10368533409
12,2011-03-18,1009502.01,0,train,956304.416597763,53197.59340223705,53197.59340223705
13,2011-03-18,1852443.78,0,train,1918554.795194852,-66111.0151948519,66111.0151948519
14,2011-03-18,1932491.42,0,train,2058531.9542331458,-126040.53423314588,126040.53423314588
15,2011-03-18,551553.99,0,train,590327.5478641195,-38773.55786411953,38773.55786411953
16,2011-03-18,497373.49,0,train,474924.31792338274,22449.17207661725,22449.17207661725
17,2011-03-18,778436.81,0,train,806035.8648594304,-27599.054859430296,27599.054859430296
18,2011-03-18,945889.59,0,train,1036904.6446713435,-91015.05467134353,91015.05467134353
19,2011-03-18,1257972.37,0,train,1413541.5156002631,-155569.14560026303,155569.14560026303
20,2011-03-18,1931668.64,0,train,2040880.7527248436,-109212.11272484367,109212.11272484367
21,2011-03-18,793569.0,0,train,742029.6369211285,51539.36307887151,51539.36307887151
22,2011-03-18,926427.12,0,train,971634.1758783304,-45207.05587833037,45207.05587833037
23,2011-03-18,1203682.62,0,train,1317882.3541406281,-114199.73414062802,114199.73414062802
24,2011-03-18,1168397.26,0,train,1307228.9481742745,-138831.68817427452,138831.68817427452
25,2011-03-18,603393.64,0,train,662277.7962864253,-58884.15628642531,58884.15628642531
26,2011-03-18,887426.12,0,train,947849.2631140924,-60423.14311409241,60423.14311409241
27,2011-03-18,1624539.21,0,train,1766656.3296043377,-142117.11960433773,142117.11960433773
28,2011-03-18,1286413.71,0,train,1292452.7347154103,-6039.024715410313,6039.024715410313
29,2011-03-18,493653.43,0,train,488248.9417836302,5404.48821636982,5404.48821636982
30,2011-03-18,425470.84,0,train,415302.4504505404,10168.389549459622,10168.389549459622
31,2011-03-18,1425559.02,0,train,1353848.652450541,71710.36754945898,71710.36754945898
32,2011-03-18,1100765.5,0,train,1106483.899763205,-5718.399763205089,5718.399763205089
33,2011-03-18,247234.47,0,train,243350.02664094628,3884.443359053723,3884.443359053723
34,2011-03-18,1014218.8,0,train,921381.707752389,92837.09224761103,92837.09224761103
35,2011-03-18,800662.82,0,train,925065.6038433942,-124402.78384339425,124402.78384339425
36,2011-03-18,431412.22,0,train,387825.110636933,43587.109363066964,43587.109363066964
37,2011-03-18,478503.06,0,train,485918.4111238477,-7415.351123847708,7415.351123847708
38,2011-03-18,349459.95,0,train,321905.72942129243,27554.22057870758,27554.22057870758
39,2011-03-18,1348410.05,0,train,1347531.1306267588,878.9193732412532,878.9193732412532
40,2011-03-18,871024.26,0,train,900256.2188970282,-29231.958897028235,29231.958897028235
41,2011-03-18,1115504.26,0,train,1175647.1856294745,-60142.925629474455,60142.925629474455
42,2011-03-18,558239.32,0,train,530477.1636063876,27762.156393612386,27762.156393612386
43,2011-03-18,635171.05,0,train,620729.9082903999,14441.14170960011,14441.14170960011
44,2011-03-18,281699.68,0,train,250167.72994806617,31531.950051933818,31531.950051933818
45,2011-03-18,733564.77,0,train,739725.9201154995,-6161.150115499506,6161.150115499506
1,2011-03-25,1541102.38,0,train,1489064.886476398,52037.49352360191,52037.49352360191
2,2011-03-25,1766162.05,0,train,1897864.885309076,-131702.8353090759,131702.8353090759
3,2011-03-25,380683.67,0,train,364800.4860834739,15883.18391652609,15883.18391652609
4,2011-03-25,1944164.32,0,train,1988561.0410867543,-44396.72108675423,44396.72108675423
5,2011-03-25,294732.5,0,train,282513.7545159452,12218.745484054787,12218.745484054787
6,2011-03-25,1438465.81,0,train,1537467.9481539344,-99002.13815393439,99002.13815393439
7,2011-03-25,559061.58,0,train,481534.40290978784,77527.17709021212,77527.17709021212
8,2011-03-25,827968.36,0,train,861831.0609944819,-33862.700994481915,33862.700994481915
9,2011-03-25,497488.4,0,train,501465.1200961184,-3976.720096118399,3976.720096118399
10,2011-03-25,1815798.85,0,train,1849027.6741482867,-33228.8241482866,33228.8241482866
11,2011-03-25,1229777.24,0,train,1312622.7027065775,-82845.4627065775,82845.4627065775
12,2011-03-25,954107.32,0,train,921884.6215430055,32222.69845699449,32222.69845699449
13,2011-03-25,1807545.43,0,train,1898332.5297493837,-90787.09974938375,90787.09974938375
14,2011-03-25,1879451.23,0,train,2030230.4151297973,-150779.18512979732,150779.18512979732
15,2011-03-25,527389.28,0,train,554052.8057916763,-26663.52579167625,26663.52579167625
16,2011-03-25,465279.68,0,train,449400.0140416197,15879.665958380268,15879.665958380268
17,2011-03-25,781267.76,0,train,798531.6012985602,-17263.841298560146,17263.841298560146
18,2011-03-25,944523.3,0,train,1009289.90736051,-64766.60736050992,64766.60736050992
19,2011-03-25,1266564.94,0,train,1378779.4874083672,-112214.54740836727,112214.54740836727
20,2011-03-25,1824711.21,0,train,2026600.1176634058,-201888.90766340587,201888.90766340587
21,2011-03-25,753711.32,0,train,747193.5130660849,6517.80693391501,6517.80693391501
22,2011-03-25,933528.39,0,train,943619.7148546292,-10091.32485462923,10091.32485462923
23,2011-03-25,1148624.83,0,train,1279902.7254260473,-131277.89542604727,131277.89542604727
24,2011-03-25,1158693.12,0,train,1274007.6470829356,-115314.52708293544,115314.52708293544
25,2011-03-25,616324.24,0,train,641105.9091024959,-24781.669102495885,24781.669102495885
26,2011-03-25,866566.54,0,train,908188.8411989042,-41622.30119890417,41622.30119890417
27,2011-03-25,1554651.08,0,train,1733343.4502202426,-178692.37022024253,178692.37022024253
28,2011-03-25,1201059.72,0,train,1258032.9396606525,-56973.21966065257,56973.21966065257
29,2011-03-25,478773.05,0,train,460242.0193926549,18531.030607345107,18531.030607345107
30,2011-03-25,431754.01,0,train,420466.32659549697,11287.683404503041,11287.683404503041
31,2011-03-25,1357036.1,0,train,1359012.5285954974,-1976.428595497273,1976.428595497273
32,2011-03-25,1068719.22,0,train,1095918.65536685,-27199.435366850113,27199.435366850113
33,2011-03-25,238084.08,0,train,195969.36374220985,42114.71625779013,42114.71625779013
34,2011-03-25,922898.38,0,train,899161.3229977263,23737.057002273737,23737.057002273737
35,2011-03-25,762184.1,0,train,891788.7688264857,-129604.66882648575,129604.66882648575
36,2011-03-25,390732.02,0,train,391031.88793760294,-299.86793760291766,299.86793760291766
37,2011-03-25,522105.93,0,train,488548.47854952863,33557.45145047136,33557.45145047136
38,2011-03-25,351541.62,0,train,287485.9343665348,64055.68563346518,64055.68563346518
39,2011-03-25,1284334.79,0,train,1349376.827892156,-65042.03789215605,65042.03789215605
40,2011-03-25,834621.39,0,train,865918.3087837643,-31296.91878376424,31296.91878376424
41,2011-03-25,1140578.16,0,train,1163597.2405725827,-23019.08057258278,23019.08057258278
42,2011-03-25,522673.62,0,train,488110.86708946386,34562.75291053613,34562.75291053613
43,2011-03-25,585989.1,0,train,596360.0315627642,-10370.93156276422,10370.93156276422
44,2011-03-25,285031.81,0,train,229945.46450259793,55086.34549740207,55086.34549740207
45,2011-03-25,719737.25,0,train,711424.381012151,8312.868987848982,8312.868987848982
1,2011-04-01,1495064.75,0,train,1506728.6733561724,-11663.923356172396,11663.923356172396
2,2011-04-01,1800171.36,0,train,1907540.4796117847,-107369.11961178458,107369.11961178458
3,2011-04-01,374556.08,0,train,398908.050170587,-24351.97017058701,24351.97017058701
4,2011-04-01,1900246.47,0,train,2042505.4110817215,-142258.94108172157,142258.94108172157
5,2011-04-01,314316.55,0,train,306823.0637451615,7493.48625483847,7493.48625483847
6,2011-04-01,1459276.77,0,train,1559900.2038004154,-100623.43380041537,100623.43380041537
7,2011-04-01,513409.67,0,train,530272.6258869624,-16862.955886962416,16862.955886962416
8,2011-04-01,878762.3,0,train,879662.9704503987,-900.6704503986984,900.6704503986984
9,2011-04-01,520962.14,0,train,513308.99263534613,7653.14736465388,7653.14736465388
10,2011-04-01,1827733.18,0,train,1915663.5710237543,-87930.39102375438,87930.39102375438
11,2011-04-01,1258674.12,0,train,1345441.6586732247,-86767.53867322463,86767.53867322463
12,2011-04-01,1005463.49,0,train,994005.4465319347,11458.043468065327,11458.043468065327
13,2011-04-01,1864238.64,0,train,1951511.9590676478,-87273.31906764791,87273.31906764791
14,2011-04-01,1869110.55,0,train,2063116.5186707093,-194005.9686707093,194005.9686707093
15,2011-04-01,542556.05,0,train,595238.4507944894,-52682.40079448931,52682.40079448931
16,2011-04-01,459756.11,0,train,510680.7337511253,-50924.6237511253,50924.6237511253
17,2011-04-01,795859.23,0,train,854125.0377330361,-58265.80773303611,58265.80773303611
18,2011-04-01,938083.17,0,train,1053253.8915826152,-115170.72158261517,115170.72158261517
19,2011-04-01,1305950.22,0,train,1419152.7490308867,-113202.52903088671,113202.52903088671
20,2011-04-01,1927993.09,0,train,2038258.1867195368,-110265.0967195367,110265.0967195367
21,2011-04-01,732056.37,0,train,756925.1338088142,-24868.763808814227,24868.763808814227
22,2011-04-01,951588.37,0,train,985668.4304889616,-34080.06048896164,34080.06048896164
23,2011-04-01,1182694.95,0,train,1333796.9006767422,-151101.95067674224,151101.95067674224
24,2011-04-01,1163803.3,0,train,1316509.5638368179,-152706.26383681782,152706.26383681782
25,2011-04-01,618377.79,0,train,659459.1377410472,-41081.34774104715,41081.34774104715
26,2011-04-01,849231.61,0,train,954883.985387336,-105652.37538733601,105652.37538733601
27,2011-04-01,1628868.28,0,train,1772697.9579153978,-143829.6779153978,143829.6779153978
28,2011-04-01,1336838.41,0,train,1330153.764649582,6684.645350417821,6684.645350417821
29,2011-04-01,475615.26,0,train,504458.3805641731,-28843.120564173092,28843.120564173092
30,2011-04-01,437926.79,0,train,430197.94733822637,7728.842661773611,7728.842661773611
31,2011-04-01,1344890.73,0,train,1368744.1493382268,-23853.419338226784,23853.419338226784
32,2011-04-01,1051121.02,0,train,1141827.5431230017,-90706.52312300168,90706.52312300168
33,2011-04-01,232769.09,0,train,271257.1914752122,-38488.10147521223,38488.10147521223
34,2011-04-01,884233.67,0,train,946390.0714244196,-62156.4014244196,62156.4014244196
35,2011-04-01,762620.94,0,train,929147.3663066102,-166526.42630661023,166526.42630661023
36,2011-04-01,385672.11,0,train,428940.5126155062,-43268.4026155062,43268.4026155062
37,2011-04-01,534578.78,0,train,526817.5468993001,7761.233100699959,7761.233100699959
38,2011-04-01,382098.13,0,train,359606.759355464,22491.370644535986,22491.370644535986
39,2011-04-01,1316849.36,0,train,1385292.7857610767,-68443.42576107662,68443.42576107662
40,2011-04-01,841889.08,0,train,918075.6643938312,-76186.5843938312,76186.5843938312
41,2011-04-01,1179125.48,0,train,1208640.8069748622,-29515.326974862255,29515.326974862255
42,2011-04-01,508432.17,0,train,554746.7639649317,-46314.59396493173,46314.59396493173
43,2011-04-01,611585.54,0,train,644292.9087664927,-32707.3687664927,32707.3687664927
44,2011-04-01,281514.26,0,train,284179.2314720056,-2664.9714720055927,2664.9714720055927
45,2011-04-01,712425.76,0,train,744310.484553063,-31884.724553063046,31884.724553063046
1,2011-04-08,1614259.35,0,train,1515744.5366539173,98514.81334608281,98514.81334608281
2,2011-04-08,1847552.61,0,train,1924676.725380117,-77124.11538011697,77124.11538011697
3,2011-04-08,384075.31,0,train,394286.8785187786,-10211.5685187786,10211.5685187786
4,2011-04-08,2074953.46,0,train,2041809.5212906937,33143.9387093063,33143.9387093063
5,2011-04-08,307333.62,0,train,314359.82429327455,-7026.2042932745535,7026.2042932745535
6,2011-04-08,1534594.0,0,train,1567334.633475417,-32740.63347541704,32740.63347541704
7,2011-04-08,500552.16,0,train,529485.3486689783,-28933.188668978342,28933.188668978342
8,2011-04-08,949825.83,0,train,908574.0905548921,41251.73944510787,41251.73944510787
9,2011-04-08,561625.92,0,train,540877.3259175771,20748.594082422904,20748.594082422904
10,2011-04-08,1870720.73,0,train,1912953.691219395,-42232.961219395045,42232.961219395045
11,2011-04-08,1327401.06,0,train,1342725.385982105,-15324.325982104987,15324.325982104987
12,2011-04-08,998362.05,0,train,985217.7595525263,13144.290447473759,13144.290447473759
13,2011-04-08,1887465.04,0,train,1934935.9185387082,-47470.8785387082,47470.8785387082
14,2011-04-08,2037798.88,0,train,2079053.893000296,-41255.013000296196,41255.013000296196
15,2011-04-08,587370.81,0,train,608521.2141784258,-21150.404178425786,21150.404178425786
16,2011-04-08,439276.5,0,train,500032.8030895764,-60756.303089576424,60756.303089576424
17,2011-04-08,811855.72,0,train,836204.3626436105,-24348.64264361048,24348.64264361048
18,2011-04-08,1018541.3,0,train,1059909.472749808,-41368.17274980806,41368.17274980806
19,2011-04-08,1419911.91,0,train,1432379.4859748026,-12467.57597480272,12467.57597480272
20,2011-04-08,2027056.39,0,train,2063426.2044693022,-36369.814469302306,36369.814469302306
21,2011-04-08,744782.89,0,train,775994.2917578453,-31211.401757845306,31211.401757845306
22,2011-04-08,969046.69,0,train,992652.6316635503,-23605.94166355033,23605.94166355033
23,2011-04-08,1248901.98,0,train,1337763.212722963,-88861.23272296297,88861.23272296297
24,2011-04-08,1273670.32,0,train,1325226.1723591033,-51555.85235910327,51555.85235910327
25,2011-04-08,648606.13,0,train,681685.7673897494,-33079.637389749405,33079.637389749405
26,2011-04-08,985229.81,0,train,955488.7110323412,29741.09896765882,29741.09896765882
27,2011-04-08,1689844.18,0,train,1783171.8606655956,-93327.68066559569,93327.68066559569
28,2011-04-08,1414713.5,0,train,1321366.0776701735,93347.42232982651,93347.42232982651
29,2011-04-08,505304.33,0,train,511450.1203714877,-6145.790371487674,6145.790371487674
30,2011-04-08,443889.5,0,train,449267.1052872576,-5377.605287257582,5377.605287257582
31,2011-04-08,1416790.17,0,train,1387813.3072872579,28976.862712742062,28976.862712742062
32,2011-04-08,1102975.59,0,train,1135913.8466431643,-32938.256643164204,32938.256643164204
33,2011-04-08,271924.73,0,train,263813.0774891415,8111.65251085849,8111.65251085849
34,2011-04-08,975479.83,0,train,938718.8898508701,36760.940149129834,36760.940149129834
35,2011-04-08,813352.41,0,train,939549.1803224343,-126196.77032243425,126196.77032243425
36,2011-04-08,428727.61,0,train,420128.3927824646,8599.217217535363,8599.217217535363
37,2011-04-08,543703.16,0,train,517356.6284568959,26346.531543104153,26346.531543104153
38,2011-04-08,392152.3,0,train,350819.07237605564,41333.227623944345,41333.227623944345
39,2011-04-08,1350646.16,0,train,1378072.9249194828,-27426.76491948287,27426.76491948287
40,2011-04-08,947753.32,0,train,918876.4825789074,28876.837421092554,28876.837421092554
41,2011-04-08,1206252.12,0,train,1204772.0755557641,1480.044444235973,1480.044444235973
42,2011-04-08,620087.35,0,train,552036.8841605724,68050.46583942755,68050.46583942755
43,2011-04-08,650418.75,0,train,636125.3983810005,14293.351618999499,14293.351618999499
44,2011-04-08,292498.61,0,train,267603.19094306603,24895.419056933955,24895.419056933955
45,2011-04-08,750182.71,0,train,760247.8588826498,-10065.148882649839,10065.148882649839
1,2011-04-15,1559889.0,0,train,1508876.9077344693,51012.09226553072,51012.09226553072
2,2011-04-15,1856467.84,0,train,1915144.7412722078,-58676.90127220773,58676.90127220773
3,2011-04-15,366250.69,0,train,387169.12922268687,-20918.439222686866,20918.439222686866
4,2011-04-15,1960587.76,0,train,2023855.839983059,-63268.079983059084,63268.079983059084
5,2011-04-15,307913.58,0,train,304555.83534836024,3357.744651639776,3357.744651639776
6,2011-04-15,1448797.02,0,train,1558771.95722157,-109974.93722156994,109974.93722156994
7,2011-04-15,423380.14,0,train,502831.71030739055,-79451.57030739053,79451.57030739053
8,2011-04-15,908278.74,0,train,886329.6226198544,21949.117380145588,21949.117380145588
9,2011-04-15,528420.28,0,train,525833.9143127401,2586.3656872599386,2586.3656872599386
10,2011-04-15,1781767.22,0,train,1867675.2730922955,-85908.05309229554,85908.05309229554
11,2011-04-15,1312905.8,0,train,1334879.2929657497,-21973.492965749698,21973.492965749698
12,2011-04-15,990951.77,0,train,939704.1234327893,51247.64656721067,51247.64656721067
13,2011-04-15,1950994.04,0,train,1913051.0141509636,37943.02584903641,37943.02584903641
14,2011-04-15,1974960.86,0,train,2075572.9992725556,-100612.13927255548,100612.13927255548
15,2011-04-15,607691.36,0,train,611745.0402403151,-4053.6802403151523,4053.6802403151523
16,2011-04-15,427855.24,0,train,471698.371527381,-43843.13152738102,43843.13152738102
17,2011-04-15,825283.43,0,train,819501.9039577394,5781.526042260695,5781.526042260695
18,2011-04-15,988157.72,0,train,1060664.598852759,-72506.87885275902,72506.87885275902
19,2011-04-15,1392093.04,0,train,1434818.9418764084,-42725.901876408374,42725.901876408374
20,2011-04-15,2057406.33,0,train,2068340.6451036902,-10934.31510369014,10934.31510369014
21,2011-04-15,768390.05,0,train,766210.188669845,2179.8613301550504,2179.8613301550504
22,2011-04-15,1008557.04,0,train,987441.4878722045,21115.552127795527,21115.552127795527
23,2011-04-15,1263680.51,0,train,1344625.2207881217,-80944.71078812168,80944.71078812168
24,2011-04-15,1245576.65,0,train,1328365.9587609624,-82789.30876096245,82789.30876096245
25,2011-04-15,674562.45,0,train,690550.0720455656,-15987.62204556563,15987.62204556563
26,2011-04-15,863266.12,0,train,966832.8342991204,-103566.71429912036,103566.71429912036
27,2011-04-15,1727175.61,0,train,1779897.165652996,-52721.55565299583,52721.55565299583
28,2011-04-15,1240126.07,0,train,1275852.4415504367,-35726.3715504366,35726.3715504366
29,2011-04-15,518245.97,0,train,506238.43061228143,12007.539387718542,12007.539387718542
30,2011-04-15,426666.92,0,train,439483.002199257,-12816.082199257042,12816.082199257042
31,2011-04-15,1408464.08,0,train,1378029.2041992573,30434.875800742768,30434.875800742768
32,2011-04-15,1120508.14,0,train,1109288.2215015867,11219.918498413172,11219.918498413172
33,2011-04-15,275749.56,0,train,222764.65558357118,52984.90441642882,52984.90441642882
34,2011-04-15,941829.0,0,train,906702.5720981513,35126.427901848685,35126.427901848685
35,2011-04-15,795157.2,0,train,936815.1508176366,-141657.95081763668,141657.95081763668
36,2011-04-15,414986.54,0,train,414342.7246094884,643.8153905115905,643.8153905115905
37,2011-04-15,543775.87,0,train,511679.0933854801,32096.776614519884,32096.776614519884
38,2011-04-15,362758.94,0,train,305305.4362563187,57453.5037436813,57453.5037436813
39,2011-04-15,1348031.55,0,train,1372059.2312079454,-24027.681207945338,24027.681207945338
40,2011-04-15,874446.32,0,train,926158.6889442181,-51712.36894421815,51712.36894421815
41,2011-04-15,1192982.07,0,train,1177894.3314340953,15087.738565904787,15087.738565904787
42,2011-04-15,597644.02,0,train,506758.4660334728,90885.55396652722,90885.55396652722
43,2011-04-15,635758.03,0,train,604625.912907641,31132.117092358996,31132.117092358996
44,2011-04-15,289667.55,0,train,245718.28655532142,43949.26344467857,43949.26344467857
45,2011-04-15,765270.02,0,train,756766.9651549093,8503.054845090723,8503.054845090723
1,2011-04-22,1564819.81,0,train,1493300.9114215532,71518.89857844682,71518.89857844682
2,2011-04-22,1886339.6,0,train,1894496.1314703682,-8156.531470368151,8156.531470368151
3,2011-04-22,391860.04,0,train,369681.71933236567,22178.32066763431,22178.32066763431
4,2011-04-22,2220600.76,0,train,2020691.7968679327,199908.96313206712,199908.96313206712
5,2011-04-22,328415.44,0,train,290664.2332371862,37751.20676281379,37751.20676281379
6,2011-04-22,1639358.93,0,train,1541384.957869317,97973.97213068302,97973.97213068302
7,2011-04-22,466594.89,0,train,492043.0151419898,-25448.12514198979,25448.12514198979
8,2011-04-22,937473.13,0,train,870327.2142193555,67145.91578064451,67145.91578064451
9,2011-04-22,549502.11,0,train,506723.2273883434,42778.88261165656,42778.88261165656
10,2011-04-22,2004831.14,0,train,1879844.201139918,124986.93886008183,124986.93886008183
11,2011-04-22,1388118.53,0,train,1319184.729156077,68933.80084392312,68933.80084392312
12,2011-04-22,1016019.47,0,train,966567.9687278377,49451.501272162306,49451.501272162306
13,2011-04-22,2124316.34,0,train,1907473.3395658368,216843.00043416303,216843.00043416303
14,2011-04-22,2256461.39,0,train,2053443.2872612285,203018.1027387716,203018.1027387716
15,2011-04-22,655318.26,0,train,571145.2719635528,84172.9880364472,84172.9880364472
16,2011-04-22,368600.0,0,train,466792.45256410714,-98192.45256410714,98192.45256410714
17,2011-04-22,1060770.11,0,train,803923.5098289971,256846.60017100303,256846.60017100303
18,2011-04-22,1105860.06,0,train,1029997.9559343682,75862.10406563187,75862.10406563187
19,2011-04-22,1514288.82,0,train,1394919.5040998992,119369.31590010086,119369.31590010086
20,2011-04-22,2313861.81,0,train,2041326.714907037,272535.09509296296,272535.09509296296
21,2011-04-22,801302.01,0,train,745197.4070078738,56104.60299212625,56104.60299212625
22,2011-04-22,1152781.9,0,train,964639.3067607874,188142.59323921253,188142.59323921253
23,2011-04-22,1447301.24,0,train,1308439.9735277356,138861.26647226443,138861.26647226443
24,2011-04-22,1372484.9,0,train,1290287.3802851117,82197.51971488819,82197.51971488819
25,2011-04-22,756588.42,0,train,654796.0172057524,101792.40279424761,101792.40279424761
26,2011-04-22,921700.61,0,train,931319.9043189775,-9619.29431897751,9619.29431897751
27,2011-04-22,1921655.48,0,train,1753436.8204654758,168218.6595345242,168218.6595345242
28,2011-04-22,1297452.0,0,train,1302716.286845485,-5264.286845484981,5264.286845484981
29,2011-04-22,589252.69,0,train,483415.4892967262,105837.20070327376,105837.20070327376
30,2011-04-22,445358.73,0,train,418470.2205372859,26888.50946271408,26888.50946271408
31,2011-04-22,1461393.91,0,train,1357016.4225372863,104377.48746271362,104377.48746271362
32,2011-04-22,1210602.91,0,train,1094773.7680748391,115829.14192516077,115829.14192516077
33,2011-04-22,248603.3,0,train,234765.50431113306,13837.795688866929,13837.795688866929
34,2011-04-22,1051518.45,0,train,914939.9095271471,136578.54047285288,136578.54047285288
35,2011-04-22,841778.34,0,train,910030.4063254351,-68252.06632543518,68252.06632543518
36,2011-04-22,374574.72,0,train,396842.7366583324,-22268.01665833243,22268.01665833243
37,2011-04-22,526434.37,0,train,494972.08151243394,31462.288487566053,31462.288487566053
38,2011-04-22,362952.34,0,train,332169.28155136714,30783.058448632888,30783.058448632888
39,2011-04-22,1563140.85,0,train,1356668.8406753754,206472.00932462467,206472.00932462467
40,2011-04-22,965056.4,0,train,894231.4511253715,70824.94887462852,70824.94887462852
41,2011-04-22,1304481.75,0,train,1163940.1424075502,140541.60759244976,140541.60759244976
42,2011-04-22,534597.69,0,train,518927.39408109535,15670.295918904594,15670.295918904594
43,2011-04-22,638280.67,0,train,610731.4941127897,27549.175887210295,27549.175887210295
44,2011-04-22,280357.3,0,train,240140.61197019462,40216.68802980537,40216.68802980537
45,2011-04-22,813630.44,0,train,734637.2531435823,78993.18685641768,78993.18685641768
1,2011-04-29,1455090.69,0,train,1466741.6451777897,-11650.955177789787,11650.955177789787
2,2011-04-29,1745545.28,0,train,1870119.676217543,-124574.39621754293,124574.39621754293
3,2011-04-29,367405.4,0,train,350819.5749691477,16585.825030852342,16585.825030852342
4,2011-04-29,1878167.44,0,train,1983269.6098594784,-105102.16985947848,105102.16985947848
5,2011-04-29,307291.56,0,train,267946.3801304217,39345.17986957828,39345.17986957828
6,2011-04-29,1479249.9,0,train,1520410.1791661286,-41160.27916612872,41160.27916612872
7,2011-04-29,410429.73,0,train,454557.35842924705,-44127.62842924707,44127.62842924707
8,2011-04-29,855014.77,0,train,838579.2889835262,16435.481016473845,16435.481016473845
9,2011-04-29,532226.2,0,train,478674.23559383873,53551.96440616122,53551.96440616122
10,2011-04-29,1873646.34,0,train,1856543.079715232,17103.260284768185,17103.260284768185
11,2011-04-29,1357589.89,0,train,1299986.4261527373,57603.46384726255,57603.46384726255
12,2011-04-29,994966.1,0,train,931803.5010222982,63162.59897770174,63162.59897770174
13,2011-04-29,1895583.12,0,train,1873525.5581995042,22057.561800495954,22057.561800495954
14,2011-04-29,1930617.64,0,train,2068630.7417014192,-138013.10170141933,138013.10170141933
15,2011-04-29,560764.41,0,train,588211.6435234295,-27447.233523429488,27447.233523429488
16,2011-04-29,378100.31,0,train,435133.5456134707,-57033.23561347072,57033.23561347072
17,2011-04-29,806979.15,0,train,774457.8436642848,32521.306335715228,32521.306335715228
18,2011-04-29,974114.39,0,train,1044003.2385463974,-69888.8485463974,69888.8485463974
19,2011-04-29,1297237.7,0,train,1407727.8662182367,-110490.16621823679,110490.16621823679
20,2011-04-29,1881788.19,0,train,2048996.70848095,-167208.51848095004,167208.51848095004
21,2011-04-29,783250.75,0,train,719644.3965146231,63606.35348537692,63606.35348537692
22,2011-04-29,926133.8,0,train,969168.8674962829,-43035.06749628286,43035.06749628286
23,2011-04-29,1173307.4,0,train,1327347.569641537,-154040.16964153713,154040.16964153713
24,2011-04-29,1197761.17,0,train,1308446.2674253832,-110685.09742538328,110685.09742538328
25,2011-04-29,649245.0,0,train,668488.8530818425,-19243.853081842535,19243.853081842535
26,2011-04-29,873450.29,0,train,946809.8875915434,-73359.59759154334,73359.59759154334
27,2011-04-29,1642074.64,0,train,1763800.7789298217,-121726.13892982178,121726.13892982178
28,2011-04-29,1222367.9,0,train,1267951.8191399456,-45583.91913994565,45583.91913994565
29,2011-04-29,493078.64,0,train,487924.2903253222,5154.3496746778255,5154.3496746778255
30,2011-04-29,423687.2,0,train,392917.2100440352,30769.98995596479,30769.98995596479
31,2011-04-29,1331137.96,0,train,1331463.4120440355,-325.4520440355409,325.4520440355409
32,2011-04-29,1107494.55,0,train,1060705.7242033319,46788.825796668185,46788.825796668185
33,2011-04-29,248561.86,0,train,212949.08354698366,35612.776453016326,35612.776453016326
34,2011-04-29,895973.02,0,train,873259.7130771532,22713.306922846823,22713.306922846823
35,2011-04-29,811824.06,0,train,920898.9859303964,-109074.9259303963,109074.9259303963
36,2011-04-29,340708.78,0,train,378293.5625830216,-37584.78258302156,37584.78258302156
37,2011-04-29,502918.18,0,train,475377.62078870565,27540.55921129434,27540.55921129434
38,2011-04-29,344225.99,0,train,297404.8138458277,46821.17615417228,46821.17615417228
39,2011-04-29,1379651.87,0,train,1336962.3270716064,42689.5429283937,42689.5429283937
40,2011-04-29,847246.5,0,train,909721.4343979374,-62474.93439793738,62474.93439793738
41,2011-04-29,1178841.05,0,train,1132057.129696833,46783.92030316708,46783.92030316708
42,2011-04-29,496010.17,0,train,495626.2726564093,383.897343590681,383.897343590681
43,2011-04-29,611464.21,0,train,577980.6519742524,33483.55802574754,33483.55802574754
44,2011-04-29,281247.97,0,train,206192.83060386195,75055.13939613802,75055.13939613802
45,2011-04-29,786561.61,0,train,749824.7075837727,36736.90241622727,36736.90241622727
1,2011-05-06,1629391.28,0,train,1514652.1551135413,114739.12488645874,114739.12488645874
2,2011-05-06,1837743.6,0,train,1917159.556163129,-79415.95616312884,79415.95616312884
3,2011-05-06,413042.12,0,train,393653.17796358815,19388.94203641184,19388.94203641184
4,2011-05-06,2063682.76,0,train,2048686.3676661667,14996.392333833268,14996.392333833268
5,2011-05-06,322904.68,0,train,312891.0907407113,10013.589259288681,10013.589259288681
6,2011-05-06,1504651.57,0,train,1561523.333397979,-56871.76339797885,56871.76339797885
7,2011-05-06,407012.47,0,train,521354.2340024564,-114341.76400245645,114341.76400245645
8,2011-05-06,941457.34,0,train,897856.9534504355,43600.38654956443,43600.38654956443
9,2011-05-06,545251.1,0,train,523162.10829538846,22088.991704611515,22088.991704611515
10,2011-05-06,1841369.99,0,train,1923183.2385138902,-81813.2485138902,81813.2485138902
11,2011-05-06,1331453.41,0,train,1344668.9016678464,-13215.49166784645,13215.49166784645
12,2011-05-06,1021154.48,0,train,998303.5937209057,22850.886279094266,22850.886279094266
13,2011-05-06,1986380.4,0,train,1951271.4778184788,35108.92218152108,35108.92218152108
14,2011-05-06,2095599.93,0,train,2114401.0995012918,-18801.16950129182,18801.16950129182
15,2011-05-06,630522.67,0,train,640047.0317348479,-9524.361734847887,9524.361734847887
16,2011-05-06,423805.22,0,train,505067.9018278143,-81262.68182781432,81262.68182781432
17,2011-05-06,882132.28,0,train,856741.9049249003,25390.375075099757,25390.375075099757
18,2011-05-06,1065427.37,0,train,1099012.5349465697,-33585.164946569595,33585.164946569595
19,2011-05-06,1451953.95,0,train,1464577.6208114678,-12623.670811467804,12623.670811467804
20,2011-05-06,2090838.44,0,train,2090443.1129929377,395.3270070622675,395.3270070622675
21,2011-05-06,718898.33,0,train,765031.4964796116,-46133.16647961165,46133.16647961165
22,2011-05-06,1032076.06,0,train,1027224.3508672103,4851.709132789751,4851.709132789751
23,2011-05-06,1359921.13,0,train,1383813.553482236,-23892.42348223622,23892.42348223622
24,2011-05-06,1339630.35,0,train,1362690.7925576726,-23060.442557672504,23060.442557672504
25,2011-05-06,659446.55,0,train,711700.0904544686,-52253.54045446857,52253.54045446857
26,2011-05-06,1024778.23,0,train,1008766.4625542274,16011.767445772537,16011.767445772537
27,2011-05-06,1757041.96,0,train,1816665.4022712656,-59623.44227126567,59623.44227126567
28,2011-05-06,1515890.38,0,train,1334451.911838553,181438.46816144697,181438.46816144697
29,2011-05-06,534372.53,0,train,545959.0144865883,-11586.484486588277,11586.484486588277
30,2011-05-06,438789.52,0,train,438304.31000902364,485.2099909763783,485.2099909763783
31,2011-05-06,1388755.61,0,train,1376850.5120090242,11905.097990975948,11905.097990975948
32,2011-05-06,1181793.55,0,train,1133217.2966586072,48576.25334139285,48576.25334139285
33,2011-05-06,257031.19,0,train,280429.63894594554,-23398.448945945536,23398.448945945536
34,2011-05-06,965853.58,0,train,931617.1394412892,34236.44055871072,34236.44055871072
35,2011-05-06,835181.18,0,train,974088.0085765216,-138906.8285765216,138906.8285765216
36,2011-05-06,393401.4,0,train,428082.0397421891,-34680.63974218909,34680.63974218909
37,2011-05-06,547513.3,0,train,525742.8078228622,21770.492177137872,21770.492177137872
38,2011-05-06,422186.65,0,train,363904.9065444353,58281.74345556472,58281.74345556472
39,2011-05-06,1370920.87,0,train,1384021.954144568,-13101.084144567838,13101.084144567838
40,2011-05-06,1016752.55,0,train,972518.4059609253,44234.144039074774,44234.144039074774
41,2011-05-06,1244956.91,0,train,1203448.1733517032,41508.736648296705,41508.736648296705
42,2011-05-06,612337.35,0,train,562266.4314550674,50070.91854493262,50070.91854493262
43,2011-05-06,649148.74,0,train,633818.2489003348,15330.491099665174,15330.491099665174
44,2011-05-06,299354.67,0,train,283938.75022283685,15415.91977716313,15415.91977716313
45,2011-05-06,810150.64,0,train,795595.0653836457,14555.574616354308,14555.574616354308
1,2011-05-13,1604775.58,0,train,1519857.5986070135,84917.9813929866,84917.9813929866
2,2011-05-13,1838513.07,0,train,1928245.5556888762,-89732.48568887613,89732.48568887613
3,2011-05-13,386312.68,0,train,397171.3146342132,-10858.634634213231,10858.634634213231
4,2011-05-13,2002362.37,0,train,2043129.3755297645,-40767.00552976434,40767.00552976434
5,2011-05-13,290930.01,0,train,318324.24149263743,-27394.231492637424,27394.231492637424
6,2011-05-13,1453185.65,0,train,1568139.2941532787,-114953.64415327879,114953.64415327879
7,2011-05-13,414094.05,0,train,524942.0903979214,-110848.0403979214,110848.0403979214
8,2011-05-13,895763.41,0,train,911516.1760967738,-15752.76609677379,15752.76609677379
9,2011-05-13,539126.0,0,train,540800.3965831528,-1674.3965831528185,1674.3965831528185
10,2011-05-13,1712995.44,0,train,1898797.4427522025,-185802.00275220256,185802.00275220256
11,2011-05-13,1277959.42,0,train,1345721.8749775803,-67762.45497758035,67762.45497758035
12,2011-05-13,977033.5,0,train,979660.5080612941,-2627.0080612940947,2627.0080612940947
13,2011-05-13,1958823.56,0,train,1939179.94904319,19643.61095680995,19643.61095680995
14,2011-05-13,2004330.3,0,train,2095593.1358479937,-91262.83584799361,91262.83584799361
15,2011-05-13,630482.91,0,train,635015.9557387959,-4533.045738795889,4533.045738795889
16,2011-05-13,410406.95,0,train,493472.5929777903,-83065.64297779027,83065.64297779027
17,2011-05-13,870625.49,0,train,841708.9880485481,28916.50195145188,28916.50195145188
18,2011-05-13,993172.98,0,train,1085813.5496332173,-92640.5696332173,92640.5696332173
19,2011-05-13,1429143.06,0,train,1449938.0103519422,-20794.950351942098,20794.950351942098
20,2011-05-13,2036748.53,0,train,2090478.1280056527,-53729.59800565266,53729.59800565266
21,2011-05-13,754236.7,0,train,776229.5488853992,-21992.84888539929,21992.84888539929
22,2011-05-13,1001558.74,0,train,1013401.8216977632,-11843.081697763177,11843.081697763177
23,2011-05-13,1254914.87,0,train,1372687.5464496333,-117772.6764496332,117772.6764496332
24,2011-05-13,1311950.16,0,train,1345165.8204371037,-33215.66043710383,33215.66043710383
25,2011-05-13,684783.15,0,train,716637.4189689559,-31854.268968955847,31854.268968955847
26,2011-05-13,941008.85,0,train,992458.0098197509,-51449.15981975093,51449.15981975093
27,2011-05-13,1763545.32,0,train,1801542.3140556961,-37996.994055696065,37996.994055696065
28,2011-05-13,1253316.3,0,train,1315808.8261789414,-62492.52617894136,62492.52617894136
29,2011-05-13,549551.02,0,train,532115.7251130029,17435.294886997086,17435.294886997086
30,2011-05-13,424614.59,0,train,449502.3624148113,-24887.772414811247,24887.772414811247
31,2011-05-13,1408118.22,0,train,1388048.5644148118,20069.655585188186,20069.655585188186
32,2011-05-13,1138162.76,0,train,1135040.3201934341,3122.439806565875,3122.439806565875
33,2011-05-13,279466.87,0,train,255595.6316640958,23871.2383359042,23871.2383359042
34,2011-05-13,966232.69,0,train,930010.0113263151,36222.67867368483,36222.67867368483
35,2011-05-13,826155.95,0,train,959000.9647281388,-132845.0147281388,132845.0147281388
36,2011-05-13,395316.65,0,train,422824.33772113384,-27507.687721133814,27507.687721133814
37,2011-05-13,511871.63,0,train,520124.6621299388,-8253.032129938772,8253.032129938772
38,2011-05-13,366977.79,0,train,345261.82088482345,21715.96911517653,21715.96911517653
39,2011-05-13,1325022.77,0,train,1382521.7517931333,-57498.98179313331,57498.98179313331
40,2011-05-13,903864.02,0,train,956434.0589865297,-52570.03898652969,52570.03898652969
41,2011-05-13,1270025.74,0,train,1204290.7341861755,65735.00581382448,65735.00581382448
42,2011-05-13,603024.75,0,train,537880.6356933797,65144.11430662032,65144.11430662032
43,2011-05-13,684655.91,0,train,634008.6717394588,50647.23826054123,50647.23826054123
44,2011-05-13,307095.31,0,train,271847.2214475479,35248.0885524521,35248.0885524521
45,2011-05-13,793889.1,0,train,776787.1017303471,17101.99826965283,17101.99826965283
1,2011-05-20,1428218.27,0,train,1470122.1304229947,-41903.86042299471,41903.86042299471
2,2011-05-20,1688281.86,0,train,1880028.4534953046,-191746.59349530446,191746.59349530446
3,2011-05-20,364603.13,0,train,358390.3098792557,6212.820120744291,6212.820120744291
4,2011-05-20,2015563.48,0,train,2016498.3911935696,-934.9111935696565,934.9111935696565
5,2011-05-20,299614.33,0,train,274182.24823291413,25432.08176708588,25432.08176708588
6,2011-05-20,1382783.83,0,train,1526978.7923665182,-144194.9623665181,144194.9623665181
7,2011-05-20,424670.98,0,train,499465.36994591344,-74794.38994591346,74794.38994591346
8,2011-05-20,836049.89,0,train,863377.9906084,-27328.100608399953,27328.100608399953
9,2011-05-20,518266.9,0,train,493359.51589882886,24907.384101171163,24907.384101171163
10,2011-05-20,1720908.01,0,train,1860670.9875464474,-139762.97754644742,139762.97754644742
11,2011-05-20,1239466.97,0,train,1307277.0288627443,-67810.05886274436,67810.05886274436
12,2011-05-20,924134.99,0,train,939806.1343390201,-15671.144339020131,15671.144339020131
13,2011-05-20,1860923.55,0,train,1913041.82651217,-52118.27651216998,52118.27651216998
14,2011-05-20,1959967.8,0,train,2073804.4265470235,-113836.62654702342,113836.62654702342
15,2011-05-20,593941.9,0,train,609021.31034369,-15079.41034368996,15079.41034368996
16,2011-05-20,435397.19,0,train,471105.3399469063,-35708.14994690631,35708.14994690631
17,2011-05-20,844443.35,0,train,823834.7654205158,20608.584579484188,20608.584579484188
18,2011-05-20,994610.43,0,train,1057418.18164485,-62807.75164484989,62807.75164484989
19,2011-05-20,1355234.3,0,train,1419685.3555152968,-64451.05551529676,64451.05551529676
20,2011-05-20,1953416.06,0,train,2053786.2822810146,-100370.22228101455,100370.22228101455
21,2011-05-20,744836.56,0,train,730225.4910726277,14611.06892737234,14611.06892737234
22,2011-05-20,970307.83,0,train,990011.6537016325,-19703.82370163256,19703.82370163256
23,2011-05-20,1337617.55,0,train,1351239.4570237775,-13621.907023777487,13621.907023777487
24,2011-05-20,1234281.7,0,train,1322616.8011032434,-88335.10110324342,88335.10110324342
25,2011-05-20,677971.33,0,train,679133.189864024,-1161.8598640240962,1161.8598640240962
26,2011-05-20,938334.62,0,train,968516.7438129939,-30182.123812993872,30182.123812993872
27,2011-05-20,1725268.56,0,train,1775650.5551510542,-50381.995151054114,50381.995151054114
28,2011-05-20,1151282.31,0,train,1275954.4524566673,-124672.14245666726,124672.14245666726
29,2011-05-20,492932.51,0,train,508706.71028643835,-15774.20028643834,15774.20028643834
30,2011-05-20,435102.2,0,train,403498.3046020396,31603.895397960383,31603.895397960383
31,2011-05-20,1387365.19,0,train,1342044.50660204,45320.68339795992,45320.68339795992
32,2011-05-20,1145084.76,0,train,1081746.4722713695,63338.28772863047,63338.28772863047
33,2011-05-20,239206.26,0,train,215368.18495758134,23838.07504241867,23838.07504241867
34,2011-05-20,945018.83,0,train,899401.1497486822,45617.6802513178,45617.6802513178
35,2011-05-20,776838.56,0,train,933289.427659431,-156450.86765943095,156450.86765943095
36,2011-05-20,376183.44,0,train,385054.1003176165,-8870.660317616479,8870.660317616479
37,2011-05-20,533564.42,0,train,482462.5578279819,51101.862172018155,51101.862172018155
38,2011-05-20,365730.76,0,train,305407.4471625496,60323.312837450416,60323.312837450416
39,2011-05-20,1373907.21,0,train,1343823.1583508018,30084.05164919817,30084.05164919817
40,2011-05-20,907110.83,0,train,937058.9478414234,-29948.11784142349,29948.11784142349
41,2011-05-20,1244542.33,0,train,1154358.4726653264,90183.85733467364,90183.85733467364
42,2011-05-20,524559.95,0,train,499754.1804876247,24805.769512375235,24805.769512375235
43,2011-05-20,648330.18,0,train,601723.0362815027,46607.14371849736,46607.14371849736
44,2011-05-20,303559.23,0,train,245709.09891652805,57850.13108347193,57850.13108347193
45,2011-05-20,727163.67,0,train,754998.3924293772,-27834.722429377143,27834.722429377143
1,2011-05-27,1466046.67,0,train,1466659.2884195214,-612.6184195214882,612.6184195214882
2,2011-05-27,1797732.56,0,train,1874302.1932781495,-76569.63327814941,76569.63327814941
3,2011-05-27,369350.6,0,train,350754.79299661366,18595.80700338632,18595.80700338632
4,2011-05-27,1986597.95,0,train,1995096.9375348203,-8498.987534820335,8498.987534820335
5,2011-05-27,297149.69,0,train,267012.49211037415,30137.19788962585,30137.19788962585
6,2011-05-27,1523979.11,0,train,1519933.1787786696,4045.9312213305384,4045.9312213305384
7,2011-05-27,457216.87,0,train,475861.2804067198,-18644.410406719777,18644.410406719777
8,2011-05-27,857939.41,0,train,852884.3590402137,5055.050959786284,5055.050959786284
9,2011-05-27,553834.04,0,train,489389.9388967992,64444.10110320081,64444.10110320081
10,2011-05-27,1743000.38,0,train,1849135.639831475,-106135.2598314751,106135.2598314751
11,2011-05-27,1216876.52,0,train,1299697.5384201226,-82821.01842012256,82821.01842012256
12,2011-05-27,964332.51,0,train,938799.0712085095,25533.43879149051,25533.43879149051
13,2011-05-27,1866369.93,0,train,1892891.3159108176,-26521.385910817655,26521.385910817655
14,2011-05-27,2080694.24,0,train,2065066.1972163194,15628.042783680605,15628.042783680605
15,2011-05-27,636193.24,0,train,605097.7849425443,31095.455057455692,31095.455057455692
16,2011-05-27,444718.68,0,train,447137.0785475812,-2418.3985475812224,2418.3985475812224
17,2011-05-27,892056.64,0,train,794187.7732357299,97868.86676427012,97868.86676427012
18,2011-05-27,1065214.14,0,train,1048964.5457492406,16249.594250759343,16249.594250759343
19,2011-05-27,1388553.11,0,train,1420580.103955893,-32026.993955892976,32026.993955892976
20,2011-05-27,1944433.17,0,train,2052107.2805173444,-107674.11051734444,107674.11051734444
21,2011-05-27,744389.81,0,train,722314.1996946826,22075.610305317445,22075.610305317445
22,2011-05-27,1021568.34,0,train,973116.8721933983,48451.467806601664,48451.467806601664
23,2011-05-27,1361945.18,0,train,1341525.2262277121,20419.953772287816,20419.953772287816
24,2011-05-27,1311153.72,0,train,1310905.6005392824,248.1194607175421,248.1194607175421
25,2011-05-27,718373.94,0,train,678882.8623208703,39491.07767912967,39491.07767912967
26,2011-05-27,996723.58,0,train,962388.2051782247,34335.37482177524,34335.37482177524
27,2011-05-27,1820723.17,0,train,1764826.6112378412,55896.55876215873,55896.55876215873
28,2011-05-27,1160043.98,0,train,1274947.3893261566,-114903.4093261566,114903.4093261566
29,2011-05-27,550735.64,0,train,491793.0819477703,58942.558052229695,58942.558052229695
30,2011-05-27,429305.82,0,train,395587.01322409476,33718.80677590525,33718.80677590525
31,2011-05-27,1342273.64,0,train,1334133.2152240952,8140.424775904743,8140.424775904743
32,2011-05-27,1175447.49,0,train,1080749.0512803488,94698.4387196512,94698.4387196512
33,2011-05-27,239431.85,0,train,204533.1677428619,34898.682257138105,34898.682257138105
34,2011-05-27,941311.83,0,train,881809.49401131,59502.33598868991,59502.33598868991
35,2011-05-27,850708.6,0,train,922141.0844415366,-71432.4844415366,71432.4844415366
36,2011-05-27,348655.2,0,train,375843.71972063475,-27188.519720634737,27188.519720634737
37,2011-05-27,507086.75,0,train,473900.9758403626,33185.774159637396,33185.774159637396
38,2011-05-27,356886.1,0,train,304400.38403203886,52485.71596796112,52485.71596796112
39,2011-05-27,1406124.14,0,train,1336746.2770237192,69377.86297628074,69377.86297628074
40,2011-05-27,972373.81,0,train,927708.8889054897,44664.921094510355,44664.921094510355
41,2011-05-27,1278304.33,0,train,1153445.091334336,124859.2386656641,124859.2386656641
42,2011-05-27,503295.29,0,train,488218.83277265215,15076.457227347826,15076.457227347826
43,2011-05-27,578209.63,0,train,588817.3362916083,-10607.70629160828,10607.70629160828
44,2011-05-27,308442.49,0,train,225558.58831517515,82883.90168482484,82883.90168482484
45,2011-05-27,817653.25,0,train,746260.1630986731,71393.0869013269,71393.0869013269
1,2011-06-03,1635078.41,0,train,1566051.75908896,69026.6509110399,69026.6509110399
2,2011-06-03,1933756.21,0,train,1977538.1276961141,-43781.917696114164,43781.917696114164
3,2011-06-03,394507.84,0,train,434965.3933229032,-40457.55332290317,40457.55332290317
4,2011-06-03,2065377.15,0,train,2093654.5408635573,-28277.390863557346,28277.390863557346
5,2011-06-03,329183.92,0,train,361885.6657776905,-32701.745777690492,32701.745777690492
6,2011-06-03,1705506.29,0,train,1613417.7815973687,92088.50840263139,92088.50840263139
7,2011-06-03,542295.37,0,train,586754.5332751425,-44459.16327514255,44459.16327514255
8,2011-06-03,929222.16,0,train,962390.1317856142,-33167.97178561415,33167.97178561415
9,2011-06-03,587004.29,0,train,589004.0192824214,-1999.7292824214092,1999.7292824214092
10,2011-06-03,1792210.89,0,train,1945613.5748638012,-153402.68486380135,153402.68486380135
11,2011-06-03,1343637.0,0,train,1385728.99804707,-42091.99804707011,42091.99804707011
12,2011-06-03,970328.68,0,train,1011981.5749376336,-41652.89493763354,41652.89493763354
13,2011-06-03,1935593.87,0,train,1975559.116658584,-39965.24665858387,39965.24665858387
14,2011-06-03,2079899.47,0,train,2169863.7742561516,-89964.30425615166,89964.30425615166
15,2011-06-03,695396.19,0,train,703080.2766488185,-7684.086648818571,7684.086648818571
16,2011-06-03,531080.31,0,train,559851.1907166623,-28770.880716662272,28770.880716662272
17,2011-06-03,895020.48,0,train,878060.1424439319,16960.337556068087,16960.337556068087
18,2011-06-03,1178039.0,0,train,1153730.3480666622,24308.651933337795,24308.651933337795
19,2011-06-03,1457345.75,0,train,1515425.115021033,-58079.36502103298,58079.36502103298
20,2011-06-03,2182246.69,0,train,2150013.5020564045,32233.18794359546,32233.18794359546
21,2011-06-03,773878.58,0,train,826418.5439329613,-52539.96393296134,52539.96393296134
22,2011-06-03,1125169.92,0,train,1081263.107742469,43906.812257530866,43906.812257530866
23,2011-06-03,1562161.97,0,train,1439679.9086227436,122482.06137725641,122482.06137725641
24,2011-06-03,1554837.62,0,train,1418552.6531490504,136284.96685094968,136284.96685094968
25,2011-06-03,737551.74,0,train,774323.9204990395,-36772.180499039474,36772.180499039474
26,2011-06-03,1054454.4,0,train,1060010.636393064,-5556.236393064028,5556.236393064028
27,2011-06-03,2053708.01,0,train,1873500.9865984078,180207.02340159216,180207.02340159216
28,2011-06-03,1403779.25,0,train,1348129.893055281,55649.3569447191,55649.3569447191
29,2011-06-03,598251.57,0,train,599920.4706664073,-1668.9006664073095,1668.9006664073095
30,2011-06-03,432808.48,0,train,499691.3574623731,-66882.87746237312,66882.87746237312
31,2011-06-03,1430348.1,0,train,1438237.5594623736,-7889.459462373517,7889.459462373517
32,2011-06-03,1167757.0,0,train,1185647.4750666043,-17890.475066604326,17890.475066604326
33,2011-06-03,243477.03,0,train,293615.6126925148,-50138.582692514785,50138.582692514785
34,2011-06-03,947229.24,0,train,991684.4382241387,-44455.1982241387,44455.1982241387
35,2011-06-03,955466.84,0,train,1030887.5485364769,-75420.70853647694,75420.70853647694
36,2011-06-03,373703.95,0,train,464854.7121539302,-91150.7621539302,91150.7621539302
37,2011-06-03,500381.23,0,train,563236.3675783393,-62855.137578339316,62855.137578339316
38,2011-06-03,396826.06,0,train,377582.88776116294,19243.172238837054,19243.172238837054
39,2011-06-03,1541745.59,0,train,1425549.4175815035,116196.17241849657,116196.17241849657
40,2011-06-03,1075687.74,0,train,1023370.39471962,52317.34528037999,52317.34528037999
41,2011-06-03,1297584.95,0,train,1253105.0429786977,44479.907021302264,44479.907021302264
42,2011-06-03,545109.3,0,train,584696.7678049786,-39587.4678049786,39587.4678049786
43,2011-06-03,630972.15,0,train,680811.9140353648,-49839.76403536473,49839.76403536473
44,2011-06-03,308950.04,0,train,308226.3890629418,723.6509370582062,723.6509370582062
45,2011-06-03,877423.45,0,train,851057.7401385054,26365.7098614946,26365.7098614946
1,2011-06-10,1588948.32,0,train,1538778.29392902,50170.02607098012,50170.02607098012
2,2011-06-10,1929153.16,0,train,1950830.5790462766,-21677.419046276715,21677.419046276715
3,2011-06-10,391638.75,0,train,408813.7518657084,-17175.001865708386,17175.001865708386
4,2011-06-10,2073951.38,0,train,2072397.6869354802,1553.6930645196699,1553.6930645196699
5,2011-06-10,304984.14,0,train,333678.5952796864,-28694.45527968637,28694.45527968637
6,2011-06-10,1598643.65,0,train,1587099.6864946936,11543.963505306281,11543.963505306281
7,2011-06-10,621099.95,0,train,582210.2738086856,38889.67619131436,38889.67619131436
8,2011-06-10,897309.41,0,train,935145.2085035134,-37835.79850351333,37835.79850351333
9,2011-06-10,550076.32,0,train,561335.8720039655,-11259.552003965597,11259.552003965597
10,2011-06-10,1740063.1,0,train,1931627.7360581171,-191564.63605811703,191564.63605811703
11,2011-06-10,1314626.75,0,train,1357056.1667889638,-42429.416788963834,42429.416788963834
12,2011-06-10,996937.95,0,train,1004815.179084434,-7877.229084434104,7877.229084434104
13,2011-06-10,1997816.98,0,train,1974292.3256627305,23524.654337269487,23524.654337269487
14,2011-06-10,2132446.0,0,train,2136201.46616467,-3755.4661646699533,3755.4661646699533
15,2011-06-10,642679.81,0,train,677441.85868197,-34762.04868196999,34762.04868196999
16,2011-06-10,600952.06,0,train,538975.2239843011,61976.836015698966,61976.836015698966
17,2011-06-10,881190.46,0,train,866512.4997043617,14677.960295638302,14677.960295638302
18,2011-06-10,1044079.2,0,train,1123793.764922391,-79714.56492239097,79714.56492239097
19,2011-06-10,1467473.63,0,train,1495921.5922364024,-28447.962236402556,28447.962236402556
20,2011-06-10,2135062.04,0,train,2123242.3427091343,11819.697290865704,11819.697290865704
21,2011-06-10,794397.89,0,train,801279.735603691,-6881.845603690948,6881.845603690948
22,2011-06-10,1060868.49,0,train,1053726.4951294928,7141.994870507158,7141.994870507158
23,2011-06-10,1447028.06,0,train,1408146.5719378954,38881.488062104676,38881.488062104676
24,2011-06-10,1373841.91,0,train,1384062.057659002,-10220.147659002105,10220.147659002105
25,2011-06-10,740259.63,0,train,749317.5940124071,-9057.964012407116,9057.964012407116
26,2011-06-10,1094058.68,0,train,1032231.0711895726,61827.608810427366,61827.608810427366
27,2011-06-10,1817914.71,0,train,1845164.1331210113,-27249.42312101135,27249.42312101135
28,2011-06-10,1339972.83,0,train,1340963.4972020811,-990.6672020810656,990.6672020810656
29,2011-06-10,558431.44,0,train,572365.0112229969,-13933.571222996921,13933.571222996921
30,2011-06-10,424697.05,0,train,474552.5491331029,-49855.49913310289,49855.49913310289
31,2011-06-10,1425299.37,0,train,1413098.7511331034,12200.618866896722,12200.618866896722
32,2011-06-10,1239741.34,0,train,1171886.8662168155,67854.47378318454,67854.47378318454
33,2011-06-10,258427.39,0,train,283523.6114682383,-25096.221468238276,25096.221468238276
34,2011-06-10,943912.77,0,train,965217.1253741778,-21304.3553741778,21304.3553741778
35,2011-06-10,855130.21,0,train,1002658.8281606407,-147528.6181606407,147528.6181606407
36,2011-06-10,374182.04,0,train,435487.76110788796,-61305.72110788798,61305.72110788798
37,2011-06-10,509647.25,0,train,534085.6827354177,-24438.432735417737,24438.432735417737
38,2011-06-10,381763.02,0,train,370416.4919079633,11346.528092036722,11346.528092036722
39,2011-06-10,1442092.08,0,train,1395586.3493582883,46505.730641711736,46505.730641711736
40,2011-06-10,984336.04,0,train,991865.0712547817,-7529.031254781643,7529.031254781643
41,2011-06-10,1311690.11,0,train,1245087.144230985,66602.96576901502,66602.96576901502
42,2011-06-10,616701.99,0,train,570710.9289992945,45991.061000705464,45991.061000705464
43,2011-06-10,643041.71,0,train,659782.9940946747,-16741.284094674746,16741.284094674746
44,2011-06-10,308770.42,0,train,306959.5980670884,1810.8219329115818,1810.8219329115818
45,2011-06-10,814395.17,0,train,817395.4320470237,-3000.262047023629,3000.262047023629
1,2011-06-17,1532114.86,0,train,1524015.3309943369,8099.529005663237,8099.529005663237
2,2011-06-17,1953771.99,0,train,1935649.04030063,18122.949699369958,18122.949699369958
3,2011-06-17,403423.34,0,train,390785.5461542796,12637.793845720415,12637.793845720415
4,2011-06-17,2141210.62,0,train,2058005.7796022315,83204.84039776865,83204.84039776865
5,2011-06-17,304811.82,0,train,318772.9348588709,-13961.114858870918,13961.114858870918
6,2011-06-17,1622150.33,0,train,1570396.609874281,51753.72012571897,51753.72012571897
7,2011-06-17,610991.35,0,train,545158.3911994996,65832.95880050038,65832.95880050038
8,2011-06-17,922048.41,0,train,918237.3123103165,3811.097689683549,3811.097689683549
9,2011-06-17,558671.14,0,train,546724.1911759595,11946.948824040475,11946.948824040475
10,2011-06-17,1817934.76,0,train,1916174.671372314,-98239.91137231397,98239.91137231397
11,2011-06-17,1337506.74,0,train,1338999.947857525,-1493.2078575249761,1493.2078575249761
12,2011-06-17,986504.93,0,train,1002612.3674634213,-16107.437463421258,16107.437463421258
13,2011-06-17,2086433.49,0,train,1955482.1691248417,130951.3208751583,130951.3208751583
14,2011-06-17,2082083.34,0,train,2098808.5206837496,-16725.180683749495,16725.180683749495
15,2011-06-17,639928.85,0,train,636821.6579669645,3107.192033035448,3107.192033035448
16,2011-06-17,581546.23,0,train,521728.6879222751,59817.54207772488,59817.54207772488
17,2011-06-17,894686.67,0,train,847926.4489265538,46760.22107344621,46760.22107344621
18,2011-06-17,1045859.39,0,train,1081792.5020992795,-35933.11209927953,35933.11209927953
19,2011-06-17,1418973.62,0,train,1460119.6653631388,-41146.04536313866,41146.04536313866
20,2011-06-17,2065191.27,0,train,2078120.3044825513,-12929.034482551273,12929.034482551273
21,2011-06-17,823220.43,0,train,785257.8002577407,37962.62974225939,37962.62974225939
22,2011-06-17,1042454.61,0,train,1013691.180810302,28763.429189697956,28763.429189697956
23,2011-06-17,1470520.83,0,train,1372000.0720969005,98520.75790309953,98520.75790309953
24,2011-06-17,1320359.23,0,train,1344226.22710428,-23866.99710427993,23866.99710427993
25,2011-06-17,717373.43,0,train,702402.7097051758,14970.72029482422,14970.72029482422
26,2011-06-17,981646.46,0,train,992779.0113873828,-11132.551387382788,11132.551387382788
27,2011-06-17,1814740.09,0,train,1803792.5985689438,10947.491431056289,10947.491431056289
28,2011-06-17,1268503.49,0,train,1338760.6855810685,-70257.19558106852,70257.19558106852
29,2011-06-17,536914.17,0,train,532324.6738005944,4589.496199405636,4589.496199405636
30,2011-06-17,435481.03,0,train,458530.6137871526,-23049.583787152544,23049.583787152544
31,2011-06-17,1491039.14,0,train,1397076.815787153,93962.32421284681,93962.32421284681
32,2011-06-17,1192031.38,0,train,1152763.444414111,39267.9355858888,39267.9355858888
33,2011-06-17,238172.66,0,train,270031.47218314407,-31858.812183144066,31858.812183144066
34,2011-06-17,968258.09,0,train,946763.3011394604,21494.788860539556,21494.788860539556
35,2011-06-17,828594.86,0,train,961179.160507013,-132584.300507013,132584.300507013
36,2011-06-17,394645.25,0,train,416375.43125038594,-21730.18125038594,21730.18125038594
37,2011-06-17,525132.36,0,train,515802.37332321244,9329.98667678755,9329.98667678755
38,2011-06-17,356797.0,0,train,368213.68028695066,-11416.680286950665,11416.680286950665
39,2011-06-17,1451392.67,0,train,1378535.6216265284,72857.04837347148,72857.04837347148
40,2011-06-17,971422.67,0,train,953309.4344929159,18113.235507084173,18113.235507084173
41,2011-06-17,1289151.84,0,train,1224030.810247582,65121.029752418166,65121.029752418166
42,2011-06-17,546675.65,0,train,555257.8643134914,-8582.214313491364,8582.214313491364
43,2011-06-17,665781.74,0,train,643367.4154700569,22414.324529943056,22414.324529943056
44,2011-06-17,300255.87,0,train,288149.4415291995,12106.428470800514,12106.428470800514
45,2011-06-17,811153.67,0,train,780002.4865661031,31151.18343389698,31151.18343389698
1,2011-06-24,1438830.15,0,train,1493335.718610042,-54505.5686100421,54505.5686100421
2,2011-06-24,1790925.8,0,train,1909085.97103424,-118160.17103423993,118160.17103423993
3,2011-06-24,385520.71,0,train,362388.5622954357,23132.147704564326,23132.147704564326
4,2011-06-24,2008344.92,0,train,2030075.7304855892,-21730.810485589318,21730.810485589318
5,2011-06-24,302881.64,0,train,290196.5848635129,12685.05513648712,12685.05513648712
6,2011-06-24,1543365.9,0,train,1543252.87869237,113.02130762999877,113.02130762999877
7,2011-06-24,640043.97,0,train,517232.9726123495,122810.99738765048,122810.99738765048
8,2011-06-24,864881.24,0,train,893286.1439605823,-28404.903960582335,28404.903960582335
9,2011-06-24,538745.93,0,train,517235.6310202254,21510.29897977464,21510.29897977464
10,2011-06-24,1711813.13,0,train,1897658.876465174,-185845.74646517402,185845.74646517402
11,2011-06-24,1254587.84,0,train,1311303.2944989342,-56715.454498934094,56715.454498934094
12,2011-06-24,997282.75,0,train,985639.7903296523,11642.959670347744,11642.959670347744
13,2011-06-24,2009163.08,0,train,1941122.8525991915,68040.2274008086,68040.2274008086
14,2011-06-24,2069523.52,0,train,2091862.3817595472,-22338.861759547144,22338.861759547144
15,2011-06-24,656594.95,0,train,632134.6269870573,24460.32301294268,24460.32301294268
16,2011-06-24,569105.03,0,train,488088.5724530588,81016.45754694124,81016.45754694124
17,2011-06-24,920719.98,0,train,837348.9171022706,83371.06289772934,83371.06289772934
18,2011-06-24,1056478.65,0,train,1071947.118859029,-15468.468859029002,15468.468859029002
19,2011-06-24,1440785.7,0,train,1450726.4134215303,-9940.713421530323,9940.713421530323
20,2011-06-24,1950826.32,0,train,2072383.284139548,-121556.9641395479,121556.9641395479
21,2011-06-24,771298.98,0,train,757406.1228708844,13892.857129115611,13892.857129115611
22,2011-06-24,1012584.2,0,train,1004904.9546166838,7679.245383316185,7679.245383316185
23,2011-06-24,1434036.18,0,train,1358120.7851751915,75915.39482480846,75915.39482480846
24,2011-06-24,1304850.67,0,train,1335281.1866828334,-30430.516682833433,30430.516682833433
25,2011-06-24,699270.1,0,train,699859.1964433271,-589.0964433271438,589.0964433271438
26,2011-06-24,997474.93,0,train,978059.3278653699,19415.6021346302,19415.6021346302
27,2011-06-24,1811455.15,0,train,1796102.8077342007,15352.342265799176,15352.342265799176
28,2011-06-24,1208809.34,0,train,1321788.1084472996,-112978.76844729949,112978.76844729949
29,2011-06-24,545368.17,0,train,523543.7929207285,21824.377079271537,21824.377079271537
30,2011-06-24,422715.74,0,train,430678.9364002965,-7963.196400296525,7963.196400296525
31,2011-06-24,1375962.46,0,train,1369225.138400297,6737.321599703049,6737.321599703049
32,2011-06-24,1163869.52,0,train,1123773.5234665761,40095.996533423895,40095.996533423895
33,2011-06-24,238433.53,0,train,252272.03421627742,-13838.504216277419,13838.504216277419
34,2011-06-24,923795.04,0,train,925108.2133050872,-1313.1733050871408,1313.1733050871408
35,2011-06-24,849397.57,0,train,953020.7928988412,-103623.22289884125,103623.22289884125
36,2011-06-24,360009.94,0,train,392743.0505657109,-32733.11056571087,32733.11056571087
37,2011-06-24,509276.22,0,train,491701.41586510895,17574.80413489102,17574.80413489102
38,2011-06-24,354078.95,0,train,351241.1031531817,2837.8468468182837,2837.8468468182837
39,2011-06-24,1363167.95,0,train,1352557.7784277464,10610.171572253574,10610.171572253574
40,2011-06-24,977103.64,0,train,941363.0597519056,35740.5802480944,35740.5802480944
41,2011-06-24,1244381.98,0,train,1193808.307619601,50573.67238039896,50573.67238039896
42,2011-06-24,501780.66,0,train,536742.0694063511,-34961.4094063511,34961.4094063511
43,2011-06-24,604925.08,0,train,620050.3665329581,-15125.286532958155,15125.286532958155
44,2011-06-24,296765.59,0,train,273790.12500354904,22975.464996450988,22975.464996450988
45,2011-06-24,762861.78,0,train,773056.3476419006,-10194.56764190062,10194.56764190062
1,2011-07-01,1488538.09,0,train,1505645.9312784583,-17107.841278458247,17107.841278458247
2,2011-07-01,1866243.0,0,train,1926564.7499132287,-60321.749913228676,60321.749913228676
3,2011-07-01,368962.72,0,train,377022.3034046558,-8059.583404655801,8059.583404655801
4,2011-07-01,2051533.53,0,train,2059165.7623616327,-7632.232361632632,7632.232361632632
5,2011-07-01,327093.89,0,train,306103.58526847477,20990.304731525248,20990.304731525248
6,2011-07-01,1694551.15,0,train,1559624.9382994615,134926.2117005384,134926.2117005384
7,2011-07-01,704344.21,0,train,563503.043251036,140841.166748964,140841.166748964
8,2011-07-01,883683.35,0,train,913300.6524578327,-29617.30245783273,29617.30245783273
9,2011-07-01,537064.03,0,train,537348.0905687447,-284.06056874466594,284.06056874466594
10,2011-07-01,1751369.75,0,train,1934264.4960787399,-182894.74607873987,182894.74607873987
11,2011-07-01,1297472.06,0,train,1326329.2206882962,-28857.160688296193,28857.160688296193
12,2011-07-01,961993.34,0,train,1008301.5263755333,-46308.18637553335,46308.18637553335
13,2011-07-01,2048035.74,0,train,1985592.2910941131,62443.44890588685,62443.44890588685
14,2011-07-01,2074668.19,0,train,2101549.677335634,-26881.487335633952,26881.487335633952
15,2011-07-01,674669.16,0,train,636466.3493634433,38202.81063655671,38202.81063655671
16,2011-07-01,608737.56,0,train,528187.4264383278,80550.1335616723,80550.1335616723
17,2011-07-01,940554.34,0,train,870207.9958176566,70346.34418234334,70346.34418234334
18,2011-07-01,1087051.26,0,train,1096345.5355113812,-9294.275511381216,9294.275511381216
19,2011-07-01,1462731.93,0,train,1460016.4757397086,2715.454260291299,2715.454260291299
20,2011-07-01,2053165.41,0,train,2079593.2583530429,-26427.848353042966,26427.848353042966
21,2011-07-01,784639.12,0,train,778610.6600112203,6028.459988779738,6028.459988779738
22,2011-07-01,1077491.68,0,train,1032804.9729704495,44686.70702955045,44686.70702955045
23,2011-07-01,1492507.44,0,train,1384026.6959233428,108480.74407665711,108480.74407665711
24,2011-07-01,1445596.61,0,train,1350645.5224081231,94951.08759187697,94951.08759187697
25,2011-07-01,706206.86,0,train,703259.3727354445,2947.4872645555297,2947.4872645555297
26,2011-07-01,1070119.09,0,train,1003292.2221544647,66826.8678455354,66826.8678455354
27,2011-07-01,1949983.93,0,train,1812982.2874478975,137001.64255210245,137001.64255210245
28,2011-07-01,1319054.57,0,train,1344449.8444931805,-25395.27449318045,25395.27449318045
29,2011-07-01,567114.6,0,train,548208.9969774145,18905.603022585507,18905.603022585507
30,2011-07-01,428782.38,0,train,451883.47354063205,-23101.09354063205,23101.09354063205
31,2011-07-01,1371889.27,0,train,1390429.6755406326,-18540.40554063255,18540.40554063255
32,2011-07-01,1199845.29,0,train,1159146.4515213228,40698.83847867721,40698.83847867721
33,2011-07-01,226702.36,0,train,288102.9155492245,-61400.55554922449,61400.55554922449
34,2011-07-01,911106.22,0,train,950800.0046102417,-39693.78461024177,39693.78461024177
35,2011-07-01,874453.88,0,train,968403.2867090984,-93949.40670909837,93949.40670909837
36,2011-07-01,354270.77,0,train,413867.532223071,-59596.76222307095,59596.76222307095
37,2011-07-01,517021.3,0,train,512717.7644209084,4303.535579091578,4303.535579091578
38,2011-07-01,387334.04,0,train,373902.8391990628,13431.200800937193,13431.200800937193
39,2011-07-01,1429829.36,0,train,1372145.4527630296,57683.907236970495,57683.907236970495
40,2011-07-01,1048866.3,0,train,969538.0413208774,79328.25867912266,79328.25867912266
41,2011-07-01,1333347.78,0,train,1229799.732562029,103548.04743797099,103548.04743797099
42,2011-07-01,506343.83,0,train,573347.689019917,-67003.85901991703,67003.85901991703
43,2011-07-01,586781.78,0,train,641038.514592485,-54256.73459248501,54256.73459248501
44,2011-07-01,315273.08,0,train,319031.0300724786,-3757.950072478561,3757.950072478561
45,2011-07-01,791495.25,0,train,782743.6432179873,8751.606782012735,8751.606782012735
1,2011-07-08,1534849.64,0,train,1487883.303753363,46966.33624663693,46966.33624663693
2,2011-07-08,1853161.99,0,train,1913647.00972354,-60485.01972353994,60485.01972353994
3,2011-07-08,395146.24,0,train,359273.2335841912,35873.006415808806,35873.006415808806
4,2011-07-08,2066541.86,0,train,2040735.468443388,25806.391556612216,25806.391556612216
5,2011-07-08,310804.93,0,train,289883.9562293525,20920.973770647484,20920.973770647484
6,2011-07-08,1709373.62,0,train,1544893.9545138062,164479.66548619396,164479.66548619396
7,2011-07-08,761793.94,0,train,546008.8893187109,215785.05068128905,215785.05068128905
8,2011-07-08,861965.12,0,train,884430.5242384499,-22465.404238449875,22465.404238449875
9,2011-07-08,535983.13,0,train,518535.4571741616,17447.67282583838,17447.67282583838
10,2011-07-08,1699708.38,0,train,1896168.5385329525,-196460.15853295266,196460.15853295266
11,2011-07-08,1334627.96,0,train,1309868.7589882973,24759.20101170265,24759.20101170265
12,2011-07-08,943717.38,0,train,986194.7070042344,-42477.32700423442,42477.32700423442
13,2011-07-08,2021699.38,0,train,1974913.244791064,46786.13520893594,46786.13520893594
14,2011-07-08,2063401.06,0,train,2093053.7503225096,-29652.6903225095,29652.6903225095
15,2011-07-08,635118.48,0,train,635783.9874135802,-665.5074135801988,665.5074135801988
16,2011-07-08,634634.66,0,train,513130.4226468839,121504.23735311616,121504.23735311616
17,2011-07-08,915064.22,0,train,860089.2139148099,54975.00608519011,54975.00608519011
18,2011-07-08,1048802.62,0,train,1088147.5994516271,-39344.979451627005,39344.979451627005
19,2011-07-08,1465489.75,0,train,1457989.4792293594,7500.270770640578,7500.270770640578
20,2011-07-08,2123787.79,0,train,2075443.9315567294,48343.85844327067,48343.85844327067
21,2011-07-08,734099.4,0,train,764516.3645811061,-30416.96458110609,30416.96458110609
22,2011-07-08,1017050.65,0,train,1024741.7576969934,-7691.107696993393,7691.107696993393
23,2011-07-08,1379488.05,0,train,1378349.9496645005,1138.1003354995046,1138.1003354995046
24,2011-07-08,1567340.07,0,train,1339458.2029544623,227881.8670455378,227881.8670455378
25,2011-07-08,698529.64,0,train,699110.0459391313,-580.4059391312767,580.4059391312767
26,2011-07-08,1133807.03,0,train,995318.3918547917,138488.63814520836,138488.63814520836
27,2011-07-08,2000055.27,0,train,1804086.7067213142,195968.5632786858,195968.5632786858
28,2011-07-08,1459655.85,0,train,1322343.0251218816,137312.82487811847,137312.82487811847
29,2011-07-08,547586.07,0,train,540151.1270177113,7434.94298228866,7434.94298228866
30,2011-07-08,419764.37,0,train,437789.17811051814,-18024.808110518148,18024.808110518148
31,2011-07-08,1423144.47,0,train,1376335.3801105185,46809.08988948143,46809.08988948143
32,2011-07-08,1110244.52,0,train,1139299.1871081472,-29054.667108147172,29054.667108147172
33,2011-07-08,262717.71,0,train,263453.30360829807,-735.5936082980479,735.5936082980479
34,2011-07-08,926934.57,0,train,929092.163950812,-2157.5939508120064,2157.5939508120064
35,2011-07-08,827717.85,0,train,959255.3954122077,-131537.54541220772,131537.54541220772
36,2011-07-08,377464.62,0,train,392930.4650087516,-15465.84500875161,15465.84500875161
37,2011-07-08,489059.93,0,train,492429.4958159517,-3369.5658159517334,3369.5658159517334
38,2011-07-08,399699.17,0,train,351796.0198277638,47903.1501722362,47903.1501722362
39,2011-07-08,1414564.53,0,train,1351913.210598093,62651.319401907036,62651.319401907036
40,2011-07-08,1107366.06,0,train,959211.1005403537,148154.95945964637,148154.95945964637
41,2011-07-08,1338862.58,0,train,1214938.821310656,123923.75868934416,123923.75868934416
42,2011-07-08,593234.27,0,train,535251.7314741298,57982.538525870186,57982.538525870186
43,2011-07-08,651147.83,0,train,610300.8527872334,40846.977212766535,40846.977212766535
44,2011-07-08,295339.01,0,train,308351.98376942927,-13012.973769429256,13012.973769429256
45,2011-07-08,768718.11,0,train,774247.7162048634,-5529.606204863405,5529.606204863405
1,2011-07-15,1455119.97,0,train,1484408.1187835066,-29288.148783506593,29288.148783506593
2,2011-07-15,1785187.29,0,train,1908546.4831854035,-123359.19318540348,123359.19318540348
3,2011-07-15,373454.33,0,train,353142.35134243686,20311.97865756316,20311.97865756316
4,2011-07-15,2049046.95,0,train,2025623.6669992693,23423.283000730677,23423.283000730677
5,2011-07-15,283248.62,0,train,284420.7634692278,-1172.1434692278272,1172.1434692278272
6,2011-07-15,1526801.24,0,train,1535426.4883117983,-8625.248311798321,8625.248311798321
7,2011-07-15,642748.21,0,train,518238.0509046226,124510.15909537737,124510.15909537737
8,2011-07-15,849925.37,0,train,875302.3055220549,-25376.935522054904,25376.935522054904
9,2011-07-15,512834.04,0,train,511424.49759188166,1409.5424081183155,1409.5424081183155
10,2011-07-15,1775068.4,0,train,1873690.3061514033,-98621.90615140344,98621.90615140344
11,2011-07-15,1266546.73,0,train,1301973.043885905,-35426.31388590508,35426.31388590508
12,2011-07-15,936001.98,0,train,965881.5237106417,-29879.54371064168,29879.54371064168
13,2011-07-15,1956813.31,0,train,1954960.3135791225,1852.99642087752,1852.99642087752
14,2011-07-15,1953544.76,0,train,2083193.7312676995,-129648.9712676995,129648.9712676995
15,2011-07-15,624114.56,0,train,622329.5224279708,1785.0375720292795,1785.0375720292795
16,2011-07-15,586841.77,0,train,499002.02237772755,87839.74762227247,87839.74762227247
17,2011-07-15,902727.76,0,train,837447.0135818966,65280.74641810346,65280.74641810346
18,2011-07-15,974916.13,0,train,1079035.5667480207,-104119.4367480207,104119.4367480207
19,2011-07-15,1391580.41,0,train,1446299.8471043883,-54719.43710438837,54719.43710438837
20,2011-07-15,2039875.75,0,train,2063292.7231147257,-23416.973114725668,23416.973114725668
21,2011-07-15,728311.15,0,train,758743.5207627267,-30432.37076272664,30432.37076272664
22,2011-07-15,961953.57,0,train,1014906.431227214,-52952.8612272141,52952.8612272141
23,2011-07-15,1360520.56,0,train,1365428.1190395164,-4907.5590395163745,4907.5590395163745
24,2011-07-15,1356938.95,0,train,1331606.3819708782,25332.56802912173,25332.56802912173
25,2011-07-15,680510.23,0,train,689311.947977978,-8801.717977978056,8801.717977978056
26,2011-07-15,1021534.7,0,train,985786.1608510333,35748.539148966665,35748.539148966665
27,2011-07-15,1762155.79,0,train,1793690.7326708995,-31534.942670899443,31534.942670899443
28,2011-07-15,1197373.13,0,train,1302029.841828289,-104656.71182828909,104656.71182828909
29,2011-07-15,505246.15,0,train,530310.7505938414,-25064.600593841402,25064.600593841402
30,2011-07-15,420515.63,0,train,432016.3342921387,-11500.70429213869,11500.70429213869
31,2011-07-15,1415473.91,0,train,1370562.536292139,44911.37370786094,44911.37370786094
32,2011-07-15,1144254.26,0,train,1119091.9180967933,25162.34190320666,25162.34190320666
33,2011-07-15,265003.47,0,train,238033.68312568555,26969.78687431442,26969.78687431442
34,2011-07-15,903882.96,0,train,909974.4720452453,-6091.512045245385,6091.512045245385
35,2011-07-15,813845.5,0,train,949580.3087055288,-135734.80870552885,135734.80870552885
36,2011-07-15,385631.48,0,train,384980.9650753512,650.5149246487999,650.5149246487999
37,2011-07-15,498749.62,0,train,483939.33037474914,14810.28962525085,14810.28962525085
38,2011-07-15,367181.71,0,train,331482.836534171,35698.873465829005,35698.873465829005
39,2011-07-15,1380257.12,0,train,1345411.9837776097,34845.13622239046,34845.13622239046
40,2011-07-15,953252.14,0,train,949538.8034365446,3713.3365634554066,3713.3365634554066
41,2011-07-15,1245772.7,0,train,1199493.7997010238,46278.90029897611,46278.90029897611
42,2011-07-15,591703.82,0,train,512773.49909258063,78930.32090741931,78930.32090741931
43,2011-07-15,631827.38,0,train,592625.4303787076,39201.94962129241,39201.94962129241
44,2011-07-15,289201.21,0,train,288399.0525574881,802.1574425119325,802.1574425119325
45,2011-07-15,748435.2,0,train,764387.6971500535,-15952.497150053503,15952.497150053503
1,2011-07-22,1396926.82,0,train,1467514.8965716148,-70588.07657161471,70588.07657161471
2,2011-07-22,1743816.41,0,train,1898041.7663540477,-154225.35635404778,154225.35635404778
3,2011-07-22,360617.37,0,train,341333.0993445867,19284.270655413275,19284.270655413275
4,2011-07-22,2036231.39,0,train,2014633.056395975,21598.333604024956,21598.333604024956
5,2011-07-22,292539.73,0,train,270606.5773876797,21933.152612320264,21933.152612320264
6,2011-07-22,1526506.08,0,train,1523849.1601547855,2656.9198452145793,2656.9198452145793
7,2011-07-22,688043.96,0,train,512703.91452075297,175340.045479247,175340.045479247
8,2011-07-22,829902.42,0,train,869515.6934503171,-39613.273450317094,39613.273450317094
9,2011-07-22,491449.94,0,train,498437.689909767,-6987.749909767008,6987.749909767008
10,2011-07-22,1774342.61,0,train,1865869.1971618838,-91526.58716188371,91526.58716188371
11,2011-07-22,1290576.44,0,train,1291424.3867885105,-847.9467885105405,847.9467885105405
12,2011-07-22,922231.92,0,train,966065.2260639904,-43833.30606399034,43833.30606399034
13,2011-07-22,1987089.36,0,train,1951379.7226311234,35709.63736887672,35709.63736887672
14,2011-07-22,1882070.88,0,train,2084054.8952825875,-201984.0152825876,201984.0152825876
15,2011-07-22,607475.44,0,train,631227.7207238892,-23752.280723889242,23752.280723889242
16,2011-07-22,581758.22,0,train,488845.7046921868,92912.51530781318,92912.51530781318
17,2011-07-22,899044.34,0,train,831009.0741928641,68035.26580713585,68035.26580713585
18,2011-07-22,991262.46,0,train,1081390.622487226,-90128.16248722607,90128.16248722607
19,2011-07-22,1377119.45,0,train,1452508.7762793344,-75389.32627933449,75389.32627933449
20,2011-07-22,1950904.84,0,train,2064499.302750032,-113594.46275003185,113594.46275003185
21,2011-07-22,784490.67,0,train,747426.4205510772,37064.24944892281,37064.24944892281
22,2011-07-22,964683.8,0,train,1012446.2370338881,-47762.43703388807,47762.43703388807
23,2011-07-22,1362144.0,0,train,1375122.638421375,-12978.638421375072,12978.638421375072
24,2011-07-22,1357672.24,0,train,1335546.240325004,22125.999674995895,22125.999674995895
25,2011-07-22,670854.96,0,train,694496.4048547226,-23641.44485472259,23641.44485472259
26,2011-07-22,1017867.8,0,train,990298.2345310183,27569.565468981746,27569.565468981746
27,2011-07-22,1754879.45,0,train,1796513.0861338307,-41633.63613383076,41633.63613383076
28,2011-07-22,1165870.54,0,train,1302213.5441816377,-136343.00418163766,136343.00418163766
29,2011-07-22,507335.75,0,train,527819.5192712946,-20483.769271294586,20483.769271294586
30,2011-07-22,423441.76,0,train,420699.23408048926,2742.52591951075,2742.52591951075
31,2011-07-22,1401944.8,0,train,1359245.4360804898,42699.36391951027,42699.36391951027
32,2011-07-22,1185674.48,0,train,1123642.5409165695,62031.93908343045,62031.93908343045
33,2011-07-22,238915.05,0,train,235142.90085794835,3772.1491420516395,3772.1491420516395
34,2011-07-22,913236.62,0,train,907639.9464250802,5596.673574919812,5596.673574919812
35,2011-07-22,820188.42,0,train,952186.3959653394,-131997.97596533934,131997.97596533934
36,2011-07-22,361311.41,0,train,369753.80841626646,-8442.398416266486,8442.398416266486
37,2011-07-22,505543.53,0,train,468315.68567660975,37227.84432339028,37227.84432339028
38,2011-07-22,365562.67,0,train,331666.53888751986,33896.13111248013,33896.13111248013
39,2011-07-22,1416005.59,0,train,1332477.6082004423,83527.9817995578,83527.9817995578
40,2011-07-22,980642.1,0,train,952230.0178158714,28412.08218412858,28412.08218412858
41,2011-07-22,1292830.93,0,train,1205389.057081286,87441.87291871384,87441.87291871384
42,2011-07-22,511316.29,0,train,504952.3901030611,6363.899896938878,6363.899896938878
43,2011-07-22,597354.39,0,train,594437.9400596789,2916.449940321152,2916.449940321152
44,2011-07-22,303108.81,0,train,284818.4616094888,18290.34839051118,18290.34839051118
45,2011-07-22,741625.25,0,train,765248.8611649415,-23623.611164941452,23623.611164941452
1,2011-07-29,1352219.79,0,train,1462636.3291971677,-110416.53919716761,110416.53919716761
2,2011-07-29,1680693.06,0,train,1892240.253937494,-211547.19393749395,211547.19393749395
3,2011-07-29,345381.29,0,train,338737.17918869166,6644.110811308317,6644.110811308317
4,2011-07-29,1989674.07,0,train,2010859.1915444117,-21185.12154441164,21185.12154441164
5,2011-07-29,275142.17,0,train,269619.42902663175,5522.740973368229,5522.740973368229
6,2011-07-29,1483991.05,0,train,1522045.4282399307,-38054.37823993061,38054.37823993061
7,2011-07-29,653382.62,0,train,505731.0136761342,147651.60632386582,147651.60632386582
8,2011-07-29,807082.19,0,train,864454.4080547044,-57372.218054704485,57372.218054704485
9,2011-07-29,471449.98,0,train,496232.9548874132,-24782.974887413206,24782.974887413206
10,2011-07-29,1745841.33,0,train,1851421.3375353795,-105580.00753537938,105580.00753537938
11,2011-07-29,1212938.67,0,train,1288212.1757923928,-75273.50579239288,75273.50579239288
12,2011-07-29,890547.07,0,train,963215.2227021118,-72668.15270211187,72668.15270211187
13,2011-07-29,1880785.69,0,train,1940125.7532662065,-59340.06326620653,59340.06326620653
14,2011-07-29,1871021.01,0,train,2072963.7314151027,-201942.72141510271,201942.72141510271
15,2011-07-29,577511.02,0,train,608712.6259677893,-31201.605967789306,31201.605967789306
16,2011-07-29,582381.95,0,train,484786.17872862145,97595.7712713785,97595.7712713785
17,2011-07-29,861894.77,0,train,818774.6421275928,43120.1278724072,43120.1278724072
18,2011-07-29,954148.64,0,train,1059615.4391966132,-105466.79919661314,105466.79919661314
19,2011-07-29,1298775.8,0,train,1432206.7259040345,-133430.9259040344,133430.9259040344
20,2011-07-29,1858440.92,0,train,2052212.8274024082,-193771.9074024083,193771.9074024083
21,2011-07-29,751167.12,0,train,743193.6484550908,7973.471544909175,7973.471544909175
22,2011-07-29,944958.69,0,train,997313.2107948861,-52354.520794886164,52354.520794886164
23,2011-07-29,1319767.55,0,train,1346736.3352083722,-26968.785208372166,26968.785208372166
24,2011-07-29,1310973.06,0,train,1315412.2692697651,-4439.209269765066,4439.209269765066
25,2011-07-29,668390.82,0,train,676719.3383851141,-8328.518385114148,8328.518385114148
26,2011-07-29,1005360.5,0,train,964685.2400990181,40675.25990098191,40675.25990098191
27,2011-07-29,1744879.06,0,train,1780836.2409694125,-35957.18096941244,35957.18096941244
28,2011-07-29,1114530.29,0,train,1299363.540819759,-184833.25081975898,184833.25081975898
29,2011-07-29,474653.06,0,train,512655.455903072,-38002.39590307203,38002.39590307203
30,2011-07-29,414245.96,0,train,416466.4619845026,-2220.5019845025963,2220.5019845025963
31,2011-07-29,1308122.15,0,train,1355012.6639845031,-46890.513984503224,46890.513984503224
32,2011-07-29,1169988.62,0,train,1115184.9394114139,54803.680588586256,54803.680588586256
33,2011-07-29,224806.96,0,train,220554.9751313933,4251.984868606698,4251.984868606698
34,2011-07-29,851461.9,0,train,892016.489509233,-40554.58950923302,40554.58950923302
35,2011-07-29,770820.27,0,train,936004.9296603058,-165184.65966030583,165184.65966030583
36,2011-07-29,354361.08,0,train,366332.68736377265,-11971.607363772637,11971.607363772637
37,2011-07-29,504974.95,0,train,465182.91956161056,39792.030438389455,39792.030438389455
38,2011-07-29,355131.33,0,train,328816.5355256413,26314.79447435873,26314.79447435873
39,2011-07-29,1426418.53,0,train,1329232.7892054024,97185.74079459766,97185.74079459766
40,2011-07-29,929096.9,0,train,927485.4332041851,1611.466795814922,1611.466795814922
41,2011-07-29,1248330.1,0,train,1189311.859733376,59018.24026662414,59018.24026662414
42,2011-07-29,479256.8,0,train,490504.5304765566,-11247.730476556637,11247.730476556637
43,2011-07-29,533917.52,0,train,572156.0629905639,-38238.5429905639,38238.5429905639
44,2011-07-29,279677.0,0,train,273564.4922445719,6112.507755428087,6112.507755428087
45,2011-07-29,704680.97,0,train,754157.6972974564,-49476.72729745647,49476.72729745647
1,2011-08-05,1624383.75,0,train,1518566.4577504036,105817.29224959644,105817.29224959644
2,2011-08-05,1876704.26,0,train,1943829.824110149,-67125.56411014893,67125.56411014893
3,2011-08-05,409981.25,0,train,382215.0012351527,27766.24876484729,27766.24876484729
4,2011-08-05,2160057.39,0,train,2057949.3295169356,102108.0604830645,102108.0604830645
5,2011-08-05,317738.56,0,train,316666.9482686486,1071.6117313514114,1071.6117313514114
6,2011-08-05,1601584.57,0,train,1567940.2052880188,33644.36471198127,33644.36471198127
7,2011-08-05,695392.84,0,train,546925.7733385367,148467.06666146324,148467.06666146324
8,2011-08-05,892393.77,0,train,903197.7940406274,-10804.02404062741,10804.02404062741
9,2011-08-05,554879.67,0,train,539821.8298673138,15057.840132686193,15057.840132686193
10,2011-08-05,1886299.98,0,train,1906029.923471042,-19729.943471041974,19729.943471041974
11,2011-08-05,1403198.94,0,train,1332250.2622390562,70948.67776094377,70948.67776094377
12,2011-08-05,988712.52,0,train,997771.308814236,-9058.788814235944,9058.788814235944
13,2011-08-05,2076231.8,0,train,1977247.679464255,98984.12053574505,98984.12053574505
14,2011-08-05,2066020.69,0,train,2107214.620524641,-41193.93052464118,41193.93052464118
15,2011-08-05,607961.21,0,train,648875.4649133071,-40914.254913307144,40914.254913307144
16,2011-08-05,592981.33,0,train,520014.1225288668,72967.20747113315,72967.20747113315
17,2011-08-05,866184.92,0,train,853599.484284811,12585.435715189087,12585.435715189087
18,2011-08-05,1002806.39,0,train,1104340.1300448687,-101533.74004486867,101533.74004486867
19,2011-08-05,1408968.55,0,train,1472425.5912895724,-63457.04128957237,63457.04128957237
20,2011-08-05,2189353.63,0,train,2095969.4555729153,93384.17442708462,93384.17442708462
21,2011-08-05,783614.89,0,train,793074.4122071279,-9459.522207127884,9459.522207127884
22,2011-08-05,983232.96,0,train,1040051.9869316332,-56819.02693163324,56819.02693163324
23,2011-08-05,1416344.68,0,train,1389360.0345558682,26984.64544413169,26984.64544413169
24,2011-08-05,1417616.81,0,train,1357928.2186961335,59688.59130386659,59688.59130386659
25,2011-08-05,679706.01,0,train,717534.5784545576,-37828.568454557564,37828.568454557564
26,2011-08-05,1107552.43,0,train,1006916.7543663721,100635.6756336278,100635.6756336278
27,2011-08-05,1747289.53,0,train,1820385.8129839182,-73096.28298391821,73096.28298391821
28,2011-08-05,1523870.89,0,train,1333919.6269318832,189951.26306811674,189951.26306811674
29,2011-08-05,503486.37,0,train,555363.1949105982,-51876.824910598225,51876.824910598225
30,2011-08-05,431798.64,0,train,466347.2257365399,-34548.58573653991,34548.58573653991
31,2011-08-05,1428993.33,0,train,1404893.4277365403,24099.90226345975,24099.90226345975
32,2011-08-05,1201694.14,0,train,1155455.2628134822,46238.8771865177,46238.8771865177
33,2011-08-05,242456.39,0,train,271241.7102656381,-28785.32026563806,28785.32026563806
34,2011-08-05,942236.45,0,train,930534.5821586582,11701.867841341766,11701.867841341766
35,2011-08-05,826820.71,0,train,975446.3685732512,-148625.65857325122,148625.65857325122
36,2011-08-05,381017.75,0,train,413227.25615805946,-32209.506158059463,32209.506158059463
37,2011-08-05,510787.46,0,train,512437.9320277652,-1650.4720277651795,1650.4720277651795
38,2011-08-05,437631.44,0,train,363372.6216377653,74258.81836223468,74258.81836223468
39,2011-08-05,1518790.89,0,train,1375843.4976113243,142947.3923886756,142947.3923886756
40,2011-08-05,1063818.2,0,train,971986.0182923595,91832.18170764041,91832.18170764041
41,2011-08-05,1402233.69,0,train,1235100.7874774395,167132.90252256044,167132.90252256044
42,2011-08-05,572603.33,0,train,545113.1164122191,27490.213587780832,27490.213587780832
43,2011-08-05,605956.59,0,train,625894.0603146306,-19937.470314630657,19937.470314630657
44,2011-08-05,298080.45,0,train,310686.41844262043,-12605.968442620419,12605.968442620419
45,2011-08-05,765996.92,0,train,788408.586406995,-22411.66640699492,22411.66640699492
1,2011-08-12,1525147.09,0,train,1511623.7410484138,13523.34895158629,13523.34895158629
2,2011-08-12,1812768.26,0,train,1934451.447988267,-121683.18798826705,121683.18798826705
3,2011-08-12,380376.85,0,train,378955.59275222104,1421.2572477789363,1421.2572477789363
4,2011-08-12,2105668.74,0,train,2044603.7718778772,61064.96812212304,61064.96812212304
5,2011-08-12,289886.16,0,train,309665.78655863006,-19779.626558630087,19779.626558630087
6,2011-08-12,1484995.38,0,train,1560766.7640844262,-75771.38408442633,75771.38408442633
7,2011-08-12,670670.46,0,train,540607.7303165444,130062.72968345555,130062.72968345555
8,2011-08-12,856796.1,0,train,901254.8050193456,-44458.70501934562,44458.70501934562
9,2011-08-12,520284.79,0,train,535664.9983974578,-15380.208397457784,15380.208397457784
10,2011-08-12,1917397.63,0,train,1890956.5352896145,26441.094710385427,26441.094710385427
11,2011-08-12,1354188.43,0,train,1328514.6290159526,25673.800984047353,25673.800984047353
12,2011-08-12,955913.68,0,train,992287.9021291144,-36374.22212911432,36374.22212911432
13,2011-08-12,1970341.38,0,train,1975725.233391202,-5383.853391202167,5383.853391202167
14,2011-08-12,1928773.82,0,train,2100006.907479803,-171233.087479803,171233.087479803
15,2011-08-12,590836.37,0,train,636922.7261804664,-46086.35618046636,46086.35618046636
16,2011-08-12,563884.47,0,train,526246.0020714116,37638.46792858839,37638.46792858839
17,2011-08-12,800819.79,0,train,848407.3063904312,-47587.51639043121,47587.51639043121
18,2011-08-12,928470.83,0,train,1098034.110828417,-169563.28082841693,169563.28082841693
19,2011-08-12,1360969.45,0,train,1460696.9583168128,-99727.5083168128,99727.5083168128
20,2011-08-12,2052246.4,0,train,2080114.9145252449,-27868.514525244944,27868.514525244944
21,2011-08-12,776933.37,0,train,783303.8510051038,-6370.481005103793,6370.481005103793
22,2011-08-12,991779.2,0,train,1034813.4944820154,-43034.29448201542,43034.29448201542
23,2011-08-12,1380952.05,0,train,1386807.7868207735,-5855.736820773454,5855.736820773454
24,2011-08-12,1402818.01,0,train,1348440.643324184,54377.36667581601,54377.36667581601
25,2011-08-12,667130.48,0,train,705069.6370281125,-37939.15702811256,37939.15702811256
26,2011-08-12,1087644.5,0,train,1002963.845630771,84680.65436922899,84680.65436922899
27,2011-08-12,1758437.96,0,train,1812750.1345390861,-54312.174539086176,54312.174539086176
28,2011-08-12,1218764.94,0,train,1328436.2202467616,-109671.28024676163,109671.28024676163
29,2011-08-12,471311.5,0,train,550093.6648345211,-78782.16483452113,78782.16483452113
30,2011-08-12,412224.67,0,train,456576.66453451593,-44351.99453451595,44351.99453451595
31,2011-08-12,1443311.49,0,train,1395122.8665345164,48188.62346548354,48188.62346548354
32,2011-08-12,1206795.74,0,train,1151154.171632219,55641.568367780885,55641.568367780885
33,2011-08-12,274721.85,0,train,265300.631807512,9421.218192487955,9421.218192487955
34,2011-08-12,956251.18,0,train,935761.789386314,20489.39061368606,20489.39061368606
35,2011-08-12,819911.89,0,train,967630.468292485,-147718.57829248498,147718.57829248498
36,2011-08-12,380188.69,0,train,411464.01634834486,-31275.326348344854,31275.326348344854
37,2011-08-12,502504.39,0,train,510602.603483677,-8098.213483677013,8098.213483677013
38,2011-08-12,387844.05,0,train,357889.21495264384,29954.835047356144,29954.835047356144
39,2011-08-12,1514055.97,0,train,1372915.653486841,141140.31651315908,141140.31651315908
40,2011-08-12,955506.95,0,train,969069.5986971331,-13562.648697133176,13562.648697133176
41,2011-08-12,1356689.88,0,train,1219846.5272722165,136843.35272778338,136843.35272778338
42,2011-08-12,603147.26,0,train,530039.7282307915,73107.5317692085,73107.5317692085
43,2011-08-12,595626.56,0,train,619112.3233615612,-23485.763361561112,23485.763361561112
44,2011-08-12,290399.66,0,train,309163.9723695674,-18764.3123695674,18764.3123695674
45,2011-08-12,724180.89,0,train,781200.873362157,-57019.983362157014,57019.983362157014
1,2011-08-19,1530761.43,0,train,1506695.9794440833,24065.450555916643,24065.450555916643
2,2011-08-19,1844094.59,0,train,1927002.9276887944,-82908.33768879436,82908.33768879436
3,2011-08-19,379716.91,0,train,375088.1606828788,4628.749317121168,4628.749317121168
4,2011-08-19,2232892.1,0,train,2041875.6336390155,191016.4663609846,191016.4663609846
5,2011-08-19,303643.84,0,train,304765.3390569944,-1121.4990569943911,1121.4990569943911
6,2011-08-19,1493544.04,0,train,1554688.5470859762,-61144.50708597619,61144.50708597619
7,2011-08-19,645156.21,0,train,544034.9489891026,101121.26101089735,101121.26101089735
8,2011-08-19,895066.5,0,train,889851.7580931374,5214.7419068625895,5214.7419068625895
9,2011-08-19,540819.44,0,train,516698.1513498565,24121.288650143426,24121.288650143426
10,2011-08-19,1954849.68,0,train,1894407.7509277673,60441.929072232684,60441.929072232684
11,2011-08-19,1484169.74,0,train,1323666.734246256,160503.00575374393,160503.00575374393
12,2011-08-19,966817.24,0,train,996037.8029345361,-29220.562934536138,29220.562934536138
13,2011-08-19,2090340.98,0,train,1977036.0681535779,113304.91184642212,113304.91184642212
14,2011-08-19,1896873.99,0,train,2086772.7718242886,-189898.78182428866,189898.78182428866
15,2011-08-19,599488.98,0,train,634671.19586221,-35182.215862210025,35182.215862210025
16,2011-08-19,554630.42,0,train,530345.5380242129,24284.88197578711,24284.88197578711
17,2011-08-19,797523.04,0,train,855516.8776949034,-57993.83769490337,57993.83769490337
18,2011-08-19,932679.79,0,train,1084016.8365156904,-151337.0465156904,151337.0465156904
19,2011-08-19,1391792.69,0,train,1459678.009679002,-67885.31967900204,67885.31967900204
20,2011-08-19,1990017.93,0,train,2071794.6989123034,-81776.7689123035,81776.7689123035
21,2011-08-19,855546.5,0,train,774482.6829251354,81063.81707486464,81063.81707486464
22,2011-08-19,973004.91,0,train,1023449.020234475,-50444.110234474996,50444.110234474996
23,2011-08-19,1453416.53,0,train,1377160.5748296268,76255.9551703732,76255.9551703732
24,2011-08-19,1352039.88,0,train,1339549.9798635275,12489.900136472424,12489.900136472424
25,2011-08-19,688958.75,0,train,695152.6678745941,-6193.917874594103,6193.917874594103
26,2011-08-19,1021766.75,0,train,994325.1095599892,27441.640440010815,27441.640440010815
27,2011-08-19,1781905.24,0,train,1800769.5610415395,-18864.321041539544,18864.321041539544
28,2011-08-19,1200019.74,0,train,1332186.1210521832,-132166.38105218322,132166.38105218322
29,2011-08-19,498056.0,0,train,538709.6332027467,-40653.63320274674,40653.63320274674
30,2011-08-19,414450.61,0,train,447755.49645454716,-33304.88645454717,33304.88645454717
31,2011-08-19,1487542.53,0,train,1386301.6984545477,101240.83154545235,101240.83154545235
32,2011-08-19,1221318.17,0,train,1149034.7727427722,72283.39725722768,72283.39725722768
33,2011-08-19,242771.37,0,train,263429.3356437407,-20657.965643740725,20657.965643740725
34,2011-08-19,960418.54,0,train,924797.764464475,35620.775535525056,35620.775535525056
35,2011-08-19,820288.35,0,train,955217.3623886968,-134929.01238869678,134929.01238869678
36,2011-08-19,373267.58,0,train,408074.25061947724,-34806.67061947723,34806.67061947723
37,2011-08-19,506897.98,0,train,506852.39408294123,45.585917058750056,45.585917058750056
38,2011-08-19,362224.7,0,train,361639.1157580657,585.5842419342953,585.5842419342953
39,2011-08-19,1629066.9,0,train,1369333.5234061661,259733.3765938338,259733.3765938338
40,2011-08-19,943237.12,0,train,955276.4301444878,-12039.310144487768,12039.310144487768
41,2011-08-19,1412959.97,0,train,1227195.5967461925,185764.37325380743,185764.37325380743
42,2011-08-19,526641.23,0,train,533490.9438689444,-6849.71386894444,6849.71386894444
43,2011-08-19,663396.32,0,train,603701.3970199504,59694.92298004951,59694.92298004951
44,2011-08-19,290909.69,0,train,310474.8071319433,-19565.11713194329,19565.11713194329
45,2011-08-19,712362.72,0,train,767966.7377066424,-55604.01770664239,55604.01770664239
1,2011-08-26,1464693.46,0,train,1503606.6581667427,-38913.19816674269,38913.19816674269
2,2011-08-26,1821139.91,0,train,1931113.2585401628,-109973.3485401629,109973.3485401629
3,2011-08-26,366367.55,0,train,375385.97620452975,-9018.426204529766,9018.426204529766
4,2011-08-26,1988490.21,0,train,2040729.787269853,-52239.57726985309,52239.57726985309
5,2011-08-26,310338.17,0,train,306745.99789354147,3592.1721064585145,3592.1721064585145
6,2011-08-26,1420405.41,0,train,1559413.785460092,-139008.37546009198,139008.37546009198
7,2011-08-26,629994.47,0,train,551745.5167195032,78248.95328049676,78248.95328049676
8,2011-08-26,912542.82,0,train,897264.8971879049,15277.922812095028,15277.922812095028
9,2011-08-26,542663.53,0,train,527976.9790599141,14686.550940085901,14686.550940085901
10,2011-08-26,1728399.07,0,train,1906730.810883264,-178331.740883264,178331.740883264
11,2011-08-26,1304706.75,0,train,1324945.0124682612,-20238.26246826118,20238.26246826118
12,2011-08-26,1017593.47,0,train,1007438.5341220801,10154.935877919896,10154.935877919896
13,2011-08-26,2035244.54,0,train,1993803.195067193,41441.344932807144,41441.344932807144
14,2011-08-26,2273470.62,0,train,2087547.6936778878,185922.92632211233,185922.92632211233
15,2011-08-26,605413.17,0,train,633364.4246760993,-27951.254676099285,27951.254676099285
16,2011-08-26,557312.01,0,train,530044.3248317171,27267.685168282944,27267.685168282944
17,2011-08-26,837390.79,0,train,871163.4758081135,-33772.68580811343,33772.68580811343
18,2011-08-26,1147906.46,0,train,1089585.638338151,58320.82166184904,58320.82166184904
19,2011-08-26,1547729.24,0,train,1456746.471732304,90982.76826769602,90982.76826769602
20,2011-08-26,1933577.2,0,train,2070718.740598179,-137141.54059817898,137141.54059817898
21,2011-08-26,821127.53,0,train,782430.8249178911,38696.705082108965,38696.705082108965
22,2011-08-26,1181815.31,0,train,1028587.2545473035,153228.0554526965,153228.0554526965
23,2011-08-26,1637266.29,0,train,1379563.8827909431,257702.4072090569,257702.4072090569
24,2011-08-26,1402372.09,0,train,1341688.8347386625,60683.25526133762,60683.25526133762
25,2011-08-26,726422.55,0,train,693544.458380277,32878.09161972301,32878.09161972301
26,2011-08-26,1064617.62,0,train,998325.1710618825,66292.4489381176,66292.4489381176
27,2011-08-26,2034400.78,0,train,1802645.9277271035,231754.85227289656,231754.85227289656
28,2011-08-26,1166479.51,0,train,1343586.8522397275,-177107.3422397275,177107.3422397275
29,2011-08-26,608294.98,0,train,543830.223505045,64464.75649495493,64464.75649495493
30,2011-08-26,387944.83,0,train,455703.638447303,-67758.80844730296,67758.80844730296
31,2011-08-26,1417267.07,0,train,1394249.8404473036,23017.22955269646,23017.22955269646
32,2011-08-26,1183740.91,0,train,1157809.8428335576,25931.067166442284,25931.067166442284
33,2011-08-26,237095.82,0,train,274575.840358812,-37480.020358812006,37480.020358812006
34,2011-08-26,871404.6,0,train,927825.8878768214,-56421.28787682147,56421.28787682147
35,2011-08-26,897037.25,0,train,956841.4185039531,-59804.168503953144,59804.168503953144
36,2011-08-26,344964.2,0,train,407041.51217874524,-62077.312178745226,62077.312178745226
37,2011-08-26,527947.21,0,train,505891.7443765829,22055.465623417054,22055.465623417054
38,2011-08-26,365672.55,0,train,373039.84694560955,-7367.29694560956,7367.29694560956
39,2011-08-26,1573898.63,0,train,1367756.582859585,206142.04714041483,206142.04714041483
40,2011-08-26,969611.3,0,train,960509.0733268268,9102.226673173252,9102.226673173252
41,2011-08-26,1328740.71,0,train,1233561.529916107,95179.180083893,95179.180083893
42,2011-08-26,503720.98,0,train,545814.0038244412,-42093.02382444125,42093.02382444125
43,2011-08-26,561573.08,0,train,621139.6917446563,-59566.611744656344,59566.611744656344
44,2011-08-26,324174.79,0,train,327241.93404555833,-3067.1440455583506,3067.1440455583506
45,2011-08-26,833979.01,0,train,768741.6595602415,65237.350439758506,65237.350439758506
1,2011-09-02,1550229.22,0,train,1453403.1353886581,96826.08461134182,96826.08461134182
2,2011-09-02,1809119.7,0,train,1879005.0908902572,-69885.3908902572,69885.3908902572
3,2011-09-02,375988.69,0,train,329606.0793658113,46382.61063418869,46382.61063418869
4,2011-09-02,2078420.31,0,train,1981036.2337698797,97384.07623012038,97384.07623012038
5,2011-09-02,315645.53,0,train,260267.82116609684,55377.70883390319,55377.70883390319
6,2011-09-02,1481618.74,0,train,1512794.8256146961,-31176.085614696145,31176.085614696145
7,2011-09-02,592355.24,0,train,491043.8040970479,101311.4359029521,101311.4359029521
8,2011-09-02,891387.14,0,train,847647.1548983434,43739.98510165664,43739.98510165664
9,2011-09-02,544643.33,0,train,479199.4971273105,65443.83287268947,65443.83287268947
10,2011-09-02,1758587.35,0,train,1861347.4302851858,-102760.08028518572,102760.08028518572
11,2011-09-02,1297792.41,0,train,1281686.3054304542,16106.104569545714,16106.104569545714
12,2011-09-02,1052051.45,0,train,956562.4549096356,95488.99509036436,95488.99509036436
13,2011-09-02,1953628.82,0,train,1931168.253466156,22460.566533843987,22460.566533843987
14,2011-09-02,1750891.47,0,train,2031888.0434117857,-280996.57341178576,280996.57341178576
15,2011-09-02,649159.68,0,train,577655.1370570494,71504.54294295062,71504.54294295062
16,2011-09-02,580805.33,0,train,469706.7840693933,111098.54593060666,111098.54593060666
17,2011-09-02,847380.07,0,train,813570.9138088995,33809.15619110048,33809.15619110048
18,2011-09-02,540922.94,0,train,1032932.3155663662,-492009.37556636625,492009.37556636625
19,2011-09-02,1609951.02,0,train,1405211.153894763,204739.86610523704,204739.86610523704
20,2011-09-02,2141765.98,0,train,2022340.5193904159,119425.46060958412,119425.46060958412
21,2011-09-02,705557.8,0,train,732227.5562286742,-26669.756228674203,26669.756228674203
22,2011-09-02,912762.76,0,train,969234.2929478281,-56471.53294782806,56471.53294782806
23,2011-09-02,1464295.69,0,train,1323975.0623795432,140320.62762045674,140320.62762045674
24,2011-09-02,1196105.44,0,train,1285307.2298393694,-89201.78983936948,89201.78983936948
25,2011-09-02,699779.0,0,train,644409.8802322403,55369.119767759694,55369.119767759694
26,2011-09-02,1040143.14,0,train,943520.7208107663,96622.41918923368,96622.41918923368
27,2011-09-02,1511717.53,0,train,1747290.4422614668,-235572.91226146673,235572.91226146673
28,2011-09-02,1468871.49,0,train,1292710.7730272827,176160.71697271732,176160.71697271732
29,2011-09-02,497085.91,0,train,484459.6183922781,12626.291607721883,12626.291607721883
30,2011-09-02,369722.32,0,train,405500.36975808616,-35778.049758086156,35778.049758086156
31,2011-09-02,1385769.03,0,train,1344046.5717580866,41722.45824191347,41722.45824191347
32,2011-09-02,1152117.5,0,train,1105960.3077343025,46157.19226569752,46157.19226569752
33,2011-09-02,239198.36,0,train,227847.8252002478,11350.534799752175,11350.534799752175
34,2011-09-02,926455.64,0,train,880598.2172813547,45857.422718645306,45857.422718645306
35,2011-09-02,813486.55,0,train,902423.0865851732,-88936.5365851731,88936.5365851731
36,2011-09-02,350276.29,0,train,360266.45315966127,-9990.163159661286,9990.163159661286
37,2011-09-02,530367.83,0,train,460198.01637310314,70169.81362689682,70169.81362689682
38,2011-09-02,416953.51,0,train,322163.76773316495,94789.74226683506,94789.74226683506
39,2011-09-02,1465089.85,0,train,1323967.7538167941,141122.09618320595,141122.09618320595
40,2011-09-02,957298.26,0,train,906292.9006959231,51005.359304076876,51005.359304076876
41,2011-09-02,1283849.38,0,train,1181151.7304166495,102697.6495833504,102697.6495833504
42,2011-09-02,537124.76,0,train,500430.623226363,36694.13677363703,36694.13677363703
43,2011-09-02,594224.9,0,train,572442.8090789802,21782.090921019786,21782.090921019786
44,2011-09-02,309543.52,0,train,264606.9924445215,44936.527555478504,44936.527555478504
45,2011-09-02,726482.39,0,train,713082.0092941395,13400.38070586056,13400.38070586056
1,2011-09-09,1540471.24,1,train,1433264.8345786612,107206.40542133874,107206.40542133874
2,2011-09-09,1748000.65,1,train,1859315.2561865286,-111314.60618652869,111314.60618652869
3,2011-09-09,377347.49,1,train,321875.1726953052,55472.31730469479,55472.31730469479
4,2011-09-09,2093139.01,1,train,1981194.1778461523,111944.83215384767,111944.83215384767
5,2011-09-09,321110.22,1,train,241501.75542865053,79608.46457134944,79608.46457134944
6,2011-09-09,1483574.38,1,train,1494952.4801141606,-11378.100114160683,11378.100114160683
7,2011-09-09,613135.23,1,train,484063.1889149889,129072.0410850111,129072.0410850111
8,2011-09-09,848358.09,1,train,816497.1614926766,31860.928507323377,31860.928507323377
9,2011-09-09,528784.86,1,train,453876.11724040424,74908.74275959574,74908.74275959574
10,2011-09-09,1670579.82,1,train,1865658.0209386183,-195078.20093861828,195078.20093861828
11,2011-09-09,1249439.95,1,train,1276392.5489008292,-26952.59890082921,26952.59890082921
12,2011-09-09,922850.57,1,train,957279.2342804449,-34428.664280444966,34428.664280444966
13,2011-09-09,1872921.31,1,train,1925924.1406296035,-53002.83062960347,53002.83062960347
14,2011-09-09,2202742.9,1,train,2048018.2085855906,154724.69141440932,154724.69141440932
15,2011-09-09,607593.51,1,train,591747.8753012475,15845.634698752547,15845.634698752547
16,2011-09-09,574622.56,1,train,466479.94036869146,108142.6196313086,108142.6196313086
17,2011-09-09,1161900.18,1,train,806758.0606517799,355142.11934822006,355142.11934822006
18,2011-09-09,951549.61,1,train,1045863.7945036263,-94314.18450362631,94314.18450362631
19,2011-09-09,1566712.79,1,train,1416642.636237999,150070.15376200108,150070.15376200108
20,2011-09-09,2050542.56,1,train,2030288.816176969,20253.743823030964,20253.743823030964
21,2011-09-09,653989.65,1,train,708615.8707235277,-54626.22072352772,54626.22072352772
22,2011-09-09,1004434.54,1,train,982463.5485929578,21970.991407042253,21970.991407042253
23,2011-09-09,1423289.9,1,train,1339231.6385776438,84058.26142235612,84058.26142235612
24,2011-09-09,1527455.19,1,train,1300016.2589237904,227438.93107620953,227438.93107620953
25,2011-09-09,673248.48,1,train,659053.3366012143,14195.14339878573,14195.14339878573
26,2011-09-09,1069710.97,1,train,960458.0902094746,109252.87979052542,109252.87979052542
27,2011-09-09,1911470.84,1,train,1760084.2036729571,151386.63632704294,151386.63632704294
28,2011-09-09,1310087.0,1,train,1293427.552398092,16659.447601907887,16659.447601907887
29,2011-09-09,505406.72,1,train,497671.2295296395,7735.490470360499,7735.490470360499
30,2011-09-09,370897.82,1,train,381888.68425293977,-10990.864252939762,10990.864252939762
31,2011-09-09,1376670.27,1,train,1320434.8862529402,56235.38374705985,56235.38374705985
32,2011-09-09,1128237.3,1,train,1083376.3290066025,44860.970993397525,44860.970993397525
33,2011-09-09,281842.28,1,train,230953.84739324485,50888.432606755174,50888.432606755174
34,2011-09-09,930506.14,1,train,870839.4814740422,59666.65852595784,59666.65852595784
35,2011-09-09,922440.64,1,train,914640.1381216745,7800.501878325478,7800.501878325478
36,2011-09-09,352960.64,1,train,346667.0414808715,6293.598519128514,6293.598519128514
37,2011-09-09,506273.74,1,train,446418.3828583795,59855.35714162048,59855.35714162048
38,2011-09-09,397771.68,1,train,322880.5471039744,74891.1328960256,74891.1328960256
39,2011-09-09,1429345.86,1,train,1310356.199622131,118989.66037786915,118989.66037786915
40,2011-09-09,1021391.99,1,train,922473.913154358,98918.07684564195,98918.07684564195
41,2011-09-09,1280958.97,1,train,1162209.470290266,118749.499709734,118749.499709734
42,2011-09-09,608390.94,1,train,504741.2138797956,103649.72612020432,103649.72612020432
43,2011-09-09,649128.23,1,train,561486.7701669284,87641.45983307157,87641.45983307157
44,2011-09-09,295811.25,1,train,259362.87960796908,36448.37039203092,36448.37039203092
45,2011-09-09,746129.56,1,train,729212.1744679443,16917.38553205575,16917.38553205575
1,2011-09-16,1514259.78,0,train,1454003.614456053,60256.165543947136,60256.165543947136
2,2011-09-16,1691439.52,0,train,1871480.0599637702,-180040.5399637702,180040.5399637702
3,2011-09-16,375629.51,0,train,336945.9630888589,38683.54691114114,38683.54691114114
4,2011-09-16,2075577.33,0,train,1988612.1048903717,86965.2251096284,86965.2251096284
5,2011-09-16,278529.71,0,train,263840.42045462097,14689.289545379055,14689.289545379055
6,2011-09-16,1351407.79,0,train,1517912.8747749422,-166505.08477494214,166505.08477494214
7,2011-09-16,558981.45,0,train,489750.47893579956,69230.97106420039,69230.97106420039
8,2011-09-16,870971.82,0,train,826441.794171822,44530.025828177924,44530.025828177924
9,2011-09-16,500274.03,0,train,470040.71802337735,30233.311976622674,30233.311976622674
10,2011-09-16,1650894.3,0,train,1843550.972043246,-192656.67204324598,192656.67204324598
11,2011-09-16,1270816.01,0,train,1286673.0786726512,-15857.068672651192,15857.068672651192
12,2011-09-16,889290.23,0,train,934687.7379075072,-45397.50790750724,45397.50790750724
13,2011-09-16,1923223.82,0,train,1929129.2832879461,-5905.46328794607,5905.46328794607
14,2011-09-16,1864637.89,0,train,2051858.5373689136,-187220.64736891375,187220.64736891375
15,2011-09-16,545052.34,0,train,586346.8688709599,-41294.52887095988,41294.52887095988
16,2011-09-16,539081.09,0,train,468329.4192481147,70751.67075188528,70751.67075188528
17,2011-09-16,1051116.95,0,train,816098.0984923404,235018.85150765954,235018.85150765954
18,2011-09-16,845715.37,0,train,1050323.2499266872,-204607.87992668722,204607.87992668722
19,2011-09-16,1365633.53,0,train,1411157.590147681,-45524.06014768104,45524.06014768104
20,2011-09-16,1979009.46,0,train,2027567.7578523867,-48558.29785238672,48558.29785238672
21,2011-09-16,653525.84,0,train,723217.8246416503,-69691.98464165034,69691.98464165034
22,2011-09-16,937420.65,0,train,989232.8337710277,-51812.18377102772,51812.18377102772
23,2011-09-16,1253329.17,0,train,1333494.2819170184,-80165.11191701842,80165.11191701842
24,2011-09-16,1227535.97,0,train,1302262.8615562676,-74726.89155626763,74726.89155626763
25,2011-09-16,628720.46,0,train,654259.2999958822,-25538.83999588224,25538.83999588224
26,2011-09-16,951569.84,0,train,953964.3766085756,-2394.5366085756104,2394.5366085756104
27,2011-09-16,1613773.9,0,train,1766489.5085811117,-152715.60858111177,152715.60858111177
28,2011-09-16,1159212.1,0,train,1270836.0560251544,-111623.95602515433,111623.95602515433
29,2011-09-16,474129.35,0,train,504427.7689935308,-30298.418993530795,30298.418993530795
30,2011-09-16,382914.66,0,train,396490.63817106234,-13575.978171062365,13575.978171062365
31,2011-09-16,1363460.86,0,train,1335036.8401710629,28424.01982893725,28424.01982893725
32,2011-09-16,1142499.25,0,train,1093489.7077890134,49009.542210986605,49009.542210986605
33,2011-09-16,262407.57,0,train,212040.30557902716,50367.264420972846,50367.264420972846
34,2011-09-16,927249.61,0,train,865567.419853674,61682.19014632597,61682.19014632597
35,2011-09-16,738792.11,0,train,920937.309928269,-182145.19992826902,182145.19992826902
36,2011-09-16,343108.12,0,train,367683.236244973,-24575.116244973033,24575.116244973033
37,2011-09-16,513341.94,0,train,467650.84382560174,45691.09617439826,45691.09617439826
38,2011-09-16,408188.88,0,train,300289.0507310367,107899.82926896331,107899.82926896331
39,2011-09-16,1372500.63,0,train,1331140.4490691912,41360.18093080865,41360.18093080865
40,2011-09-16,890661.79,0,train,913851.1948326892,-23189.404832689208,23189.404832689208
41,2011-09-16,1197019.39,0,train,1163554.711209507,33464.67879049294,33464.67879049294
42,2011-09-16,576837.09,0,train,482634.1649844233,94202.92501557665,94202.92501557665
43,2011-09-16,618877.13,0,train,565196.4749183934,53680.65508160659,53680.65508160659
44,2011-09-16,303974.28,0,train,262568.0222663116,41406.25773368846,41406.25773368846
45,2011-09-16,711367.56,0,train,733052.5032512675,-21684.943251267425,21684.943251267425
1,2011-09-23,1380020.27,0,validation,1456986.2964651596,-76966.02646515961,76966.02646515961
2,2011-09-23,1669299.78,0,validation,1876895.048016402,-207595.2680164019,207595.2680164019
3,2011-09-23,365248.94,0,validation,341936.4735135903,23312.466486409714,23312.466486409714
4,2011-09-23,2031406.41,0,validation,1992075.2218219247,39331.188178075245,39331.188178075245
5,2011-09-23,291024.98,0,validation,262909.109024907,28115.870975092985,28115.870975092985
6,2011-09-23,1336044.75,0,validation,1514446.0060401496,-178401.2560401496,178401.2560401496
7,2011-09-23,536144.81,0,validation,504590.0961079042,31554.71389209584,31554.71389209584
8,2011-09-23,806444.29,0,validation,840033.0194944673,-33588.72949446726,33588.72949446726
9,2011-09-23,506743.78,0,validation,474782.35892154055,31961.421078459476,31961.421078459476
10,2011-09-23,1685910.53,0,validation,1873272.2315834134,-187361.7015834134,187361.7015834134
11,2011-09-23,1235775.15,0,validation,1292980.2104378585,-57205.06043785857,57205.06043785857
12,2011-09-23,871692.74,0,validation,963977.1277862327,-92284.38778623275,92284.38778623275
13,2011-09-23,1847430.96,0,validation,1933822.786433413,-86391.82643341296,86391.82643341296
14,2011-09-23,1871555.64,0,validation,2051729.5424860492,-180173.90248604934,180173.90248604934
15,2011-09-23,545570.86,0,validation,591596.2924454622,-46025.43244546221,46025.43244546221
16,2011-09-23,504856.97,0,validation,473952.6870368873,30904.282963112695,30904.282963112695
17,2011-09-23,895535.31,0,validation,819166.8348772199,76368.47512278019,76368.47512278019
18,2011-09-23,853073.17,0,validation,1047568.5405450367,-194495.37054503663,194495.37054503663
19,2011-09-23,1300375.76,0,validation,1421057.2082438646,-120681.44824386458,120681.44824386458
20,2011-09-23,1888119.7,0,validation,2037791.645612521,-149671.94561252114,149671.94561252114
21,2011-09-23,681913.29,0,validation,723954.6049525908,-42041.314952590736,42041.314952590736
22,2011-09-23,899834.75,0,validation,986680.4324105559,-86845.68241055589,86845.68241055589
23,2011-09-23,1289082.81,0,validation,1337490.7585578086,-48407.94855780853,48407.94855780853
24,2011-09-23,1232376.49,0,validation,1302329.8394288963,-69953.34942889633,69953.34942889633
25,2011-09-23,620885.93,0,validation,664763.3199561179,-43877.38995611784,43877.38995611784
26,2011-09-23,923644.6,0,validation,954907.4122682619,-31262.812268261914,31262.812268261914
27,2011-09-23,1606208.68,0,validation,1763509.2609537444,-157300.58095374447,157300.58095374447
28,2011-09-23,1109105.92,0,validation,1300125.44590388,-191019.52590388013,191019.52590388013
29,2011-09-23,475696.37,0,validation,501869.1521519512,-26172.78215195122,26172.78215195122
30,2011-09-23,391837.56,0,validation,397227.4184820027,-5389.858482002688,5389.858482002688
31,2011-09-23,1347607.74,0,validation,1335773.6204820033,11834.119517996674,11834.119517996674
32,2011-09-23,1116140.29,0,validation,1102110.3901188697,14029.899881130317,14029.899881130317
33,2011-09-23,234793.12,0,validation,236495.07975729066,-1701.9597572906641,1701.9597572906641
34,2011-09-23,902852.73,0,validation,882532.9088301084,20319.821169891628,20319.821169891628
35,2011-09-23,705802.45,0,validation,918209.3728712092,-212406.92287120922,212406.92287120922
36,2011-09-23,322405.13,0,validation,372819.49596504204,-50414.36596504203,50414.36596504203
37,2011-09-23,516556.94,0,validation,471813.90563162696,44743.034368373046,44743.034368373046
38,2011-09-23,394665.28,0,validation,329578.4406097622,65086.839390237816,65086.839390237816
39,2011-09-23,1338657.95,0,validation,1333482.651574558,5175.298425441841,5175.298425441841
40,2011-09-23,876583.98,0,validation,915578.6006526592,-38994.620652659214,38994.620652659214
41,2011-09-23,1173059.79,0,validation,1179066.6456618547,-6006.855661854614,6006.855661854614
42,2011-09-23,528486.45,0,validation,512355.4245245907,16131.025475409231,16131.025475409231
43,2011-09-23,586108.13,0,validation,584731.3054924558,1376.8245075441664,1376.8245075441664
44,2011-09-23,307409.13,0,validation,267261.52541177836,40147.60458822164,40147.60458822164
45,2011-09-23,714106.42,0,validation,732923.508368403,-18817.08836840291,18817.08836840291
1,2011-09-30,1394561.83,0,validation,1483056.5644621772,-88494.73446217715,88494.73446217715
2,2011-09-30,1650394.44,0,validation,1899234.7136547165,-248840.27365471656,248840.27365471656
3,2011-09-30,368477.93,0,validation,363851.6615240042,4626.2684759958065,4626.2684759958065
4,2011-09-30,1929486.63,0,validation,2014560.2806461332,-85073.65064613335,85073.65064613335
5,2011-09-30,292315.38,0,validation,286914.2566010107,5401.123398989323,5401.123398989323
6,2011-09-30,1307551.92,0,validation,1540901.948975739,-233350.02897573914,233350.02897573914
7,2011-09-30,488880.26,0,validation,531204.644523174,-42324.38452317403,42324.38452317403
8,2011-09-30,809049.37,0,validation,865002.3048407902,-55952.93484079023,55952.93484079023
9,2011-09-30,508567.04,0,validation,501294.96446713863,7272.075532861345,7272.075532861345
10,2011-09-30,1627707.31,0,validation,1893753.542649915,-266046.2326499149,266046.2326499149
11,2011-09-30,1190515.83,0,validation,1314531.226588141,-124015.39658814087,124015.39658814087
12,2011-09-30,866401.45,0,validation,985999.1659532911,-119597.71595329116,119597.71595329116
13,2011-09-30,1835662.69,0,validation,1964013.588252788,-128350.898252788,128350.898252788
14,2011-09-30,1809989.29,0,validation,2087382.6168048126,-277393.32680481253,277393.32680481253
15,2011-09-30,521297.31,0,validation,624368.7635454062,-103071.45354540617,103071.45354540617
16,2011-09-30,450075.31,0,validation,510511.9285557525,-60436.6185557525,60436.6185557525
17,2011-09-30,868191.05,0,validation,848685.3194163518,19505.730583648197,19505.730583648197
18,2011-09-30,847348.08,0,validation,1086715.1169305504,-239367.03693055047,239367.03693055047
19,2011-09-30,1330757.22,0,validation,1447666.7709415806,-116909.55094158067,116909.55094158067
20,2011-09-30,1945808.26,0,validation,2058109.4803222348,-112301.22032223479,112301.22032223479
21,2011-09-30,651970.48,0,validation,748171.1563315839,-96200.67633158388,96200.67633158388
22,2011-09-30,953314.16,0,validation,1022611.7039760128,-69297.54397601273,69297.54397601273
23,2011-09-30,1275597.85,0,validation,1373976.0790423602,-98378.2290423601,98378.2290423601
24,2011-09-30,1246242.61,0,validation,1339360.3199703796,-93117.70997037948,93117.70997037948
25,2011-09-30,639160.24,0,validation,682644.0045249506,-43483.764524950646,43483.764524950646
26,2011-09-30,959339.51,0,validation,994418.1605139074,-35078.65051390743,35078.65051390743
27,2011-09-30,1599626.26,0,validation,1800321.8512162543,-200695.59121625428,200695.59121625428
28,2011-09-30,1120731.76,0,validation,1322147.4840709383,-201415.7240709383,201415.7240709383
29,2011-09-30,446516.26,0,validation,537794.2082363004,-91277.94823630038,91277.94823630038
30,2011-09-30,387001.13,0,validation,421443.969860996,-34442.839860996,34442.839860996
31,2011-09-30,1285534.74,0,validation,1359990.1718609964,-74455.43186099641,74455.43186099641
32,2011-09-30,1088943.98,0,validation,1136316.521156884,-47372.54115688405,47372.54115688405
33,2011-09-30,229731.98,0,validation,258124.93284420704,-28392.95284420703,28392.95284420703
34,2011-09-30,871847.85,0,validation,905830.3510346106,-33982.50103461067,33982.50103461067
35,2011-09-30,749676.95,0,validation,954120.8539540491,-204443.9039540491,204443.9039540491
36,2011-09-30,314910.37,0,validation,396812.5795878647,-81902.2095878647,81902.2095878647
37,2011-09-30,516402.1,0,validation,495843.0336216368,20559.066378363175,20559.066378363175
38,2011-09-30,366819.84,0,validation,351600.47877682047,15219.361223179556,15219.361223179556
39,2011-09-30,1311775.83,0,validation,1356363.2375441527,-44587.40754415258,44587.40754415258
40,2011-09-30,912857.1,0,validation,956938.2214189732,-44081.1214189732,44081.1214189732
41,2011-09-30,1160619.61,0,validation,1214197.2129602032,-53577.602960203076,53577.602960203076
42,2011-09-30,510243.79,0,validation,532836.7355910919,-22592.945591091935,22592.945591091935
43,2011-09-30,555183.72,0,validation,599760.7008416918,-44576.98084169184,44576.98084169184
44,2011-09-30,299757.75,0,validation,297452.3272311535,2305.4227688465035,2305.4227688465035
45,2011-09-30,698986.34,0,validation,768576.5826871663,-69590.24268716632,69590.24268716632
1,2011-10-07,1630989.95,0,validation,1389716.348842896,241273.6011571039,241273.6011571039
2,2011-10-07,1837553.43,0,validation,1820040.9089845857,17512.52101541427,17512.52101541427
3,2011-10-07,403342.4,0,validation,286960.82627619605,116381.57372380397,116381.57372380397
4,2011-10-07,2166737.65,0,validation,1941595.7184847197,225141.93151528016,225141.93151528016
5,2011-10-07,309111.47,0,validation,199411.20374329796,109700.26625670202,109700.26625670202
6,2011-10-07,1481739.2,0,validation,1460250.7648599357,21488.43514006422,21488.43514006422
7,2011-10-07,525866.36,0,validation,448290.450705128,77575.90929487196,77575.90929487196
8,2011-10-07,929976.55,0,validation,793226.7072825176,136749.84271748248,136749.84271748248
9,2011-10-07,553836.98,0,validation,427282.66674750193,126554.31325249805,126554.31325249805
10,2011-10-07,1788227.6,0,validation,1816026.3315746025,-27798.731574602425,27798.731574602425
11,2011-10-07,1346271.06,0,validation,1236547.8757599376,109723.18424006249,109723.18424006249
12,2011-10-07,951244.66,0,validation,898611.18161974,52633.47838026006,52633.47838026006
13,2011-10-07,2067232.56,0,validation,1888473.677705246,178758.88229475403,178758.88229475403
14,2011-10-07,2078796.76,0,validation,1981455.9267986433,97340.8332013567,97340.8332013567
15,2011-10-07,579068.88,0,validation,516040.48393522314,63028.39606477687,63028.39606477687
16,2011-10-07,482926.93,0,validation,421889.93085827003,61036.99914172996,61036.99914172996
17,2011-10-07,918006.9,0,validation,765813.8291587871,152193.07084121287,152193.07084121287
18,2011-10-07,1019741.1,0,validation,989813.0416412614,29928.058358738548,29928.058358738548
19,2011-10-07,1461718.87,0,validation,1344212.7916131597,117506.07838684041,117506.07838684041
20,2011-10-07,2135982.79,0,validation,1965606.4301185992,170376.35988140083,170376.35988140083
21,2011-10-07,663452.46,0,validation,671638.6075624151,-8186.147562415106,8186.147562415106
22,2011-10-07,993436.67,0,validation,925950.2062572383,67486.46374276176,67486.46374276176
23,2011-10-07,1463501.99,0,validation,1266594.6870725884,196907.30292741163,196907.30292741163
24,2011-10-07,1405914.39,0,validation,1228705.6194708808,177208.77052911907,177208.77052911907
25,2011-10-07,671522.87,0,validation,593334.4614024698,78188.40859753022,78188.40859753022
26,2011-10-07,1130022.99,0,validation,896073.5502696906,233949.43973030942,233949.43973030942
27,2011-10-07,1672339.27,0,validation,1691038.1469366618,-18698.876936661778,18698.876936661778
28,2011-10-07,1557314.58,0,validation,1234759.4997373873,322555.0802626128,322555.0802626128
29,2011-10-07,514993.0,0,validation,445986.7344526665,69006.26554733352,69006.26554733352
30,2011-10-07,417528.26,0,validation,344911.4210918272,72616.8389081728,72616.8389081728
31,2011-10-07,1427383.24,0,validation,1283457.6230918276,143925.61690817238,143925.61690817238
32,2011-10-07,1149448.02,0,validation,1065363.9722831624,84084.04771683761,84084.04771683761
33,2011-10-07,262159.13,0,validation,179752.88487908535,82406.24512091465,82406.24512091465
34,2011-10-07,954069.45,0,validation,825208.5479307678,128860.9020692322,128860.9020692322
35,2011-10-07,791637.53,0,validation,845465.5036230448,-53827.97362304479,53827.97362304479
36,2011-10-07,346137.87,0,validation,313146.6092415395,32991.2607584605,32991.2607584605
37,2011-10-07,522816.85,0,validation,412032.8858065639,110783.96419343608,110783.96419343608
38,2011-10-07,449516.29,0,validation,264212.49444326945,185303.79555673053,185303.79555673053
39,2011-10-07,1443884.39,0,validation,1273925.7375095761,169958.65249042376,169958.65249042376
40,2011-10-07,1070389.98,0,validation,856616.1608917534,213773.8191082466,213773.8191082466
41,2011-10-07,1277882.77,0,validation,1142384.470897272,135498.29910272802,135498.29910272802
42,2011-10-07,649111.23,0,validation,455109.5245157799,194001.70548422006,194001.70548422006
43,2011-10-07,642828.62,0,validation,532145.2194735978,110683.40052640217,110683.40052640217
44,2011-10-07,312577.36,0,validation,221835.2700262108,90742.08997378917,90742.08997378917
45,2011-10-07,753447.05,0,validation,662649.892680997,90797.15731900302,90797.15731900302
1,2011-10-14,1493525.93,0,validation,1419425.3130487367,74100.61695126328,74100.61695126328
2,2011-10-14,1743882.19,0,validation,1847840.4498567297,-103958.25985672977,103958.25985672977
3,2011-10-14,368282.57,0,validation,304892.0238182334,63390.54618176661,63390.54618176661
4,2011-10-14,2074548.85,0,validation,1957443.6889802509,117105.16101974924,117105.16101974924
5,2011-10-14,286117.72,0,validation,224337.24706473725,61780.47293526272,61780.47293526272
6,2011-10-14,1386520.99,0,validation,1475160.8216291664,-88639.83162916638,88639.83162916638
7,2011-10-14,501959.19,0,validation,447783.26870231656,54175.92129768344,54175.92129768344
8,2011-10-14,863188.26,0,validation,799729.1236582407,63459.13634175935,63459.13634175935
9,2011-10-14,529515.66,0,validation,435244.1931096681,94271.46689033194,94271.46689033194
10,2011-10-14,1704753.02,0,validation,1820237.7191752903,-115484.6991752903,115484.6991752903
11,2011-10-14,1286388.96,0,validation,1255543.5756623596,30845.384337640367,30845.384337640367
12,2011-10-14,927600.01,0,validation,911189.4449310465,16410.565068953554,16410.565068953554
13,2011-10-14,1929659.07,0,validation,1884836.206409169,44822.86359083117,44822.86359083117
14,2011-10-14,1890870.75,0,validation,2025143.9296110375,-134273.17961103749,134273.17961103749
15,2011-10-14,537300.94,0,validation,565075.9751011152,-27775.035101115238,27775.035101115238
16,2011-10-14,498241.06,0,validation,418749.50617450674,79491.55382549326,79491.55382549326
17,2011-10-14,884042.63,0,validation,768255.2266049075,115787.40339509246,115787.40339509246
18,2011-10-14,953533.95,0,validation,1025697.8069260974,-72163.85692609742,72163.85692609742
19,2011-10-14,1318905.53,0,validation,1389606.564177735,-70701.03417773498,70701.03417773498
20,2011-10-14,2010107.68,0,validation,2015619.832531176,-5512.152531176107,5512.152531176107
21,2011-10-14,671379.44,0,validation,689353.3892309132,-17973.949230913306,17973.949230913306
22,2011-10-14,944337.32,0,validation,963462.5854902475,-19125.26549024752,19125.26549024752
23,2011-10-14,1257778.34,0,validation,1308586.334319632,-50807.99431963195,50807.99431963195
24,2011-10-14,1333315.03,0,validation,1267320.1927930056,65994.83720699442,65994.83720699442
25,2011-10-14,646915.47,0,validation,637773.2330330309,9142.236966969096,9142.236966969096
26,2011-10-14,987886.08,0,validation,936048.2456760051,51837.834323994815,51837.834323994815
27,2011-10-14,1682652.51,0,validation,1733941.5901079215,-51289.0801079215,51289.0801079215
28,2011-10-14,1220984.94,0,validation,1247337.7630486938,-26352.823048693826,26352.823048693826
29,2011-10-14,475776.45,0,validation,483496.26649808977,-7719.816498089756,7719.816498089756
30,2011-10-14,410711.99,0,validation,362626.2027603254,48085.787239674595,48085.787239674595
31,2011-10-14,1378340.18,0,validation,1301172.4047603258,77167.77523967414,77167.77523967414
32,2011-10-14,1175420.26,0,validation,1052334.880935824,123085.379064176,123085.379064176
33,2011-10-14,272487.33,0,validation,184160.36501984403,88326.96498015599,88326.96498015599
34,2011-10-14,911788.79,0,validation,830803.6799025922,80985.11009740783,80985.11009740783
35,2011-10-14,772859.25,0,validation,887972.4587552499,-115113.20875524986,115113.20875524986
36,2011-10-14,342076.99,0,validation,343705.0824761811,-1628.0924761811038,1628.0924761811038
37,2011-10-14,513636.01,0,validation,443204.1132833812,70431.8967166188,70431.8967166188
38,2011-10-14,400430.78,0,validation,276790.7577545759,123640.0222454241,123640.0222454241
39,2011-10-14,1384721.84,0,validation,1302715.8412855326,82005.99871446751,82005.99871446751
40,2011-10-14,936751.68,0,validation,887122.3879346447,49629.292065355345,49629.292065355345
41,2011-10-14,1247130.22,0,validation,1132604.9130711085,114525.30692889146,114525.30692889146
42,2011-10-14,613531.11,0,validation,459320.9121164676,154210.19788353238,154210.19788353238
43,2011-10-14,590984.56,0,validation,537906.025293613,53078.53470638709,53078.53470638709
44,2011-10-14,293031.78,0,validation,218197.79873013345,74833.98126986658,74833.98126986658
45,2011-10-14,720946.99,0,validation,706337.8954933912,14609.094506608788,14609.094506608788
1,2011-10-21,1502562.78,0,validation,1423982.0287173348,78580.75128266518,78580.75128266518
2,2011-10-21,1834680.25,0,validation,1854887.7325986407,-20207.482598640723,20207.482598640723
3,2011-10-21,394976.36,0,validation,318746.3795005515,76229.98049944849,76229.98049944849
4,2011-10-21,2207742.13,0,validation,1986630.5366413165,221111.5933586834,221111.5933586834
5,2011-10-21,306069.18,0,validation,236097.5927699533,69971.58723004669,69971.58723004669
6,2011-10-21,1417922.37,0,validation,1494632.153016506,-76709.78301650588,76709.78301650588
7,2011-10-21,558691.43,0,validation,487561.2144735182,71130.21552648186,71130.21552648186
8,2011-10-21,905984.49,0,validation,821847.732780112,84136.75721988804,84136.75721988804
9,2011-10-21,557075.21,0,validation,457252.145597175,99823.06440282497,99823.06440282497
10,2011-10-21,1745928.56,0,validation,1870292.220277369,-124363.66027736897,124363.66027736897
11,2011-10-21,1325107.53,0,validation,1269594.0238847488,55513.50611525122,55513.50611525122
12,2011-10-21,938604.58,0,validation,952064.6869422127,-13460.106942212791,13460.106942212791
13,2011-10-21,1973544.27,0,validation,1916910.6111978088,56633.65880219126,56633.65880219126
14,2011-10-21,2009004.59,0,validation,2038234.1804132266,-29229.590413226513,29229.590413226513
15,2011-10-21,603318.89,0,validation,561906.3255677607,41412.564432239276,41412.564432239276
16,2011-10-21,560104.16,0,validation,464634.3339079161,95469.82609208394,95469.82609208394
17,2011-10-21,877380.22,0,validation,790973.2159101653,86407.00408983463,86407.00408983463
18,2011-10-21,1048212.62,0,validation,1037888.0078761189,10324.612123881117,10324.612123881117
19,2011-10-21,1374863.1,0,validation,1385932.6766841984,-11069.576684198342,11069.576684198342
20,2011-10-21,2104241.9,0,validation,2015997.0019495492,88244.89805045072,88244.89805045072
21,2011-10-21,729036.06,0,validation,703431.9901953664,25604.06980463362,25604.06980463362
22,2011-10-21,981567.22,0,validation,978716.8770733606,2850.342926639365,2850.342926639365
23,2011-10-21,1441032.59,0,validation,1320104.2179894105,120928.37201058958,120928.37201058958
24,2011-10-21,1283563.43,0,validation,1281014.5017057478,2548.9282942521386,2548.9282942521386
25,2011-10-21,690675.5,0,validation,638486.5610915257,52188.93890847429,52188.93890847429
26,2011-10-21,974907.28,0,validation,936332.8281217224,38574.451878277585,38574.451878277585
27,2011-10-21,1689591.44,0,validation,1743276.4863510719,-53685.04635107191,53685.04635107191
28,2011-10-21,1203172.05,0,validation,1288213.00505986,-85040.9550598599,85040.9550598599
29,2011-10-21,505068.22,0,validation,498767.9216492254,6300.298350774567,6300.298350774567
30,2011-10-21,428958.53,0,validation,376704.8037247786,52253.726275221445,52253.726275221445
31,2011-10-21,1409310.4,0,validation,1315251.0057247789,94059.39427522104,94059.39427522104
32,2011-10-21,1151258.74,0,validation,1074968.7360608277,76290.00393917225,76290.00393917225
33,2011-10-21,233543.08,0,validation,227519.70653950237,6023.37346049762,6023.37346049762
34,2011-10-21,953693.23,0,validation,868870.7183068681,84822.51169313188,84822.51169313188
35,2011-10-21,811328.4,0,validation,897884.0648733887,-86555.66487338871,86555.66487338871
36,2011-10-21,328633.34,0,validation,352999.96930690086,-24366.62930690084,24366.62930690084
37,2011-10-21,522784.33,0,validation,452679.22195003496,70105.10804996506,70105.10804996506
38,2011-10-21,402709.17,0,validation,317665.9997657422,85043.17023425776,85043.17023425776
39,2011-10-21,1465283.29,0,validation,1312555.121812318,152728.16818768205,152728.16818768205
40,2011-10-21,942319.65,0,validation,905307.4179668336,37012.23203316645,37012.23203316645
41,2011-10-21,1214944.29,0,validation,1153754.0675355755,61190.22246442456,61190.22246442456
42,2011-10-21,537276.41,0,validation,509375.4132185463,27900.996781453723,27900.996781453723
43,2011-10-21,594625.96,0,validation,571080.2222151218,23545.737784878118,23545.737784878118
44,2011-10-21,305969.81,0,validation,250272.20351877366,55697.606481226336,55697.606481226336
45,2011-10-21,771686.4,0,validation,719428.1462955803,52258.25370441971,52258.25370441971
1,2011-10-28,1445249.09,0,validation,1458191.0090605244,-12941.91906052432,12941.91906052432
2,2011-10-28,1769296.25,0,validation,1884836.0944899414,-115539.84448994137,115539.84448994137
3,2011-10-28,389540.62,0,validation,350599.4998360098,38941.120163990185,38941.120163990185
4,2011-10-28,2151659.59,0,validation,1984880.5906931143,166778.99930688553,166778.99930688553
5,2011-10-28,307035.11,0,validation,268938.15732942347,38096.95267057652,38096.95267057652
6,2011-10-28,1419445.12,0,validation,1523586.2306711457,-104141.11067114561,104141.11067114561
7,2011-10-28,527339.52,0,validation,488819.390427773,38520.129572227015,38520.129572227015
8,2011-10-28,876712.31,0,validation,839358.4380069503,37353.87199304975,37353.87199304975
9,2011-10-28,548527.49,0,validation,479274.3759885585,69253.11401144147,69253.11401144147
10,2011-10-28,1771792.97,0,validation,1880756.0382535828,-108963.06825358281,108963.06825358281
11,2011-10-28,1310684.1,0,validation,1300718.8004999438,9965.29950005631,9965.29950005631
12,2011-10-28,990926.38,0,validation,956890.6708842306,34035.709115769365,34035.709115769365
13,2011-10-28,1948733.81,0,validation,1920939.0365384372,27794.773461562814,27794.773461562814
14,2011-10-28,2056846.12,0,validation,2041466.8711109366,15379.248889063485,15379.248889063485
15,2011-10-28,589842.69,0,validation,569381.2563792935,20461.433620706433,20461.433620706433
16,2011-10-28,505918.21,0,validation,476117.33516586723,29800.87483413279,29800.87483413279
17,2011-10-28,936508.43,0,validation,800240.1133926873,136268.31660731276,136268.31660731276
18,2011-10-28,1106642.63,0,validation,1033400.9105628943,73241.71943710558,73241.71943710558
19,2011-10-28,1396612.36,0,validation,1395004.361036308,1607.9989636919927,1607.9989636919927
20,2011-10-28,2065421.52,0,validation,2029263.3454144285,36158.17458557151,36158.17458557151
21,2011-10-28,738812.0,0,validation,730466.9772056137,8345.022794386256,8345.022794386256
22,2011-10-28,1099351.68,0,validation,974856.720749585,124494.95925041498,124494.95925041498
23,2011-10-28,1407191.96,0,validation,1317494.0064168645,89697.9535831355,89697.9535831355
24,2011-10-28,1307142.75,0,validation,1281570.167174779,25572.58282522089,25572.58282522089
25,2011-10-28,724443.97,0,validation,652845.4201368,71598.54986319994,71598.54986319994
26,2011-10-28,972256.98,0,validation,931985.7969085486,40271.183091451414,40271.183091451414
27,2011-10-28,1710372.4,0,validation,1746027.8331301194,-35655.43313011946,35655.43313011946
28,2011-10-28,1242746.06,0,validation,1293038.9890018778,-50292.92900187778,50292.92900187778
29,2011-10-28,515119.64,0,validation,494925.12839623354,20194.51160376647,20194.51160376647
30,2011-10-28,426151.88,0,validation,403739.7907350258,22412.08926497423,22412.08926497423
31,2011-10-28,1346862.72,0,validation,1342285.9927350262,4576.727264973801,4576.727264973801
32,2011-10-28,1185391.96,0,validation,1083398.296337675,101993.66366232489,101993.66366232489
33,2011-10-28,231319.96,0,validation,238291.6699358276,-6971.709935827617,6971.709935827617
34,2011-10-28,958063.87,0,validation,881435.5277838415,76628.34221615852,76628.34221615852
35,2011-10-28,808821.5,0,validation,900599.3672852494,-91777.8672852494,91777.8672852494
36,2011-10-28,306193.81,0,validation,388008.82403876947,-81815.01403876947,81815.01403876947
37,2011-10-28,517355.44,0,validation,488445.00839282665,28910.43160717335,28910.43160717335
38,2011-10-28,378539.17,0,validation,322491.9837077601,56047.18629223987,56047.18629223987
39,2011-10-28,1472663.1,0,validation,1348264.8818150894,124398.21818491071,124398.21818491071
40,2011-10-28,941675.95,0,validation,902781.2460543178,38894.70394568215,38894.70394568215
41,2011-10-28,1274463.02,0,validation,1155208.336029901,119254.68397009908,119254.68397009908
42,2011-10-28,515599.7,0,validation,519839.2311947602,-4239.531194760173,4239.531194760173
43,2011-10-28,572516.57,0,validation,587460.7650344314,-14944.19503443141,14944.19503443141
44,2011-10-28,306336.07,0,validation,254300.62885940203,52035.44114059798,52035.44114059798
45,2011-10-28,781694.57,0,validation,722660.8369932905,59033.73300670949,59033.73300670949
1,2011-11-04,1697229.58,0,validation,1531404.5812962297,165824.99870377034,165824.99870377034
2,2011-11-04,1959707.9,0,validation,1961548.7097193245,-1840.8097193245776,1840.8097193245776
3,2011-11-04,459443.22,0,validation,423446.1511819414,35997.068818058586,35997.068818058586
4,2011-11-04,2281217.31,0,validation,2074552.4658255065,206664.84417449357,206664.84417449357
5,2011-11-04,353652.23,0,validation,339438.6797181616,14213.550281838397,14213.550281838397
6,2011-11-04,1523420.38,0,validation,1598548.204723594,-75127.82472359412,75127.82472359412
7,2011-11-04,564536.01,0,validation,579919.0788995918,-15383.068899591803,15383.068899591803
8,2011-11-04,947815.05,0,validation,924951.4579940552,22863.59200594481,22863.59200594481
9,2011-11-04,597855.07,0,validation,558369.7256762285,39485.344323771424,39485.344323771424
10,2011-11-04,1904438.59,0,validation,1974774.6486268905,-70336.05862689042,70336.05862689042
11,2011-11-04,1458287.38,0,validation,1374125.716246078,84161.66375392186,84161.66375392186
12,2011-11-04,1051944.79,0,validation,1045509.906607744,6434.883392255986,6434.883392255986
13,2011-11-04,2036317.54,0,validation,2015349.4488114538,20968.09118854627,20968.09118854627
14,2011-11-04,2174056.71,0,validation,2125585.067157602,48471.642842398025,48471.642842398025
15,2011-11-04,615121.78,0,validation,668930.918249479,-53809.138249479,53809.138249479
16,2011-11-04,511059.95,0,validation,558448.8857745163,-47388.935774516256,47388.935774516256
17,2011-11-04,927657.63,0,validation,893333.9043252277,34323.725674772286,34323.725674772286
18,2011-11-04,1100625.06,0,validation,1118503.7820550308,-17878.722055030754,17878.722055030754
19,2011-11-04,1480289.64,0,validation,1496318.8557671318,-16029.215767131886,16029.215767131886
20,2011-11-04,2284106.6,0,validation,2120305.7273043776,163800.8726956225,163800.8726956225
21,2011-11-04,767358.37,0,validation,809672.7690158982,-42314.399015898234,42314.399015898234
22,2011-11-04,1106575.59,0,validation,1062239.313211768,44336.27678823215,44336.27678823215
23,2011-11-04,1428436.33,0,validation,1413606.073372981,14830.25662701903,14830.25662701903
24,2011-11-04,1385860.38,0,validation,1364367.9234789086,21492.456521091284,21492.456521091284
25,2011-11-04,718393.61,0,validation,744111.90778683,-25718.297786829993,25718.297786829993
26,2011-11-04,988950.75,0,validation,1028181.9035246955,-39231.15352469555,39231.15352469555
27,2011-11-04,1621109.3,0,validation,1830993.2575242547,-209883.95752425469,209883.95752425469
28,2011-11-04,1576654.67,0,validation,1381658.2247253913,194996.44527460868,194996.44527460868
29,2011-11-04,620735.72,0,validation,582325.0839292007,38410.636070799315,38410.636070799315
30,2011-11-04,432359.04,0,validation,482945.58254531014,-50586.54254531016,50586.54254531016
31,2011-11-04,1426405.46,0,validation,1421491.7845453108,4913.67545468919,4913.67545468919
32,2011-11-04,1204628.28,0,validation,1176178.7780101015,28449.501989898505,28449.501989898505
33,2011-11-04,236157.12,0,validation,330629.48710852745,-94472.36710852745,94472.36710852745
34,2011-11-04,992621.93,0,validation,968109.9883751497,24511.941624850384,24511.941624850384
35,2011-11-04,653468.75,0,validation,985600.8360465716,-332132.0860465716,332132.0860465716
36,2011-11-04,313387.11,0,validation,459866.4027609115,-146479.2927609115,146479.2927609115
37,2011-11-04,555925.6,0,validation,559545.6554040455,-3620.0554040455027,3620.0554040455027
38,2011-11-04,436970.1,0,validation,411111.2194312735,25858.880568726454,25858.880568726454
39,2011-11-04,1553629.59,0,validation,1417488.6430856297,136140.9469143704,136140.9469143704
40,2011-11-04,1011321.18,0,validation,989648.9504070923,21672.229592907708,21672.229592907708
41,2011-11-04,1315684.86,0,validation,1255916.5589651936,59768.30103480653,59768.30103480653
42,2011-11-04,597667.21,0,validation,613857.8415680678,-16190.631568067824,16190.631568067824
43,2011-11-04,641905.37,0,validation,671391.3714338145,-29486.001433814527,29486.001433814527
44,2011-11-04,307126.34,0,validation,348711.04113241844,-41584.70113241841,41584.70113241841
45,2011-11-04,833429.22,0,validation,806779.0330399558,26650.1869600442,26650.1869600442
1,2011-11-11,1594938.89,0,validation,1568754.4491867651,26184.440813234774,26184.440813234774
2,2011-11-11,1920725.15,0,validation,1997971.5323391755,-77246.38233917556,77246.38233917556
3,2011-11-11,407764.25,0,validation,455946.9824838438,-48182.73248384381,48182.73248384381
4,2011-11-11,2203028.96,0,validation,2091879.393509604,111149.56649039593,111149.56649039593
5,2011-11-11,311906.7,0,validation,376428.60824257974,-64521.908242579724,64521.908242579724
6,2011-11-11,1536176.54,0,validation,1632155.8838061257,-95979.34380612569,95979.34380612569
7,2011-11-11,556015.59,0,validation,595260.1263631224,-39244.5363631224,39244.5363631224
8,2011-11-11,917088.48,0,validation,953222.6466109937,-36134.16661099368,36134.16661099368
9,2011-11-11,594574.12,0,validation,594878.197719059,-304.0777190589579,304.0777190589579
10,2011-11-11,2076570.84,0,validation,1958402.526973821,118168.3130261791,118168.3130261791
11,2011-11-11,1366053.69,0,validation,1408531.446508669,-42477.75650866912,42477.75650866912
12,2011-11-11,1095091.53,0,validation,1040823.3210934439,54268.20890655613,54268.20890655613
13,2011-11-11,2111592.09,0,validation,2013547.650187547,98044.43981245277,98044.43981245277
14,2011-11-11,2081534.65,0,validation,2161981.74405742,-80447.09405742027,80447.09405742027
15,2011-11-11,618949.82,0,validation,704899.6591658434,-85949.83916584344,85949.83916584344
16,2011-11-11,513181.31,0,validation,573817.9464580568,-60636.636458056804,60636.636458056804
17,2011-11-11,914759.2,0,validation,890971.8413011187,23787.35869888123,23787.35869888123
18,2011-11-11,1079931.63,0,validation,1164833.4945966622,-84901.86459666234,84901.86459666234
19,2011-11-11,1502078.93,0,validation,1530914.948903,-28836.018903000047,28836.018903000047
20,2011-11-11,2269975.85,0,validation,2156006.994204724,113968.85579527589,113968.85579527589
21,2011-11-11,757369.87,0,validation,846067.5784157391,-88697.70841573912,88697.70841573912
22,2011-11-11,1051740.29,0,validation,1101800.4761629363,-50060.18616293627,50060.18616293627
23,2011-11-11,1436940.78,0,validation,1452820.4280320401,-15879.648032040102,15879.648032040102
24,2011-11-11,1425078.59,0,validation,1409216.8551384832,15861.73486151686,15861.73486151686
25,2011-11-11,719235.07,0,validation,781325.8885677237,-62090.818567723734,62090.818567723734
26,2011-11-11,1077640.13,0,validation,1077256.9116273194,383.21837268047966,383.21837268047966
27,2011-11-11,1800728.07,0,validation,1871118.6046541054,-70390.53465410531,70390.53465410531
28,2011-11-11,1402654.95,0,validation,1376971.6392110912,25683.31078890874,25683.31078890874
29,2011-11-11,531600.62,0,validation,621903.6104483913,-90302.9904483913,90302.9904483913
30,2011-11-11,409686.63,0,validation,519340.39194515103,-109653.76194515103,109653.76194515103
31,2011-11-11,1444783.64,0,validation,1457886.5939451517,-13102.953945151763,13102.953945151763
32,2011-11-11,1182733.0,0,validation,1202809.1531377134,-20076.153137713438,20076.153137713438
33,2011-11-11,271961.04,0,validation,314621.5373155896,-42660.49731558963,42660.49731558963
34,2011-11-11,991570.02,0,validation,973503.2843349329,18066.7356650671,18066.7356650671
35,2011-11-11,880576.33,0,validation,1025654.094442049,-145077.76444204908,145077.76444204908
36,2011-11-11,328498.92,0,validation,498396.9544624983,-169898.03446249833,169898.03446249833
37,2011-11-11,501268.78,0,validation,598004.1183712591,-96735.33837125904,96735.33837125904
38,2011-11-11,411116.95,0,validation,406424.63391697337,4692.316083026642,4692.316083026642
39,2011-11-11,1456957.38,0,validation,1457459.81993339,-502.43993339012377,502.43993339012377
40,2011-11-11,1037687.07,0,validation,1030235.9528466477,7451.117153352243,7451.117153352243
41,2011-11-11,1302499.23,0,validation,1276047.8670504559,26451.3629495441,26451.3629495441
42,2011-11-11,643125.29,0,validation,597485.7199149982,45639.57008500188,45639.57008500188
43,2011-11-11,615975.5,0,validation,675197.3853747875,-59221.8853747875,59221.8853747875
44,2011-11-11,312233.56,0,validation,346909.2425085119,-34675.682508511876,34675.682508511876
45,2011-11-11,808624.82,0,validation,843175.7099397737,-34550.88993977371,34550.88993977371
1,2011-11-18,1539483.7,0,validation,1605494.8724327919,-66011.17243279191,66011.17243279191
2,2011-11-18,1902762.5,0,validation,2033418.6694450355,-130656.16944503551,130656.16944503551
3,2011-11-18,398838.97,0,validation,490127.47270628763,-91288.50270628766,91288.50270628766
4,2011-11-18,2243946.59,0,validation,2127960.2828112096,115986.30718879029,115986.30718879029
5,2011-11-18,307944.37,0,validation,414521.2539084292,-106576.88390842918,106576.88390842918
6,2011-11-18,1524390.07,0,validation,1667292.3064625654,-142902.23646256537,142902.23646256537
7,2011-11-18,539826.56,0,validation,649179.6550399333,-109353.09503993322,109353.09503993322
8,2011-11-18,897032.19,0,validation,984462.3822142087,-87430.19221420877,87430.19221420877
9,2011-11-18,542414.27,0,validation,624327.5913346545,-81913.32133465447,81913.32133465447
10,2011-11-18,1869087.85,0,validation,1994943.1955408126,-125855.34554081247,125855.34554081247
11,2011-11-18,1315091.63,0,validation,1442039.61945087,-126947.98945087008,126947.98945087008
12,2011-11-18,970641.34,0,validation,1082158.1700606474,-111516.83006064745,111516.83006064745
13,2011-11-18,2016323.51,0,validation,2058363.7864027503,-42040.276402750285,42040.276402750285
14,2011-11-18,1969360.72,0,validation,2199432.3519710833,-230071.63197108335,230071.63197108335
15,2011-11-18,597856.51,0,validation,729612.7509010015,-131756.2409010015,131756.2409010015
16,2011-11-18,480353.64,0,validation,605803.123866938,-125449.48386693804,125449.48386693804
17,2011-11-18,877724.31,0,validation,931501.9548547723,-53777.644854772254,53777.644854772254
18,2011-11-18,1056992.18,0,validation,1197470.4078162063,-140478.2278162064,140478.2278162064
19,2011-11-18,1411835.57,0,validation,1557280.8206187556,-145445.25061875558,145445.25061875558
20,2011-11-18,2169933.82,0,validation,2189148.362536634,-19214.54253663402,19214.54253663402
21,2011-11-18,737014.09,0,validation,879889.9487610119,-142875.85876101197,142875.85876101197
22,2011-11-18,1007579.44,0,validation,1136186.132600104,-128606.69260010403,128606.69260010403
23,2011-11-18,1345631.96,0,validation,1483356.3497508245,-137724.38975082454,137724.38975082454
24,2011-11-18,1297535.69,0,validation,1439504.5776556567,-141968.88765565678,141968.88765565678
25,2011-11-18,728525.6,0,validation,813262.6884391976,-84737.08843919763,84737.08843919763
26,2011-11-18,946091.79,0,validation,1097315.8890623162,-151224.09906231612,151224.09906231612
27,2011-11-18,1723739.44,0,validation,1902342.6870086086,-178603.24700860865,178603.24700860865
28,2011-11-18,1255081.22,0,validation,1418306.4881782946,-163225.26817829465,163225.26817829465
29,2011-11-18,504601.29,0,validation,656305.3565285734,-151704.06652857346,151704.06652857346
30,2011-11-18,436462.63,0,validation,553162.7622904239,-116700.13229042385,116700.13229042385
31,2011-11-18,1445174.79,0,validation,1491708.9642904243,-46534.17429042421,46534.17429042421
32,2011-11-18,1181651.55,0,validation,1241349.4240289645,-59697.874028964434,59697.874028964434
33,2011-11-18,251294.5,0,validation,353711.40890350286,-102416.90890350286,102416.90890350286
34,2011-11-18,947552.44,0,validation,1014178.3417181997,-66625.90171819972,66625.90171819972
35,2011-11-18,820964.1,0,validation,1056950.2655309257,-235986.16553092573,235986.16553092573
36,2011-11-18,332901.94,0,validation,533925.9307941342,-201023.99079413415,201023.99079413415
37,2011-11-18,527495.09,0,validation,633713.3165388287,-106218.22653882869,106218.22653882869
38,2011-11-18,392003.13,0,validation,447759.482884177,-55756.352884177,55756.352884177
39,2011-11-18,1510397.27,0,validation,1493729.2825011625,16667.987498837523,16667.987498837523
40,2011-11-18,905399.99,0,validation,1059819.4250850878,-154419.43508508778,154419.43508508778
41,2011-11-18,1230118.02,0,validation,1312515.1596609575,-82397.1396609575,82397.1396609575
42,2011-11-18,567673.87,0,validation,634026.3884819899,-66352.51848198986,66352.51848198986
43,2011-11-18,628115.61,0,validation,721219.816637561,-93104.20663756097,93104.20663756097
44,2011-11-18,310531.04,0,validation,391725.37872371497,-81194.33872371499,81194.33872371499
45,2011-11-18,773603.77,0,validation,880626.317853437,-107022.54785343702,107022.54785343702
1,2011-11-25,2033320.66,1,validation,1627268.9763636538,406051.68363634613,406051.68363634613
2,2011-11-25,2614202.3,1,validation,2045270.5880677667,568931.7119322331,568931.7119322331
3,2011-11-25,556925.19,1,validation,529323.081981793,27602.108018206898,27602.108018206898
4,2011-11-25,3004702.33,1,validation,2147624.8625520486,857077.4674479514,857077.4674479514
5,2011-11-25,507900.07,1,validation,435491.9053594916,72408.16464050842,72408.16464050842
6,2011-11-25,2249811.55,1,validation,1691892.1726606325,557919.3773393673,557919.3773393673
7,2011-11-25,949075.87,1,validation,671100.2231904907,277975.64680950926,277975.64680950926
8,2011-11-25,1235163.86,1,validation,1006290.5409411682,228873.3190588319,228873.3190588319
9,2011-11-25,814753.5,1,validation,639519.5640517354,175233.93594826455,175233.93594826455
10,2011-11-25,2950198.64,1,validation,2032112.4132157834,918086.2267842167,918086.2267842167
11,2011-11-25,1848953.48,1,validation,1480590.9246661423,368362.55533385766,368362.55533385766
12,2011-11-25,1591920.42,1,validation,1101711.3596662453,490209.06033375463,490209.06033375463
13,2011-11-25,2864170.61,1,validation,2080946.4271639884,783224.1828360115,783224.1828360115
14,2011-11-25,2685351.81,1,validation,2220502.514027281,464849.29597271886,464849.29597271886
15,2011-11-25,1066478.1,1,validation,742504.0119165604,323974.08808343974,323974.08808343974
16,2011-11-25,712422.4,1,validation,632177.7939991059,80244.6060008941,80244.6060008941
17,2011-11-25,1225700.28,1,validation,958678.7636976711,267021.5163023289,267021.5163023289
18,2011-11-25,1624170.99,1,validation,1208764.7237009713,415406.26629902865,415406.26629902865
19,2011-11-25,1974646.78,1,validation,1570088.0419742842,404558.7380257158,404558.7380257158
20,2011-11-25,2906233.25,1,validation,2209780.663231116,696452.5867688842,696452.5867688842
21,2011-11-25,1219263.4,1,validation,892246.1053439252,327017.2946560747,327017.2946560747
22,2011-11-25,1535857.49,1,validation,1151862.944052895,383994.5459471049,383994.5459471049
23,2011-11-25,2057059.53,1,validation,1482492.9281511942,574566.6018488058,574566.6018488058
24,2011-11-25,1761235.67,1,validation,1449846.635650294,311389.034349706,311389.034349706
25,2011-11-25,1116211.39,1,validation,833894.9891336798,282316.4008663201,282316.4008663201
26,2011-11-25,1282320.05,1,validation,1106369.1473462712,175950.90265372884,175950.90265372884
27,2011-11-25,2504400.71,1,validation,1920512.866632518,583887.8433674821,583887.8433674821
28,2011-11-25,1929738.27,1,validation,1437859.6777838925,491878.5922161075,491878.5922161075
29,2011-11-25,913165.19,1,validation,671997.7479549285,241167.4420450714,241167.4420450714
30,2011-11-25,452163.93,1,validation,565518.9188733372,-113354.98887333722,113354.98887333722
31,2011-11-25,1934099.65,1,validation,1504065.1208733376,430034.5291266623,430034.5291266623
32,2011-11-25,1684468.66,1,validation,1261981.3840590562,422487.27594094374,422487.27594094374
33,2011-11-25,255996.47,1,validation,383289.0439557292,-127292.57395572923,127292.57395572923
34,2011-11-25,1345595.82,1,validation,1040762.1868015397,304833.63319846033,304833.63319846033
35,2011-11-25,1733822.4,1,validation,1074760.0014829668,659062.3985170331,659062.3985170331
36,2011-11-25,332811.55,1,validation,561695.6103040137,-228884.06030401372,228884.06030401372
37,2011-11-25,522554.04,1,validation,661735.3066190158,-139181.26661901578,139181.26661901578
38,2011-11-25,393715.71,1,validation,467312.67248977476,-73596.96248977474,73596.96248977474
39,2011-11-25,2338832.4,1,validation,1522143.4576614914,816688.9423385086,816688.9423385086
40,2011-11-25,1230011.95,1,validation,1062205.5370066324,167806.41299336753,167806.41299336753
41,2011-11-25,1906713.35,1,validation,1339085.9223331963,567627.4276668038,567627.4276668038
42,2011-11-25,577698.37,1,validation,671195.6061569608,-93497.23615696083,93497.23615696083
43,2011-11-25,669965.22,1,validation,743045.8335410585,-73080.6135410585,73080.6135410585
44,2011-11-25,309129.01,1,validation,414308.019484953,-105179.00948495301,105179.00948495301
45,2011-11-25,1170672.94,1,validation,901696.4799096349,268976.460090365,268976.460090365
1,2011-12-02,1584083.95,0,validation,1687626.7329235058,-103542.78292350587,103542.78292350587
2,2011-12-02,1954952.0,0,validation,2115735.6116267284,-160783.61162672844,160783.61162672844
3,2011-12-02,472511.32,0,validation,584691.7688726631,-112180.44887266314,112180.44887266314
4,2011-12-02,2180999.26,0,validation,2212888.734527737,-31889.474527737126,31889.474527737126
5,2011-12-02,376225.61,0,validation,497091.1745002831,-120865.5645002831,120865.5645002831
6,2011-12-02,1688531.34,0,validation,1751237.880346302,-62706.54034630186,62706.54034630186
7,2011-12-02,591907.88,0,validation,742369.5520983426,-150461.67209834256,150461.67209834256
8,2011-12-02,986601.46,0,validation,1073537.5789740654,-86936.11897406541,86936.11897406541
9,2011-12-02,613115.21,0,validation,710439.280541243,-97324.07054124307,97324.07054124307
10,2011-12-02,2068097.18,0,validation,2113431.5884455387,-45334.40844553872,45334.40844553872
11,2011-12-02,1399322.44,0,validation,1535651.4661369012,-136329.02613690123,136329.02613690123
12,2011-12-02,1071383.1,0,validation,1195400.1476504533,-124017.04765045317,124017.04765045317
13,2011-12-02,2051315.66,0,validation,2158003.673173724,-106688.01317372429,106688.01317372429
14,2011-12-02,2143080.57,0,validation,2316857.3756112377,-173776.80561123788,173776.80561123788
15,2011-12-02,699028.66,0,validation,847432.0696161508,-148403.40961615078,148403.40961615078
16,2011-12-02,530492.84,0,validation,713699.9614306642,-183207.1214306642,183207.1214306642
17,2011-12-02,945267.68,0,validation,1031842.1721259991,-86574.49212599907,86574.49212599907
18,2011-12-02,1188047.61,0,validation,1312447.8656140263,-124400.25561402622,124400.25561402622
19,2011-12-02,1484708.38,0,validation,1670393.9183722036,-185685.5383722037,185685.5383722037
20,2011-12-02,2298776.83,0,validation,2302196.0104548526,-3419.180454852525,3419.180454852525
21,2011-12-02,793184.25,0,validation,962459.009922796,-169274.75992279605,169274.75992279605
22,2011-12-02,1167621.14,0,validation,1251468.5890909182,-83847.4490909183,83847.4490909183
23,2011-12-02,1552886.59,0,validation,1597633.4770483915,-44746.88704839139,44746.88704839139
24,2011-12-02,1335647.1,0,validation,1557043.7641707049,-221396.66417070478,221396.66417070478
25,2011-12-02,878314.57,0,validation,924685.569596829,-46370.99959682906,46370.99959682906
26,2011-12-02,1012498.49,0,validation,1213946.126840734,-201447.63684073393,201447.63684073393
27,2011-12-02,1806924.74,0,validation,2020102.8325566202,-213178.09255662025,213178.09255662025
28,2011-12-02,1368130.35,0,validation,1531548.4657681007,-163418.1157681006,163418.1157681006
29,2011-12-02,579874.22,0,validation,771618.9729665152,-191744.75296651525,191744.75296651525
30,2011-12-02,412385.75,0,validation,635731.823452208,-223346.07345220796,223346.07345220796
31,2011-12-02,1388809.43,0,validation,1574278.0254522085,-185468.59545220854,185468.59545220854
32,2011-12-02,1179773.88,0,validation,1335491.770567718,-155717.89056771807,155717.89056771807
33,2011-12-02,220060.35,0,validation,465056.4307056464,-244996.0807056464,244996.0807056464
34,2011-12-02,988742.08,0,validation,1114458.0380002765,-125715.95800027659,125715.95800027659
35,2011-12-02,903606.03,0,validation,1173737.2131648937,-270131.18316489365,270131.18316489365
36,2011-12-02,293350.51,0,validation,619210.2495615482,-325859.7395615482,325859.7395615482
37,2011-12-02,527117.81,0,validation,717555.8606187706,-190438.05061877053,190438.05061877053
38,2011-12-02,411252.02,0,validation,561001.4604739829,-149749.44047398283,149749.44047398283
39,2011-12-02,1632894.58,0,validation,1576899.5093008613,55995.0706991388,55995.0706991388
40,2011-12-02,1059676.62,0,validation,1170006.6222611764,-110330.00226117624,110330.00226117624
41,2011-12-02,1292436.23,0,validation,1425426.3636064965,-132990.1336064965,132990.1336064965
42,2011-12-02,511883.36,0,validation,752514.7813867161,-240631.42138671607,240631.42138671607
43,2011-12-02,585028.26,0,validation,811747.4166937819,-226719.15669378184,226719.15669378184
44,2011-12-02,284309.34,0,validation,491365.26549468876,-207055.92549468874,207055.92549468874
45,2011-12-02,875699.81,0,validation,998051.3414935915,-122351.5314935915,122351.5314935915
1,2011-12-09,1799682.38,0,validation,1699157.4345106632,100524.94548933674,100524.94548933674
2,2011-12-09,2290549.32,0,validation,2121658.1637873147,168891.15621268516,168891.15621268516
3,2011-12-09,468772.8,0,validation,594230.8143374457,-125458.01433744567,125458.01433744567
4,2011-12-09,2508955.24,0,validation,2217059.1051796484,291896.13482035184,291896.13482035184
5,2011-12-09,367433.77,0,validation,502916.10960862983,-135482.33960862982,135482.33960862982
6,2011-12-09,1903385.14,0,validation,1755621.6378770592,147763.50212294073,147763.50212294073
7,2011-12-09,653845.45,0,validation,739890.6700186273,-86045.22001862735,86045.22001862735
8,2011-12-09,1051922.95,0,validation,1070191.2890919219,-18268.339091921924,18268.339091921924
9,2011-12-09,630327.28,0,validation,710233.4184327559,-79906.13843275583,79906.13843275583
10,2011-12-09,2429310.9,0,validation,2094974.3505253615,334336.5494746384,334336.5494746384
11,2011-12-09,1646655.94,0,validation,1543649.7845011265,103006.15549887344,103006.15549887344
12,2011-12-09,1189646.45,0,validation,1189212.7000947122,433.7499052877538,433.7499052877538
13,2011-12-09,2462779.06,0,validation,2155530.2245438895,307248.83545611054,307248.83545611054
14,2011-12-09,2470581.29,0,validation,2330896.091755987,139685.1982440129,139685.1982440129
15,2011-12-09,764565.55,0,validation,850842.4009705286,-86276.85097052855,86276.85097052855
16,2011-12-09,574798.86,0,validation,699511.5533867157,-124712.69338671572,124712.69338671572
17,2011-12-09,976522.93,0,validation,1029957.0011163774,-53434.07111637737,53434.07111637737
18,2011-12-09,1368471.23,0,validation,1325250.84840919,43220.381590809906,43220.381590809906
19,2011-12-09,1713769.06,0,validation,1678426.4310282525,35342.62897174759,35342.62897174759
20,2011-12-09,2546123.78,0,validation,2313639.847297106,232483.93270289386,232483.93270289386
21,2011-12-09,897747.13,0,validation,967541.1654830781,-69794.0354830781,69794.0354830781
22,2011-12-09,1308967.44,0,validation,1264620.1632754111,44347.276724588824,44347.276724588824
23,2011-12-09,1841173.6,0,validation,1601164.084020203,240009.5159797971,240009.5159797971
24,2011-12-09,1529615.54,0,validation,1566701.043587341,-37085.503587340936,37085.503587340936
25,2011-12-09,916446.02,0,validation,937586.0938796093,-21140.073879609234,21140.073879609234
26,2011-12-09,1148987.46,0,validation,1230642.9472173054,-81655.48721730546,81655.48721730546
27,2011-12-09,2014665.98,0,validation,2031537.3775831023,-16871.39758310234,16871.39758310234
28,2011-12-09,1467024.3,0,validation,1525361.0182123594,-58336.71821235935,58336.71821235935
29,2011-12-09,633240.53,0,validation,784786.1276218104,-151545.5976218104,151545.5976218104
30,2011-12-09,436741.02,0,validation,640813.97901249,-204072.95901249,204072.95901249
31,2011-12-09,1556798.94,0,validation,1579360.1810124905,-22561.241012490587,22561.241012490587
32,2011-12-09,1415746.91,0,validation,1314384.097181268,101362.81281873188,101362.81281873188
33,2011-12-09,270373.05,0,validation,455815.5421688013,-185442.4921688013,185442.4921688013
34,2011-12-09,1084243.91,0,validation,1096245.8458640967,-12001.93586409674,12001.93586409674
35,2011-12-09,948964.99,0,validation,1185243.8469257494,-236278.85692574945,236278.85692574945
36,2011-12-09,312298.37,0,validation,636348.4530162779,-324050.0830162779,324050.0830162779
37,2011-12-09,537224.52,0,validation,734802.1971750605,-197577.6771750605,197577.6771750605
38,2011-12-09,435401.64,0,validation,554814.0129182416,-119412.37291824154,119412.37291824154
39,2011-12-09,1781528.77,0,validation,1591764.7221562904,189764.0478437096,189764.0478437096
40,2011-12-09,1158708.98,0,validation,1182417.419976198,-23708.439976198133,23708.439976198133
41,2011-12-09,1548661.45,0,validation,1399780.5485784058,148880.9014215942,148880.9014215942
42,2011-12-09,619133.48,0,validation,734057.5434665389,-114924.06346653891,114924.06346653891
43,2011-12-09,617898.07,0,validation,799967.0057651281,-182068.93576512812,182068.93576512812
44,2011-12-09,304300.91,0,validation,488891.8168648542,-184590.90686485422,184590.90686485422
45,2011-12-09,957155.31,0,validation,1012090.0576383407,-54934.74763834069,54934.74763834069
1,2011-12-16,1881176.67,0,validation,1745307.9623710667,135868.70762893325,135868.70762893325
2,2011-12-16,2432736.52,0,validation,2169681.341413712,263055.1785862879,263055.1785862879
3,2011-12-16,510747.62,0,validation,643195.6676845388,-132448.04768453876,132448.04768453876
4,2011-12-16,2771397.17,0,validation,2254035.029658663,517362.14034133684,517362.14034133684
5,2011-12-16,379530.3,0,validation,556356.9460103406,-176826.6460103406,176826.6460103406
6,2011-12-16,2034695.56,0,validation,1807197.5217645797,227498.03823542036,227498.03823542036
7,2011-12-16,720242.19,0,validation,772845.9084576176,-52603.71845761768,52603.71845761768
8,2011-12-16,1118163.94,0,validation,1120809.496730067,-2645.5567300671246,2645.5567300671246
9,2011-12-16,705557.97,0,validation,761918.3958387938,-56360.42583879386,56360.42583879386
10,2011-12-16,2555031.18,0,validation,2135331.739862358,419699.44013764197,419699.44013764197
11,2011-12-16,1783910.06,0,validation,1593651.1269885944,190258.93301140564,190258.93301140564
12,2011-12-16,1293404.18,0,validation,1214437.984922527,78966.19507747283,78966.19507747283
13,2011-12-16,2760346.71,0,validation,2185565.3688858366,574781.3411141634,574781.3411141634
14,2011-12-16,2594363.09,0,validation,2336398.866460079,257964.223539921,257964.223539921
15,2011-12-16,870415.49,0,validation,865363.3531956436,5052.136804356356,5052.136804356356
16,2011-12-16,679481.9,0,validation,743756.1194897874,-64274.219489787356,64274.219489787356
17,2011-12-16,1067754.06,0,validation,1061336.7800188106,6417.279981189407,6417.279981189407
18,2011-12-16,1516924.23,0,validation,1328802.3777257756,188121.8522742244,188121.8522742244
19,2011-12-16,1852179.15,0,validation,1692751.2907132965,159427.8592867034,159427.8592867034
20,2011-12-16,2762816.65,0,validation,2325483.131871204,437333.518128796,437333.518128796
21,2011-12-16,1027584.51,0,validation,1017665.3346102351,9919.175389764947,9919.175389764947
22,2011-12-16,1453153.33,0,validation,1269851.712089516,183301.61791048408,183301.61791048408
23,2011-12-16,2173621.2,0,validation,1614324.147800262,559297.0521997381,559297.0521997381
24,2011-12-16,1624994.43,0,validation,1572089.6860891546,52904.74391084537,52904.74391084537
25,2011-12-16,997502.47,0,validation,946291.8978125729,51210.57218742708,51210.57218742708
26,2011-12-16,1204807.83,0,validation,1236547.5870147415,-31739.757014741423,31739.757014741423
27,2011-12-16,2205919.86,0,validation,2038886.171782537,167033.68821746297,167033.68821746297
28,2011-12-16,1429954.66,0,validation,1550586.3030401745,-120631.64304017462,120631.64304017462
29,2011-12-16,736805.66,0,validation,790018.4501390036,-53212.79013900354,53212.79013900354
30,2011-12-16,441265.08,0,validation,690938.148139647,-249673.06813964696,249673.06813964696
31,2011-12-16,1611196.61,0,validation,1629484.3501396475,-18287.740139647387,18287.740139647387
32,2011-12-16,1556017.91,0,validation,1359272.9673445725,196744.94265542738,196744.94265542738
33,2011-12-16,259638.35,0,validation,489253.66616329656,-229615.31616329655,229615.31616329655
34,2011-12-16,1151052.86,0,validation,1141121.4983859668,9931.361614033347,9931.361614033347
35,2011-12-16,1115255.65,0,validation,1193097.2622657989,-77841.61226579896,77841.61226579896
36,2011-12-16,341503.92,0,validation,681854.0798703951,-340350.15987039515,340350.15987039515
37,2011-12-16,533905.67,0,validation,780848.48953698,-246942.81953698,246942.81953698
38,2011-12-16,404283.84,0,validation,580039.2977460567,-175755.45774605667,175755.45774605667
39,2011-12-16,1991824.05,0,validation,1642153.0636197797,349670.9863802204,349670.9863802204
40,2011-12-16,1198670.19,0,validation,1191263.4478746976,7406.74212530232,7406.74212530232
41,2011-12-16,1682368.32,0,validation,1443744.9824813763,238623.3375186238,238623.3375186238
42,2011-12-16,598437.98,0,validation,774414.9328035357,-175976.95280353574,175976.95280353574
43,2011-12-16,665007.08,0,validation,851213.3325373332,-186206.2525373333,186206.2525373333
44,2011-12-16,311144.16,0,validation,518926.9612068016,-207782.8012068016,207782.8012068016
45,2011-12-16,1078905.68,0,validation,1017592.8323424328,61312.84765756712,61312.84765756712
1,2011-12-23,2270188.99,0,validation,1756047.0455587762,514141.944441224,514141.944441224
2,2011-12-23,3224369.8,0,validation,2180978.1451295167,1043391.6548704831,1043391.6548704831
3,2011-12-23,551221.21,0,validation,651522.2274619933,-100301.01746199338,100301.01746199338
4,2011-12-23,3676388.98,0,validation,2273177.934153406,1403211.045846594,1403211.045846594
5,2011-12-23,458562.24,0,validation,565923.5995453651,-107361.35954536509,107361.35954536509
6,2011-12-23,2644633.02,0,validation,1817527.6969492598,827105.3230507402,827105.3230507402
7,2011-12-23,1059715.27,0,validation,783820.3385510959,275894.9314489041,275894.9314489041
8,2011-12-23,1462254.05,0,validation,1137288.2481167412,324965.80188325886,324965.80188325886
9,2011-12-23,905324.68,0,validation,774896.8561631839,130427.82383681613,130427.82383681613
10,2011-12-23,3487986.89,0,validation,2153384.8110397374,1334602.0789602627,1334602.0789602627
11,2011-12-23,2213518.5,0,validation,1599568.549845178,613949.9501548221,613949.9501548221
12,2011-12-23,1617612.03,0,validation,1240479.7895065057,377132.2404934943,377132.2404934943
13,2011-12-23,3556766.03,0,validation,2195706.657478637,1361059.3725213627,1361059.3725213627
14,2011-12-23,3369068.99,0,validation,2364573.0519106556,1004495.9380893447,1004495.9380893447
15,2011-12-23,1182691.87,0,validation,885029.9893822891,297661.880617711,297661.880617711
16,2011-12-23,950691.96,0,validation,758372.2681845824,192319.6918154176,192319.6918154176
17,2011-12-23,1289156.9,0,validation,1073663.0997724012,215493.80022759875,215493.80022759875
18,2011-12-23,1882393.4,0,validation,1350477.743015757,531915.6569842428,531915.6569842428
19,2011-12-23,2480159.47,0,validation,1711241.3716595168,768918.0983404834,768918.0983404834
20,2011-12-23,3555371.03,0,validation,2355766.7287791595,1199604.3012208403,1199604.3012208403
21,2011-12-23,1384552.17,0,validation,1027421.4112254828,357130.7587745171,357130.7587745171
22,2011-12-23,1863195.68,0,validation,1292834.6526621114,570361.0273378885,570361.0273378885
23,2011-12-23,2587953.32,0,validation,1620732.3081847243,967221.0118152755,967221.0118152755
24,2011-12-23,2168344.23,0,validation,1595930.292057309,572413.9379426909,572413.9379426909
25,2011-12-23,1290532.97,0,validation,977808.0764009738,312724.89359902614,312724.89359902614
26,2011-12-23,1515175.01,0,validation,1241499.059958677,273675.95004132297,273675.95004132297
27,2011-12-23,2739019.75,0,validation,2062689.7184728193,676330.0315271807,676330.0315271807
28,2011-12-23,1796203.51,0,validation,1576628.107624153,219575.4023758471,219575.4023758471
29,2011-12-23,1016637.39,0,validation,812982.4235494509,203654.96645054908,203654.96645054908
30,2011-12-23,492022.68,0,validation,700694.2247548949,-208671.54475489486,208671.54475489486
31,2011-12-23,2026176.14,0,validation,1639240.4267548954,386935.71324510453,386935.71324510453
32,2011-12-23,1959526.96,0,validation,1377951.0329408362,581575.9270591638,581575.9270591638
33,2011-12-23,256235.19,0,validation,513973.88370308623,-257738.69370308623,257738.69370308623
34,2011-12-23,1593655.96,0,validation,1162113.2754013785,431542.68459862145,431542.68459862145
35,2011-12-23,1550214.02,0,validation,1216900.8089560813,333313.21104391874,333313.21104391874
36,2011-12-23,325262.46,0,validation,695171.6891305954,-369909.2291305954,369909.2291305954
37,2011-12-23,605791.46,0,validation,793733.5663909388,-187942.10639093886,187942.10639093886
38,2011-12-23,419717.41,0,validation,606081.1023300351,-186363.6923300351,186363.6923300351
39,2011-12-23,2554482.84,0,validation,1652068.7391526648,902414.1008473351,902414.1008473351
40,2011-12-23,1601585.7,0,validation,1198007.7668992812,403577.9331007188,403577.9331007188
41,2011-12-23,2263722.68,0,validation,1464776.1585584902,798946.52144151,798946.52144151
42,2011-12-23,575676.13,0,validation,792468.003980915,-216791.87398091494,216791.87398091494
43,2011-12-23,676290.46,0,validation,868964.4582956125,-192673.99829561252,192673.99829561252
44,2011-12-23,376233.89,0,validation,529068.2497996019,-152834.35979960184,152834.35979960184
45,2011-12-23,1521957.99,0,validation,1045767.0177930093,476190.9722069907,476190.9722069907
1,2011-12-30,1497462.72,1,validation,1770664.0816209824,-273201.3616209824,273201.3616209824
2,2011-12-30,1874226.52,1,validation,2199290.383355429,-325063.8633554289,325063.8633554289
3,2011-12-30,410553.88,1,validation,661373.63062757,-250819.75062756997,250819.75062756997
4,2011-12-30,2007105.86,1,validation,2299572.3293467565,-292466.46934675635,292466.46934675635
5,2011-12-30,349624.88,1,validation,576903.0430912331,-227278.16309123312,227278.16309123312
6,2011-12-30,1598080.52,1,validation,1834285.0285265967,-236204.5085265967,236204.5085265967
7,2011-12-30,815915.52,1,validation,814915.7034828368,999.8165171631845,999.8165171631845
8,2011-12-30,858572.22,1,validation,1156356.3447546843,-297784.1247546843,297784.1247546843
9,2011-12-30,549788.36,1,validation,796235.3850609288,-246447.02506092878,246447.02506092878
10,2011-12-30,1930690.37,1,validation,2173980.9408455747,-243290.5708455746,243290.5708455746
11,2011-12-30,1352084.21,1,validation,1608551.5431904406,-256467.33319044067,256467.33319044067
12,2011-12-30,1111638.07,1,validation,1257378.174271006,-145740.10427100584,145740.10427100584
13,2011-12-30,1969056.91,1,validation,2235357.0378013565,-266300.1278013566,266300.1278013566
14,2011-12-30,1914148.89,1,validation,2375350.056278324,-461201.1662783243,461201.1662783243
15,2011-12-30,603460.79,1,validation,897439.6553590435,-293978.86535904347,293978.86535904347
16,2011-12-30,665861.06,1,validation,788767.30261607,-122906.24261606997,122906.24261606997
17,2011-12-30,777207.3,1,validation,1116675.0664963357,-339467.7664963356,339467.7664963356
18,2011-12-30,1010562.49,1,validation,1363443.9452044503,-352881.4552044503,352881.4552044503
19,2011-12-30,1405168.06,1,validation,1720989.781735309,-315821.7217353089,315821.7217353089
20,2011-12-30,2043245.0,1,validation,2368513.078504156,-325268.07850415586,325268.07850415586
21,2011-12-30,804362.36,1,validation,1047722.5880721139,-243360.22807211394,243360.22807211394
22,2011-12-30,982661.14,1,validation,1305455.6501528213,-322794.5101528213,322794.5101528213
23,2011-12-30,1213486.95,1,validation,1627871.760611311,-414384.8106113111,414384.8106113111
24,2011-12-30,1363973.16,1,validation,1608367.9712540733,-244394.8112540734,244394.8112540734
25,2011-12-30,683665.37,1,validation,989714.0295256666,-306048.6595256666,306048.6595256666
26,2011-12-30,972834.42,1,validation,1253596.8523270562,-280762.4323270562,280762.4323270562
27,2011-12-30,1650604.6,1,validation,2074418.0211114686,-423813.42111146846,423813.42111146846
28,2011-12-30,1270036.53,1,validation,1593526.492388653,-323489.9623886531,323489.9623886531
29,2011-12-30,551743.05,1,validation,825584.4538780125,-273841.40387801244,273841.40387801244
30,2011-12-30,376777.45,1,validation,720995.401601526,-344217.95160152594,344217.95160152594
31,2011-12-30,1355405.95,1,validation,1659541.6036015265,-304135.6536015265,304135.6536015265
32,2011-12-30,1102367.65,1,validation,1419271.2231762735,-316903.5731762736,316903.5731762736
33,2011-12-30,215359.21,1,validation,527986.9068065432,-312627.6968065433,312627.6968065433
34,2011-12-30,965512.36,1,validation,1175677.6158300901,-210165.25583009014,210165.25583009014
35,2011-12-30,904650.55,1,validation,1229386.0433056536,-324735.49330565357,324735.49330565357
36,2011-12-30,287425.22,1,validation,699913.5118711353,-412488.29187113536,412488.29187113536
37,2011-12-30,451327.61,1,validation,797862.6348893029,-346535.0248893029,346535.0248893029
38,2011-12-30,342667.35,1,validation,622979.4870945353,-280312.1370945353,280312.1370945353
39,2011-12-30,1537139.56,1,validation,1656561.9795111606,-119422.41951116058,119422.41951116058
40,2011-12-30,908853.15,1,validation,1204558.9417056553,-295705.7917056553,295705.7917056553
41,2011-12-30,1264014.16,1,validation,1510326.3450154571,-246312.18501545722,246312.18501545722
42,2011-12-30,454412.28,1,validation,813064.1337867519,-358651.85378675186,358651.85378675186
43,2011-12-30,505405.85,1,validation,890845.656902956,-385439.806902956,385439.806902956
44,2011-12-30,263917.85,1,validation,568718.6301223211,-304800.7801223211,304800.7801223211
45,2011-12-30,869403.63,1,validation,1056544.022160678,-187140.39216067793,187140.39216067793
1,2012-01-06,1550369.92,0,validation,1371360.7545008059,179009.16549919406,179009.16549919406
2,2012-01-06,1799520.14,0,validation,1790151.614170268,9368.525829731952,9368.525829731952
3,2012-01-06,398178.21,0,validation,257210.2988977792,140967.91110222082,140967.91110222082
4,2012-01-06,2047766.07,0,validation,1893080.3997267128,154685.67027328722,154685.67027328722
5,2012-01-06,312078.71,0,validation,173827.80897451553,138250.9010254845,138250.9010254845
6,2012-01-06,1395339.71,0,validation,1431214.5703288717,-35874.86032887176,35874.86032887176
7,2012-01-06,713117.66,0,validation,403289.04064940603,309828.619350594,309828.619350594
8,2012-01-06,872113.23,0,validation,758928.1103713971,113185.11962860287,113185.11962860287
9,2012-01-06,519585.67,0,validation,392665.2175603702,126920.45243962976,126920.45243962976
10,2012-01-06,1683401.78,0,validation,1787016.963021692,-103615.18302169186,103615.18302169186
11,2012-01-06,1283885.55,0,validation,1208450.1283621183,75435.42163788178,75435.42163788178
12,2012-01-06,945823.65,0,validation,871255.9392656881,74567.71073431196,74567.71073431196
13,2012-01-06,1865752.78,0,validation,1821132.8779694722,44619.902030527825,44619.902030527825
14,2012-01-06,1859144.96,0,validation,1947377.849955474,-88232.88995547406,88232.88995547406
15,2012-01-06,516087.65,0,validation,466042.1133238862,50045.53667611384,50045.53667611384
16,2012-01-06,564538.07,0,validation,370847.13081078813,193690.93918921181,193690.93918921181
17,2012-01-06,1198104.22,0,validation,696738.1578605217,501366.0621394783,501366.0621394783
18,2012-01-06,977286.07,0,validation,945166.803515621,32119.266484378953,32119.266484378953
19,2012-01-06,1266570.4,0,validation,1293486.0772815594,-26915.677281559445,26915.677281559445
20,2012-01-06,1964701.94,0,validation,1938425.7651712252,26276.17482877476,26276.17482877476
21,2012-01-06,640181.86,0,validation,640712.8236077229,-530.9636077228934,530.9636077228934
22,2012-01-06,895358.2,0,validation,880609.6072394367,14748.592760563246,14748.592760563246
23,2012-01-06,1150662.55,0,validation,1212128.1047509403,-61465.5547509403,61465.5547509403
24,2012-01-06,1251581.89,0,validation,1175387.644923768,76194.24507623189,76194.24507623189
25,2012-01-06,636419.12,0,validation,561699.6944734851,74719.42552651488,74719.42552651488
26,2012-01-06,971557.62,0,validation,843156.0032997892,128401.61670021084,128401.61670021084
27,2012-01-06,1535287.4,0,validation,1639989.7181734585,-104702.31817345857,104702.31817345857
28,2012-01-06,1466046.07,0,validation,1207404.2573833354,258641.81261666468,258641.81261666468
29,2012-01-06,469773.85,0,validation,404988.22551198886,64785.62448801112,64785.62448801112
30,2012-01-06,457030.86,0,validation,313985.6371371349,143045.22286286508,143045.22286286508
31,2012-01-06,1401232.52,0,validation,1252531.8391371353,148700.6808628647,148700.6808628647
32,2012-01-06,1099937.25,0,validation,1009465.4196435009,90471.83035649906,90471.83035649906
33,2012-01-06,267058.08,0,validation,138518.61365345004,128539.46634654998,128539.46634654998
34,2012-01-06,953844.85,0,validation,784379.0161647769,169465.8338352231,169465.8338352231
35,2012-01-06,671708.09,0,validation,798136.7789648188,-126428.68896481884,126428.68896481884
36,2012-01-06,329467.82,0,validation,310792.7658046754,18675.0541953246,18675.0541953246
37,2012-01-06,558343.57,0,validation,409859.2642056339,148484.30579436605,148484.30579436605
38,2012-01-06,478483.2,0,validation,236857.25208921754,241625.94791078247,241625.94791078247
39,2012-01-06,1478537.93,0,validation,1266625.6966467928,211912.23335320712,211912.23335320712
40,2012-01-06,954576.86,0,validation,795958.6569478671,158618.20305213286,158618.20305213286
41,2012-01-06,1208191.61,0,validation,1096406.4026773837,111785.20732261636,111785.20732261636
42,2012-01-06,636372.37,0,validation,426100.1559628693,210272.2140371307,210272.2140371307
43,2012-01-06,670993.01,0,validation,494545.3023026128,176447.7076973872,176447.7076973872
44,2012-01-06,325327.93,0,validation,154905.91912990762,170422.01087009237,170422.01087009237
45,2012-01-06,714081.05,0,validation,628571.8158378275,85509.23416217254,85509.23416217254
1,2012-01-13,1459601.17,0,validation,1389321.9450503378,70279.22494966211,70279.22494966211
2,2012-01-13,1744725.48,0,validation,1807325.8916818853,-62600.411681885365,62600.411681885365
3,2012-01-13,367438.62,0,validation,274972.01091509406,92466.60908490594,92466.60908490594
4,2012-01-13,1941676.61,0,validation,1900116.2902735285,41560.319726471556,41560.319726471556
5,2012-01-13,291454.52,0,validation,189355.97546814487,102098.54453185515,102098.54453185515
6,2012-01-13,1344243.17,0,validation,1443556.3944507292,-99313.22445072932,99313.22445072932
7,2012-01-13,593875.46,0,validation,386839.1491042125,207036.31089578744,207036.31089578744
8,2012-01-13,817661.76,0,validation,758621.6400684526,59040.11993154744,59040.11993154744
9,2012-01-13,474964.6,0,validation,397710.6337183416,77253.96628165839,77253.96628165839
10,2012-01-13,1711562.73,0,validation,1778551.595853566,-66988.86585356598,66988.86585356598
11,2012-01-13,1264736.59,0,validation,1224026.8092186432,40709.78078135685,40709.78078135685
12,2012-01-13,865467.86,0,validation,881836.216696618,-16368.356696618022,16368.356696618022
13,2012-01-13,1794962.64,0,validation,1812425.8100251798,-17463.17002517986,17463.17002517986
14,2012-01-13,1696248.27,0,validation,1980832.2424833914,-284583.9724833914,284583.9724833914
15,2012-01-13,454183.42,0,validation,500769.2980624323,-46585.87806243234,46585.87806243234
16,2012-01-13,508520.09,0,validation,366358.88420991926,142161.20579008077,142161.20579008077
17,2012-01-13,873576.96,0,validation,690356.18717707,183220.77282293,183220.77282293
18,2012-01-13,890130.25,0,validation,974287.4244736616,-84157.17447366158,84157.17447366158
19,2012-01-13,1182198.7,0,validation,1326028.2308593155,-143829.53085931554,143829.53085931554
20,2012-01-13,1911510.64,0,validation,1969451.426520404,-57940.78652040404,57940.78652040404
21,2012-01-13,631181.25,0,validation,651332.0076369706,-20150.757636970608,20150.757636970608
22,2012-01-13,855437.57,0,validation,910897.7373800408,-55460.16738004086,55460.16738004086
23,2012-01-13,1031451.35,0,validation,1241865.0165492038,-210413.6665492038,210413.6665492038
24,2012-01-13,1155594.2,0,validation,1203447.6832999038,-47853.483299903804,47853.483299903804
25,2012-01-13,614764.31,0,validation,592725.3558226638,22038.9541773363,22038.9541773363
26,2012-01-13,836305.65,0,validation,868438.8131164423,-32133.163116442272,32133.163116442272
27,2012-01-13,1492399.13,0,validation,1673279.1826336263,-180880.0526336264,180880.0526336264
28,2012-01-13,1161190.29,0,validation,1217984.534814265,-56794.244814265054,56794.244814265054
29,2012-01-13,444756.37,0,validation,435257.38849044463,9498.981509555364,9498.981509555364
30,2012-01-13,447023.91,0,validation,324604.82116638275,122419.08883361722,122419.08883361722
31,2012-01-13,1377485.12,0,validation,1263151.023166383,114334.0968336172,114334.0968336172
32,2012-01-13,1071598.36,0,validation,1002680.0890018014,68918.27099819866,68918.27099819866
33,2012-01-13,279447.22,0,validation,137168.6043678961,142278.61563210387,142278.61563210387
34,2012-01-13,913755.12,0,validation,796541.325973446,117213.79402655398,117213.79402655398
35,2012-01-13,625135.11,0,validation,831786.6870968547,-206651.5770968547,206651.5770968547
36,2012-01-13,325976.34,0,validation,328323.30954465084,-2346.969544650812,2346.969544650812
37,2012-01-13,546221.4,0,validation,426632.87623468623,119588.52376531379,119588.52376531379
38,2012-01-13,423260.82,0,validation,247437.52952014748,175823.29047985253,175823.29047985253
39,2012-01-13,1369125.37,0,validation,1282642.9517355717,86482.41826442839,86482.41826442839
40,2012-01-13,780607.52,0,validation,821241.4667645204,-40633.94676452037,40633.94676452037
41,2012-01-13,1134767.28,0,validation,1084130.4809136994,50636.799086300656,50636.799086300656
42,2012-01-13,664348.2,0,validation,417634.78879474325,246713.4112052567,246713.4112052567
43,2012-01-13,663529.64,0,validation,502850.6700139269,160678.9699860731,160678.9699860731
44,2012-01-13,312361.88,0,validation,146198.85118561517,166163.02881438483,166163.02881438483
45,2012-01-13,676615.53,0,validation,662026.2083657451,14589.321634254884,14589.321634254884
1,2012-01-20,1394393.84,0,validation,1417590.8945939515,-23197.05459395144,23197.05459395144
2,2012-01-20,1711769.11,0,validation,1835958.3114821236,-124189.20148212346,124189.20148212346
3,2012-01-20,365818.61,0,validation,299774.11494692194,66044.49505307805,66044.49505307805
4,2012-01-20,2005097.76,0,validation,1934088.0630632043,71009.69693679572,71009.69693679572
5,2012-01-20,287523.98,0,validation,218214.34081087168,69309.6391891283,69309.6391891283
6,2012-01-20,1326255.7,0,validation,1475918.388817714,-149662.6888177141,149662.6888177141
7,2012-01-20,578002.85,0,validation,454086.34712370485,123916.50287629513,123916.50287629513
8,2012-01-20,813954.82,0,validation,800259.7842989184,13695.035701081506,13695.035701081506
9,2012-01-20,480130.04,0,validation,435903.5273026207,44226.51269737928,44226.51269737928
10,2012-01-20,1675562.94,0,validation,1807077.5314223357,-131514.5914223357,131514.5914223357
11,2012-01-20,1207303.29,0,validation,1245999.5780294482,-38696.28802944813,38696.28802944813
12,2012-01-20,855922.64,0,validation,888803.0538063144,-32880.41380631435,32880.41380631435
13,2012-01-20,1811606.21,0,validation,1844087.9730777186,-32481.76307771867,32481.76307771867
14,2012-01-20,1789113.32,0,validation,1967813.0671227102,-178699.7471227101,178699.7471227101
15,2012-01-20,492721.85,0,validation,472955.63120365934,19766.218796340632,19766.218796340632
16,2012-01-20,474389.75,0,validation,405032.5978190813,69357.15218091873,69357.15218091873
17,2012-01-20,809272.65,0,validation,721682.1915894875,87590.45841051254,87590.45841051254
18,2012-01-20,937522.77,0,validation,956453.9203150212,-18931.150315021165,18931.150315021165
19,2012-01-20,1237104.73,0,validation,1301660.1900617883,-64555.460061788326,64555.460061788326
20,2012-01-20,1892775.94,0,validation,1954161.261992813,-61385.321992813144,61385.321992813144
21,2012-01-20,651178.2,0,validation,684166.4104387276,-32988.210438727634,32988.210438727634
22,2012-01-20,897027.44,0,validation,896455.6775974187,571.7624025812838,571.7624025812838
23,2012-01-20,1146992.13,0,validation,1218120.7229684265,-71128.59296842664,71128.59296842664
24,2012-01-20,1151993.85,0,validation,1187119.4366452834,-35125.58664528327,35125.58664528327
25,2012-01-20,594744.89,0,validation,575782.4113144756,18962.47868552443,18962.47868552443
26,2012-01-20,838751.5,0,validation,852622.2607985312,-13870.760798531235,13870.760798531235
27,2012-01-20,1542131.05,0,validation,1656448.5427736163,-114317.49277361622,114317.49277361622
28,2012-01-20,1129540.48,0,validation,1224951.3719239617,-95410.8919239617,95410.8919239617
29,2012-01-20,446863.31,0,validation,420813.48395302973,26049.826046970265,26049.826046970265
30,2012-01-20,438760.62,0,validation,357439.2239681396,81321.39603186038,81321.39603186038
31,2012-01-20,1372504.9,0,validation,1295985.4259681401,76519.47403185978,76519.47403185978
32,2012-01-20,1080012.04,0,validation,1036087.3172490598,43924.722750940244,43924.722750940244
33,2012-01-20,244899.2,0,validation,159727.724074509,85171.47592549102,85171.47592549102
34,2012-01-20,910899.05,0,validation,823817.9391807013,87081.11081929877,87081.11081929877
35,2012-01-20,669850.04,0,validation,814271.2042602951,-144421.1642602951,144421.1642602951
36,2012-01-20,330927.21,0,validation,348805.10285198956,-17877.89285198954,17877.89285198954
37,2012-01-20,543894.07,0,validation,446610.04840140976,97284.02159859019,97284.02159859019
38,2012-01-20,405215.91,0,validation,254404.36662984383,150811.54337015614,150811.54337015614
39,2012-01-20,1394841.03,0,validation,1304749.1286230648,90091.90137693519,90091.90137693519
40,2012-01-20,811365.42,0,validation,801082.8653450394,10282.554654960637,10282.554654960637
41,2012-01-20,1116295.24,0,validation,1106892.685557109,9402.55444289092,9402.55444289092
42,2012-01-20,579499.93,0,validation,446160.72436351306,133339.205636487,133339.205636487
43,2012-01-20,619225.65,0,validation,540787.5639669882,78438.08603301179,78438.08603301179
44,2012-01-20,316948.39,0,validation,177861.01423815417,139087.37576184585,139087.37576184585
45,2012-01-20,700392.21,0,validation,649007.0330050639,51385.176994936075,51385.176994936075
1,2012-01-27,1319325.59,0,validation,1428267.90428722,-108942.3142872199,108942.3142872199
2,2012-01-27,1660906.14,0,validation,1842852.8348705173,-181946.69487051736,181946.69487051736
3,2012-01-27,349518.1,0,validation,315248.1790313921,34269.92096860788,34269.92096860788
4,2012-01-27,1928720.51,0,validation,1938890.213400959,-10169.703400959028,10169.703400959028
5,2012-01-27,295974.22,0,validation,228416.26394286845,67557.95605713152,67557.95605713152
6,2012-01-27,1315610.66,0,validation,1482200.4371740469,-166589.77717404696,166589.77717404696
7,2012-01-27,541037.98,0,validation,461277.2914485235,79760.68855147646,79760.68855147646
8,2012-01-27,778178.53,0,validation,806909.7790527497,-28731.249052749714,28731.249052749714
9,2012-01-27,482451.21,0,validation,440060.72089060955,42390.48910939047,42390.48910939047
10,2012-01-27,1632406.0,0,validation,1814216.7299465877,-181810.7299465877,181810.7299465877
11,2012-01-27,1162675.85,0,validation,1261669.7346539893,-98993.88465398923,98993.88465398923
12,2012-01-27,888203.69,0,validation,910369.060635782,-22165.37063578202,22165.37063578202
13,2012-01-27,1733983.09,0,validation,1858170.3387957856,-124187.24879578548,124187.24879578548
14,2012-01-27,1595362.27,0,validation,1995545.4585428406,-400183.18854284054,400183.18854284054
15,2012-01-27,466045.63,0,validation,510180.41710935265,-44134.78710935265,44134.78710935265
16,2012-01-27,453979.19,0,validation,410486.72250327223,43492.46749672777,43492.46749672777
17,2012-01-27,769522.33,0,validation,738902.0379486887,30620.292051311233,30620.292051311233
18,2012-01-27,825584.22,0,validation,984386.1567343124,-158801.93673431245,158801.93673431245
19,2012-01-27,1279623.26,0,validation,1337456.3017469652,-57833.041746965144,57833.041746965144
20,2012-01-27,1761016.51,0,validation,1991584.3086931203,-230567.79869312025,230567.79869312025
21,2012-01-27,611258.71,0,validation,690444.6429868988,-79185.93298689881,79185.93298689881
22,2012-01-27,786459.23,0,validation,925174.128931786,-138714.89893178607,138714.89893178607
23,2012-01-27,1037476.38,0,validation,1257650.4324719105,-220174.0524719105,220174.0524719105
24,2012-01-27,1057290.41,0,validation,1215127.8731676445,-157837.46316764457,157837.46316764457
25,2012-01-27,589554.29,0,validation,609927.9112735977,-20373.621273597702,20373.621273597702
26,2012-01-27,820059.89,0,validation,888118.0666205566,-68058.17662055662,68058.17662055662
27,2012-01-27,1263534.86,0,validation,1685635.3792911957,-422100.51929119555,422100.51929119555
28,2012-01-27,1132948.48,0,validation,1246517.378753429,-113568.89875342906,113568.89875342906
29,2012-01-27,395987.24,0,validation,449530.0905326044,-53542.85053260438,53542.85053260438
30,2012-01-27,433037.66,0,validation,363717.4565163107,69320.20348368929,69320.20348368929
31,2012-01-27,1259941.48,0,validation,1302263.658516311,-42322.178516311105,42322.178516311105
32,2012-01-27,1051864.6,0,validation,1044174.6846142026,7689.915385797503,7689.915385797503
33,2012-01-27,236920.49,0,validation,170396.588320037,66523.90167996299,66523.90167996299
34,2012-01-27,872450.37,0,validation,835091.1433407954,37359.22665920458,37359.22665920458
35,2012-01-27,588722.99,0,validation,843530.1295122482,-254807.13951224822,254807.13951224822
36,2012-01-27,301444.94,0,validation,370367.8231300813,-68922.88313008129,68922.88313008129
37,2012-01-27,514116.58,0,validation,467596.0588045126,46520.52119548741,46520.52119548741
38,2012-01-27,412882.31,0,validation,275970.37345931143,136911.93654068856,136911.93654068856
39,2012-01-27,1320301.61,0,validation,1322317.5261849323,-2015.9161849322263,2015.9161849322263
40,2012-01-27,770157.29,0,validation,836438.6050670143,-66281.31506701431,66281.31506701431
41,2012-01-27,1079398.81,0,validation,1119966.4060840546,-40567.59608405456,40567.59608405456
42,2012-01-27,538978.67,0,validation,453299.9228877651,85678.74711223494,85678.74711223494
43,2012-01-27,587685.38,0,validation,549282.9260054204,38402.45399457961,38402.45399457961
44,2012-01-27,308295.38,0,validation,191943.37995622132,116352.00004377868,116352.00004377868
45,2012-01-27,624081.64,0,validation,676739.4244251945,-52657.78442519449,52657.78442519449
1,2012-02-03,1636339.65,0,validation,1517936.0012817685,118403.64871823136,118403.64871823136
2,2012-02-03,1935299.94,0,validation,1939299.4290067705,-3999.489006770542,3999.489006770542
3,2012-02-03,424960.66,0,validation,402065.72085713875,22894.93914286123,22894.93914286123
4,2012-02-03,2173373.91,0,validation,2025840.9137539612,147532.99624603894,147532.99624603894
5,2012-02-03,333948.0,0,validation,319290.06707951415,14657.932920485851,14657.932920485851
6,2012-02-03,1496305.78,0,validation,1575261.2484917133,-78955.46849171328,78955.46849171328
7,2012-02-03,580453.32,0,validation,528357.2693523513,52096.05064764863,52096.05064764863
8,2012-02-03,927610.69,0,validation,890281.7902870408,37328.89971295919,37328.89971295919
9,2012-02-03,549967.89,0,validation,537467.7307650335,12500.1592349665,12500.1592349665
10,2012-02-03,1867403.01,0,validation,1899033.0610527582,-31630.051052758237,31630.051052758237
11,2012-02-03,1376732.18,0,validation,1350196.082900354,26536.097099645995,26536.097099645995
12,2012-02-03,1058767.95,0,validation,992204.334701505,66563.61529849493,66563.61529849493
13,2012-02-03,1927780.74,0,validation,1931089.186160895,-3308.4461608950514,3308.4461608950514
14,2012-02-03,1877410.36,0,validation,2092179.3003310426,-214768.9403310425,214768.9403310425
15,2012-02-03,523831.64,0,validation,605497.8539153596,-81666.21391535958,81666.21391535958
16,2012-02-03,475905.1,0,validation,483337.4237291864,-7432.323729186435,7432.323729186435
17,2012-02-03,864852.85,0,validation,809579.8277129879,55273.02228701208,55273.02228701208
18,2012-02-03,1049772.04,0,validation,1087623.4952462253,-37851.45524622523,37851.45524622523
19,2012-02-03,1345311.65,0,validation,1431036.9189123441,-85725.26891234424,85725.26891234424
20,2012-02-03,2203523.2,0,validation,2081801.2042556754,121721.99574432475,121721.99574432475
21,2012-02-03,680725.43,0,validation,787815.6733834861,-107090.24338348606,107090.24338348606
22,2012-02-03,958487.75,0,validation,1022026.297538944,-63538.547538944054,63538.547538944054
23,2012-02-03,1261872.67,0,validation,1351979.5670206028,-90106.89702060283,90106.89702060283
24,2012-02-03,1249696.97,0,validation,1316776.2976959404,-67079.32769594039,67079.32769594039
25,2012-02-03,642776.4,0,validation,700144.8068361529,-57368.40683615289,57368.40683615289
26,2012-02-03,939158.25,0,validation,974267.3409262919,-35109.09092629189,35109.09092629189
27,2012-02-03,1564246.02,0,validation,1784120.1542159012,-219874.13421590114,219874.13421590114
28,2012-02-03,1531599.44,0,validation,1328352.6528191522,203246.78718084772,203246.78718084772
29,2012-02-03,493159.35,0,validation,546380.4148822082,-53221.064882208244,53221.064882208244
30,2012-02-03,434080.74,0,validation,461088.48691289814,-27007.746912898147,27007.746912898147
31,2012-02-03,1391479.91,0,validation,1399634.6889128985,-8154.778912898619,8154.778912898619
32,2012-02-03,1156826.31,0,validation,1122235.8447620003,34590.4652379998,34590.4652379998
33,2012-02-03,256091.32,0,validation,255044.84010614688,1046.4798938531312,1046.4798938531312
34,2012-02-03,939367.14,0,validation,914562.3139510934,24804.82604890666,24804.82604890666
35,2012-02-03,746901.03,0,validation,941690.5051322726,-194789.47513227258,194789.47513227258
36,2012-02-03,310982.87,0,validation,451068.86413733696,-140085.99413733697,140085.99413733697
37,2012-02-03,555424.24,0,validation,546927.4138586697,8496.826141330297,8496.826141330297
38,2012-02-03,457711.68,0,validation,357805.6475250345,99906.0324749655,99906.0324749655
39,2012-02-03,1396150.15,0,validation,1405682.7849205476,-9532.634920547716,9532.634920547716
40,2012-02-03,979552.34,0,validation,933428.9955166688,46123.344483331195,46123.344483331195
41,2012-02-03,1208825.6,0,validation,1196010.6143911232,12814.985608876916,12814.985608876916
42,2012-02-03,588448.21,0,validation,538116.2539939357,50331.95600606431,50331.95600606431
43,2012-02-03,629176.71,0,validation,632007.1279434105,-2830.4179434105754,2830.4179434105754
44,2012-02-03,325986.05,0,validation,264862.22732133046,61123.82267866953,61123.82267866953
45,2012-02-03,757330.95,0,validation,773373.2662133966,-16042.31621339661,16042.31621339661
1,2012-02-10,1802477.43,1,validation,1501874.5870077705,300602.8429922294,300602.8429922294
2,2012-02-10,2103322.68,1,validation,1924077.709729569,179244.97027043113,179244.97027043113
3,2012-02-10,473292.47,1,validation,388392.2240534717,84900.24594652827,84900.24594652827
4,2012-02-10,2374660.64,1,validation,2008995.398199549,365665.2418004512,365665.2418004512
5,2012-02-10,349239.88,1,validation,302529.4604841636,46710.4195158364,46710.4195158364
6,2012-02-10,1620603.92,1,validation,1558250.4994392637,62353.42056073621,62353.42056073621
7,2012-02-10,563460.77,1,validation,527236.182138578,36224.587861421984,36224.587861421984
8,2012-02-10,1021400.42,1,validation,870529.5197137273,150870.90028627275,150870.90028627275
9,2012-02-10,609736.12,1,validation,516175.10900346027,93561.01099653973,93561.01099653973
10,2012-02-10,2218595.8,1,validation,1908127.1244829244,310468.67551707546,310468.67551707546
11,2012-02-10,1574287.76,1,validation,1335598.1498363526,238689.61016364745,238689.61016364745
12,2012-02-10,1199330.85,1,validation,1003439.0585718148,195891.7914281853,195891.7914281853
13,2012-02-10,2069284.57,1,validation,1944829.6123084123,124454.95769158774,124454.95769158774
14,2012-02-10,2077256.24,1,validation,2082391.1394101672,-5134.899410167243,5134.899410167243
15,2012-02-10,628218.22,1,validation,603201.3900211257,25016.829978874302,25016.829978874302
16,2012-02-10,473766.97,1,validation,486614.4120570028,-12847.442057002801,12847.442057002801
17,2012-02-10,880165.7,1,validation,809397.6835154719,70768.01648452808,70768.01648452808
18,2012-02-10,1161615.51,1,validation,1081116.825613079,80498.68438692112,80498.68438692112
19,2012-02-10,1499496.67,1,validation,1428124.1641778874,71372.50582211255,71372.50582211255
20,2012-02-10,2462978.28,1,validation,2070610.4639882043,392367.81601179554,392367.81601179554
21,2012-02-10,770652.79,1,validation,769568.5263451908,1084.2636548092123,1084.2636548092123
22,2012-02-10,1034448.07,1,validation,1015213.3272404793,19234.742759520654,19234.742759520654
23,2012-02-10,1358444.07,1,validation,1350179.1183491577,8264.951650842326,8264.951650842326
24,2012-02-10,1403460.87,1,validation,1310557.9830002885,92902.88699971163,92902.88699971163
25,2012-02-10,658984.38,1,validation,700019.2884726822,-41034.90847268223,41034.90847268223
26,2012-02-10,1081005.64,1,validation,977397.2189766294,103608.42102337047,103608.42102337047
27,2012-02-10,1651605.35,1,validation,1778267.856135174,-126662.50613517384,126662.50613517384
28,2012-02-10,1572966.15,1,validation,1339587.376689462,233378.77331053792,233378.77331053792
29,2012-02-10,545840.05,1,validation,539565.5998289506,6274.4501710494515,6274.4501710494515
30,2012-02-10,451365.99,1,validation,442841.33987460285,8524.650125397136,8524.650125397136
31,2012-02-10,1527688.58,1,validation,1381387.5418746034,146301.0381253967,146301.0381253967
32,2012-02-10,1129422.86,1,validation,1095510.6744589705,33912.185541029554,33912.185541029554
33,2012-02-10,282552.58,1,validation,268424.92619786237,14127.653802137647,14127.653802137647
34,2012-02-10,1047658.09,1,validation,916961.8805436386,130696.20945636136,130696.20945636136
35,2012-02-10,849779.14,1,validation,935585.8964812375,-85806.75648123748,85806.75648123748
36,2012-02-10,335741.9,1,validation,439453.4648536636,-103711.56485366356,103711.56485366356
37,2012-02-10,527041.46,1,validation,535600.3695124908,-8558.909512490849,8558.909512490849
38,2012-02-10,469787.38,1,validation,369040.37139534415,100747.00860465586,100747.00860465586
39,2012-02-10,1442988.44,1,validation,1391666.4714533966,51321.96854660334,51321.96854660334
40,2012-02-10,999785.48,1,validation,929303.4495843833,70482.0304156167,70482.0304156167
41,2012-02-10,1238844.56,1,validation,1177409.2778910303,61435.28210896975,61435.28210896975
42,2012-02-10,674919.45,1,validation,547210.3174241015,127709.13257589843,127709.13257589843
43,2012-02-10,662198.65,1,validation,624745.2477613079,37453.40223869216,37453.40223869216
44,2012-02-10,325377.97,1,validation,278602.65346884774,46775.31653115223,46775.31653115223
45,2012-02-10,803657.12,1,validation,763585.105292521,40072.014707479044,40072.014707479044
1,2012-02-17,1819870.0,0,validation,1495588.682315593,324281.3176844071,324281.3176844071
2,2012-02-17,2196688.46,0,validation,1916501.7633783626,280186.6966216373,280186.6966216373
3,2012-02-17,475591.08,0,validation,391756.74994338,83834.33005662,83834.33005662
4,2012-02-17,2427640.17,0,validation,2012469.9883013288,415170.1816986711,415170.1816986711
5,2012-02-17,356427.98,0,validation,302913.02823604585,53514.95176395413,53514.95176395413
6,2012-02-17,1632616.09,0,validation,1560795.1237029305,71820.96629706956,71820.96629706956
7,2012-02-17,620908.18,0,validation,547636.4068797603,73271.77312023973,73271.77312023973
8,2012-02-17,1096232.89,0,validation,876863.6413449582,219369.24865504168,219369.24865504168
9,2012-02-17,658965.05,0,validation,516851.3274316333,142113.72256836673,142113.72256836673
10,2012-02-17,2168709.76,0,validation,1902928.9925365723,265780.7674634275,265780.7674634275
11,2012-02-17,1569607.94,0,validation,1338402.4113260584,231205.5286739415,231205.5286739415
12,2012-02-17,1240048.85,0,validation,1001434.4337066173,238614.41629338276,238614.41629338276
13,2012-02-17,2214477.06,0,validation,1950078.878704106,264398.1812958941,264398.1812958941
14,2012-02-17,2020550.99,0,validation,2081462.7661853507,-60911.776185350725,60911.776185350725
15,2012-02-17,598502.83,0,validation,597603.6889594122,899.1410405877978,899.1410405877978
16,2012-02-17,494069.49,0,validation,504941.65851743554,-10872.168517435552,10872.168517435552
17,2012-02-17,927084.65,0,validation,826664.6212955102,100420.02870448981,100420.02870448981
18,2012-02-17,1115985.81,0,validation,1080253.3587330768,35732.45126692322,35732.45126692322
19,2012-02-17,1424720.27,0,validation,1422498.4498961638,2221.820103836246,2221.820103836246
20,2012-02-17,2309025.16,0,validation,2063589.2156208116,245435.9443791886,245435.9443791886
21,2012-02-17,834663.52,0,validation,766670.7877356759,67992.73226432409,67992.73226432409
22,2012-02-17,1004749.41,0,validation,1015846.594689677,-11097.184689676971,11097.184689676971
23,2012-02-17,1365546.69,0,validation,1350352.1406095305,15194.549390469445,15194.549390469445
24,2012-02-17,1326370.08,0,validation,1309862.5954403472,16507.48455965286,16507.48455965286
25,2012-02-17,654088.02,0,validation,698936.8427474366,-44848.822747436585,44848.822747436585
26,2012-02-17,965788.76,0,validation,976449.7124365971,-10660.952436597086,10660.952436597086
27,2012-02-17,1606221.56,0,validation,1775567.5504031663,-169345.99040316627,169345.99040316627
28,2012-02-17,1501503.68,0,validation,1337582.7518242644,163920.92817573552,163920.92817573552
29,2012-02-17,559606.91,0,validation,540186.8336094853,19420.076390514732,19420.076390514732
30,2012-02-17,435109.11,0,validation,439943.60126508796,-4834.4912650879705,4834.4912650879705
31,2012-02-17,1570813.52,0,validation,1378489.8032650885,192323.71673491155,192323.71673491155
32,2012-02-17,1243812.59,0,validation,1095405.2221527393,148407.3678472608,148407.3678472608
33,2012-02-17,266300.98,0,validation,261742.09359097376,4558.886409026221,4558.886409026221
34,2012-02-17,1123446.51,0,validation,918643.6245647707,204802.88543522928,204802.88543522928
35,2012-02-17,824568.39,0,validation,933137.9013195377,-108569.51131953765,108569.51131953765
36,2012-02-17,326316.73,0,validation,438256.0916078397,-111939.3616078397,111939.3616078397
37,2012-02-17,541071.29,0,validation,536565.658297875,4505.6317021250725,4505.6317021250725
38,2012-02-17,415513.97,0,validation,367035.7465301467,48478.223469853285,48478.223469853285
39,2012-02-17,1511041.69,0,validation,1392547.7205787504,118493.96942124958,118493.96942124958
40,2012-02-17,975500.87,0,validation,932922.0979060017,42578.77209399827,42578.77209399827
41,2012-02-17,1330451.46,0,validation,1176183.296784394,154268.163215606,154268.163215606
42,2012-02-17,606671.5,0,validation,542012.1854777497,64659.31452225032,64659.31452225032
43,2012-02-17,660632.05,0,validation,633938.1151670404,26693.93483295967,26693.93483295967
44,2012-02-17,320691.21,0,validation,283851.9198645415,36839.29013545852,36839.29013545852
45,2012-02-17,858853.75,0,validation,762656.7320677044,96197.01793229557,96197.01793229557
1,2012-02-24,1539387.83,0,validation,1528139.2974289043,11248.53257109574,11248.53257109574
2,2012-02-24,1861802.7,0,validation,1945912.915360686,-84110.21536068595,84110.21536068595
3,2012-02-24,418925.47,0,validation,412561.01202496025,6364.457975039724,6364.457975039724
4,2012-02-24,2226662.17,0,validation,2031079.7828165647,195582.38718343526,195582.38718343526
5,2012-02-24,312220.47,0,validation,328659.6470254407,-16439.17702544073,16439.17702544073
6,2012-02-24,1465187.71,0,validation,1588340.1745501542,-123152.46455015428,123152.46455015428
7,2012-02-24,603041.14,0,validation,537365.5789017915,65675.56109820853,65675.56109820853
8,2012-02-24,928537.54,0,validation,900721.612916426,27815.927083574003,27815.927083574003
9,2012-02-24,563578.79,0,validation,543623.7354883276,19955.054511672468,19955.054511672468
10,2012-02-24,2039415.74,0,validation,1911277.2546361252,128138.48536387482,128138.48536387482
11,2012-02-24,1379473.03,0,validation,1360915.4798282562,18557.550171743846,18557.550171743846
12,2012-02-24,1112034.72,0,validation,1008185.9422655927,103848.77773440722,103848.77773440722
13,2012-02-24,1929768.03,0,validation,1944616.711312816,-14848.681312815985,14848.681312815985
14,2012-02-24,1875040.16,0,validation,2097161.6051184908,-222121.44511849084,222121.44511849084
15,2012-02-24,561137.06,0,validation,604204.0970173735,-43067.037017373485,43067.037017373485
16,2012-02-24,495720.3,0,validation,488059.71061707684,7660.58938292315,7660.58938292315
17,2012-02-24,843864.43,0,validation,822435.035584666,21429.3944153341,21429.3944153341
18,2012-02-24,1037861.11,0,validation,1088574.7157275293,-50713.60572752927,50713.60572752927
19,2012-02-24,1352470.09,0,validation,1429210.9108341655,-76740.82083416544,76740.82083416544
20,2012-02-24,2045837.55,0,validation,2086940.6048928695,-41103.05489286943,41103.05489286943
21,2012-02-24,747099.07,0,validation,793196.578056956,-46097.508056955994,46097.508056955994
22,2012-02-24,912958.95,0,validation,1022170.675073156,-109211.72507315606,109211.72507315606
23,2012-02-24,1272948.27,0,validation,1360466.3436846312,-87518.07368463115,87518.07368463115
24,2012-02-24,1303233.15,0,validation,1317891.6777188252,-14658.527718825266,14658.527718825266
25,2012-02-24,613501.05,0,validation,707161.0932140253,-93660.04321402521,93660.04321402521
26,2012-02-24,917924.47,0,validation,986703.9816117481,-68779.51161174814,68779.51161174814
27,2012-02-24,1648602.39,0,validation,1786613.7224524836,-138011.3324524837,138011.3324524837
28,2012-02-24,1323487.91,0,validation,1344334.26038324,-20846.35038324003,20846.35038324003
29,2012-02-24,488782.63,0,validation,546491.2387632085,-57708.6087632085,57708.6087632085
30,2012-02-24,425215.71,0,validation,466469.391586368,-41253.68158636795,41253.68158636795
31,2012-02-24,1392543.37,0,validation,1405015.5935863683,-12472.223586368142,12472.223586368142
32,2012-02-24,1091822.72,0,validation,1118105.9541266907,-26283.234126690775,26283.234126690775
33,2012-02-24,242526.7,0,validation,269277.9723102326,-26751.27231023257,26751.27231023257
34,2012-02-24,950154.24,0,validation,924703.4965154694,25450.743484530598,25450.743484530598
35,2012-02-24,805028.74,0,validation,944220.1177360419,-139191.3777360419,139191.3777360419
36,2012-02-24,313270.45,0,validation,459385.8694363865,-146115.4194363865,146115.4194363865
37,2012-02-24,518696.89,0,validation,557623.3473920486,-38926.457392048556,38926.457392048556
38,2012-02-24,409411.61,0,validation,373787.2550891221,35624.35491087788,35624.35491087788
39,2012-02-24,1412065.04,0,validation,1415062.0971134505,-2997.057113450486,2997.057113450486
40,2012-02-24,919301.81,0,validation,943624.5786013149,-24322.768601314863,24322.768601314863
41,2012-02-24,1224915.66,0,validation,1188295.0315945172,36620.62840548274,36620.62840548274
42,2012-02-24,564304.15,0,validation,550360.4475773023,13943.70242269768,13943.70242269768
43,2012-02-24,613042.97,0,validation,644641.9506507526,-31598.980650752666,31598.980650752666
44,2012-02-24,315641.8,0,validation,278389.75247325166,37252.04752674833,37252.04752674833
45,2012-02-24,753060.78,0,validation,778355.5710008444,-25294.79100084433,25294.79100084433
1,2012-03-02,1688420.76,0,validation,1478665.5435578758,209755.21644212422,209755.21644212422
2,2012-03-02,1952555.66,0,validation,1897697.7734030206,54857.88659697934,54857.88659697934
3,2012-03-02,469752.56,0,validation,356999.5755642466,112752.98443575337,112752.98443575337
4,2012-03-02,2206319.9,0,validation,1996154.6530977606,210165.24690223928,210165.24690223928
5,2012-03-02,359206.21,0,validation,276948.05218938494,82258.15781061508,82258.15781061508
6,2012-03-02,1550385.65,0,validation,1531703.8384722588,18681.81152774114,18681.81152774114
7,2012-03-02,551058.13,0,validation,468253.760362645,82804.36963735498,82804.36963735498
8,2012-03-02,952264.91,0,validation,853816.5299476254,98448.38005237468,98448.38005237468
9,2012-03-02,619498.28,0,validation,493666.27264535776,125832.00735464226,125832.00735464226
10,2012-03-02,1990371.02,0,validation,1850163.771960482,140207.24803951802,140207.24803951802
11,2012-03-02,1438383.44,0,validation,1305270.003707512,133113.4362924879,133113.4362924879
12,2012-03-02,1147636.96,0,validation,950850.3401547526,196786.61984524736,196786.61984524736
13,2012-03-02,1969742.76,0,validation,1876508.441578317,93234.31842168304,93234.31842168304
14,2012-03-02,1926004.99,0,validation,2033465.397472524,-107460.4074725241,107460.4074725241
15,2012-03-02,541292.64,0,validation,543542.9119433542,-2250.2719433541643,2250.2719433541643
16,2012-03-02,464189.09,0,validation,418835.8391978899,45353.250802110124,45353.250802110124
17,2012-03-02,856178.47,0,validation,752337.8272294477,103840.64277055231,103840.64277055231
18,2012-03-02,1047178.91,0,validation,1020402.2595025323,26776.650497467723,26776.650497467723
19,2012-03-02,1308977.05,0,validation,1370958.8626810173,-61981.81268101721,61981.81268101721
20,2012-03-02,2148822.76,0,validation,2027619.4018391124,121203.35816088738,121203.35816088738
21,2012-03-02,764385.4,0,validation,745905.8723596248,18479.527640375192,18479.527640375192
22,2012-03-02,974866.65,0,validation,957435.506421912,17431.143578088027,17431.143578088027
23,2012-03-02,1322852.2,0,validation,1285402.6353371427,37449.564662857214,37449.564662857214
24,2012-03-02,1213994.39,0,validation,1251487.7825427298,-37493.39254272985,37493.39254272985
25,2012-03-02,643155.89,0,validation,648708.2999805824,-5552.409980582423,5552.409980582423
26,2012-03-02,955641.74,0,validation,910631.7973438952,45009.9426561048,45009.9426561048
27,2012-03-02,1509323.09,0,validation,1721125.92504923,-211802.8350492299,211802.8350492299
28,2012-03-02,1451740.57,0,validation,1286998.6582723998,164741.91172760027,164741.91172760027
29,2012-03-02,500801.72,0,validation,481736.395379447,19065.324620552943,19065.324620552943
30,2012-03-02,438640.61,0,validation,419178.68588903686,19461.924110963126,19461.924110963126
31,2012-03-02,1427881.22,0,validation,1357724.8878890374,70156.3321109626,70156.3321109626
32,2012-03-02,1153332.89,0,validation,1056725.7843103393,96607.10568966065,96607.10568966065
33,2012-03-02,248051.53,0,validation,207884.35743448825,40167.17256551175,40167.17256551175
34,2012-03-02,990263.7,0,validation,872354.1439503657,117909.55604963424,117909.55604963424
35,2012-03-02,766571.1,0,validation,879128.8083718428,-112557.70837184286,112557.70837184286
36,2012-03-02,315396.72,0,validation,405822.5191858541,-90425.79918585415,90425.79918585415
37,2012-03-02,525559.17,0,validation,504276.2633446369,21282.906655363156,21282.906655363156
38,2012-03-02,471115.38,0,validation,316451.6529782821,154663.72702171793,154663.72702171793
39,2012-03-02,1453047.02,0,validation,1363451.8327066668,89595.18729333323,89595.18729333323
40,2012-03-02,927732.02,0,validation,866095.7068929352,61636.31310706481,61636.31310706481
41,2012-03-02,1239813.26,0,validation,1125542.2139976695,114271.04600233049,114271.04600233049
42,2012-03-02,585895.34,0,validation,489246.96490165906,96648.37509834091,96648.37509834091
43,2012-03-02,693249.98,0,validation,592846.631497184,100403.34850281593,100403.34850281593
44,2012-03-02,316687.22,0,validation,210281.4827387525,106405.73726124747,106405.73726124747
45,2012-03-02,782796.01,0,validation,714659.3633548778,68136.64664512221,68136.64664512221
1,2012-03-09,1675431.16,0,validation,1465269.658127971,210161.50187202892,210161.50187202892
2,2012-03-09,1937628.26,0,validation,1885756.5929237884,51871.667076211656,51871.667076211656
3,2012-03-09,445162.05,0,validation,347152.55572537857,98009.49427462142,98009.49427462142
4,2012-03-09,2202450.81,0,validation,1997775.7775005302,204675.03249946982,204675.03249946982
5,2012-03-09,347295.6,0,validation,261398.36545448296,85897.23454551701,85897.23454551701
6,2012-03-09,1569304.4,0,validation,1517672.451595085,51631.94840491493,51631.94840491493
7,2012-03-09,579166.5,0,validation,485721.53119510855,93444.96880489145,93444.96880489145
8,2012-03-09,960115.56,0,validation,842793.223377116,117322.33662288403,117322.33662288403
9,2012-03-09,574955.95,0,validation,477573.63485718856,97382.31514281139,97382.31514281139
10,2012-03-09,1917483.1,0,validation,1843954.1036371551,73528.99636284495,73528.99636284495
11,2012-03-09,1413382.76,0,validation,1294778.6798084113,118604.08019158873,118604.08019158873
12,2012-03-09,1113208.57,0,validation,950591.2338090132,162617.3361909869,162617.3361909869
13,2012-03-09,1986445.65,0,validation,1888741.0358905627,97704.61410943721,97704.61410943721
14,2012-03-09,2020839.31,0,validation,2036869.452651571,-16030.14265157096,16030.14265157096
15,2012-03-09,545120.67,0,validation,546084.6150176551,-963.9450176550308,963.9450176550308
16,2012-03-09,495951.66,0,validation,425938.71862660616,70012.94137339381,70012.94137339381
17,2012-03-09,860224.98,0,validation,764178.2364615516,96046.74353844835,96046.74353844835
18,2012-03-09,1084894.47,0,validation,1025525.4817766779,59368.988223322085,59368.988223322085
19,2012-03-09,1358816.46,0,validation,1372352.023734903,-13535.563734903,13535.563734903
20,2012-03-09,2139265.4,0,validation,2023324.7632887657,115940.63671123423,115940.63671123423
21,2012-03-09,755084.4,0,validation,732676.0837599266,22408.316240073415,22408.316240073415
22,2012-03-09,991127.01,0,validation,961850.0602055503,29276.949794449727,29276.949794449727
23,2012-03-09,1292724.9,0,validation,1298061.4137940127,-5336.513794012833,5336.513794012833
24,2012-03-09,1325835.7,0,validation,1260780.6716394713,65055.02836052864,65055.02836052864
25,2012-03-09,643711.53,0,validation,645170.018370509,-1458.4883705090033,1458.4883705090033
26,2012-03-09,1028569.01,0,validation,921441.7032800968,107127.30671990325,107127.30671990325
27,2012-03-09,1607343.41,0,validation,1725143.9907938135,-117800.58079381357,117800.58079381357
28,2012-03-09,1680764.06,0,validation,1286739.5519266604,394024.5080733397,394024.5080733397
29,2012-03-09,504750.35,0,validation,486131.2739333294,18619.07606667059,18619.07606667059
30,2012-03-09,446617.89,0,validation,405948.89728933875,40668.99271066126,40668.99271066126
31,2012-03-09,1439034.86,0,validation,1344495.099289339,94539.76071066107,94539.76071066107
32,2012-03-09,1124537.97,0,validation,1068702.9640208178,55835.0059791822,55835.0059791822
33,2012-03-09,287346.29,0,validation,205204.3548324376,82141.93516756239,82141.93516756239
34,2012-03-09,976393.43,0,validation,864758.9189698035,111634.51103019656,111634.51103019656
35,2012-03-09,796351.35,0,validation,882930.6079133055,-86579.25791330554,86579.25791330554
36,2012-03-09,318674.93,0,validation,394403.7641000082,-75728.83410000819,75728.83410000819
37,2012-03-09,535937.25,0,validation,493253.99629784585,42683.25370215415,42683.25370215415
38,2012-03-09,452792.53,0,validation,316192.5466325426,136599.9833674574,136599.9833674574
39,2012-03-09,1470764.35,0,validation,1349460.164338802,121304.1856611981,121304.1856611981
40,2012-03-09,954233.87,0,validation,877605.94332939,76627.92667060997,76627.92667060997
41,2012-03-09,1243814.77,0,validation,1141469.257729576,102345.51227042405,102345.51227042405
42,2012-03-09,659816.15,0,validation,483037.29657833243,176778.8534216676,176778.8534216676
43,2012-03-09,636677.67,0,validation,580210.6354830915,56467.03451690858,56467.03451690858
44,2012-03-09,303438.24,0,validation,222514.07705099822,80924.16294900177,80924.16294900177
45,2012-03-09,776968.87,0,validation,718063.4185339247,58905.45146607526,58905.45146607526
1,2012-03-16,1677472.78,0,validation,1472549.541908541,204923.23809145903,204923.23809145903
2,2012-03-16,1976082.13,0,validation,1894688.2080089834,81393.92199101648,81393.92199101648
3,2012-03-16,411775.8,0,validation,346907.03544144623,64868.764558553754,64868.764558553754
4,2012-03-16,2214967.44,0,validation,2004377.6375907878,210589.8024092121,210589.8024092121
5,2012-03-16,339392.54,0,validation,268343.7911505627,71048.74884943728,71048.74884943728
6,2012-03-16,1748010.29,0,validation,1521959.574986825,226050.71501317504,226050.71501317504
7,2012-03-16,669205.73,0,validation,500908.620981414,168297.109018586,168297.109018586
8,2012-03-16,921178.39,0,validation,853052.8028071894,68125.5871928106,68125.5871928106
9,2012-03-16,550373.57,0,validation,484668.2818083712,65705.28819162876,65705.28819162876
10,2012-03-16,1930814.66,0,validation,1855469.6690261085,75344.99097389146,75344.99097389146
11,2012-03-16,1441884.28,0,validation,1293076.4720839523,148807.80791604775,148807.80791604775
12,2012-03-16,1088498.52,0,validation,967001.2575008626,121497.26249913743,121497.26249913743
13,2012-03-16,2025582.62,0,validation,1921906.413772365,103676.20622763503,103676.20622763503
14,2012-03-16,1941040.5,0,validation,2039544.942049626,-98504.44204962603,98504.44204962603
15,2012-03-16,570611.23,0,validation,563170.9578960075,7440.272103992524,7440.272103992524
16,2012-03-16,520850.71,0,validation,448605.33815561584,72245.37184438418,72245.37184438418
17,2012-03-16,853136.46,0,validation,790088.1903607312,63048.26963926875,63048.26963926875
18,2012-03-16,1022018.43,0,validation,1034695.8427276044,-12677.412727604387,12677.412727604387
19,2012-03-16,1312849.1,0,validation,1388317.83781285,-75468.73781284993,75468.73781284993
20,2012-03-16,2064991.71,0,validation,2047248.1917656776,17743.518234322313,17743.518234322313
21,2012-03-16,767338.32,0,validation,740655.2493647774,26683.070635222597,26683.070635222597
22,2012-03-16,966780.01,0,validation,961509.8336163217,5270.176383678336,5270.176383678336
23,2012-03-16,1258364.31,0,validation,1308184.2242252836,-49819.914225283545,49819.914225283545
24,2012-03-16,1239299.12,0,validation,1268706.6915745118,-29407.571574511705,29407.571574511705
25,2012-03-16,638204.27,0,validation,670802.2532680391,-32597.98326803907,32597.98326803907
26,2012-03-16,919503.4,0,validation,925821.8036092914,-6318.4036092914175,6318.4036092914175
27,2012-03-16,1635984.07,0,validation,1727761.406190218,-91777.33619021787,91777.33619021787
28,2012-03-16,1337875.49,0,validation,1303149.5756185097,34725.91438149032,34725.91438149032
29,2012-03-16,489293.72,0,validation,485777.1400808125,3516.5799191874685,3516.5799191874685
30,2012-03-16,413617.45,0,validation,413928.0628941894,-310.6128941893694,310.6128941893694
31,2012-03-16,1481728.13,0,validation,1352474.2648941898,129253.86510581011,129253.86510581011
32,2012-03-16,1138101.18,0,validation,1096271.8970515998,41829.28294840013,41829.28294840013
33,2012-03-16,278067.73,0,validation,214843.03448071226,63224.69551928772,63224.69551928772
34,2012-03-16,999298.43,0,validation,869147.7346792612,130150.69532073883,130150.69532073883
35,2012-03-16,793045.82,0,validation,886052.6444503253,-93006.82445032534,93006.82445032534
36,2012-03-16,335345.82,0,validation,399360.7942495409,-64014.97424954089,64014.97424954089
37,2012-03-16,484588.34,0,validation,495796.0538458626,-11207.7138458626,11207.7138458626
38,2012-03-16,428465.11,0,validation,332602.57032439206,95862.53967560793,95862.53967560793
39,2012-03-16,1522421.07,0,validation,1351666.0632466974,170755.00675330264,170755.00675330264
40,2012-03-16,891154.18,0,validation,883442.7310991114,7711.448900888674,7711.448900888674
41,2012-03-16,1201511.62,0,validation,1171419.314461219,30092.30553878122,30092.30553878122
42,2012-03-16,618767.26,0,validation,494552.86196728575,124214.39803271426,124214.39803271426
43,2012-03-16,661707.02,0,validation,580120.9160072592,81586.10399274086,81586.10399274086
44,2012-03-16,331965.95,0,validation,255679.4549328006,76286.4950671994,76286.4950671994
45,2012-03-16,788340.23,0,validation,720738.9079319797,67601.32206802024,67601.32206802024
1,2012-03-23,1511068.07,0,validation,1462887.4629848546,48180.60701514548,48180.60701514548
2,2012-03-23,1790439.16,0,validation,1882617.1890708676,-92178.02907086769,92178.02907086769
3,2012-03-23,413907.25,0,validation,340996.8171116051,72910.43288839492,72910.43288839492
4,2012-03-23,2091592.54,0,validation,1989252.3388771676,102340.20112283248,102340.20112283248
5,2012-03-23,321299.99,0,validation,257840.99540498573,63458.99459501426,63458.99459501426
6,2012-03-23,1495143.62,0,validation,1511512.2497686378,-16368.629768637707,16368.629768637707
7,2012-03-23,615997.29,0,validation,486714.5670538129,129282.72294618713,129282.72294618713
8,2012-03-23,874223.25,0,validation,829606.28190013,44616.96809987002,44616.96809987002
9,2012-03-23,550791.32,0,validation,468449.0657521265,82342.25424787344,82342.25424787344
10,2012-03-23,1837457.69,0,validation,1825480.3434616849,11977.346538315061,11977.346538315061
11,2012-03-23,1300593.61,0,validation,1288342.8089945365,12250.801005463582,12250.801005463582
12,2012-03-23,1045419.87,0,validation,920689.3897170946,124730.4802829054,124730.4802829054
13,2012-03-23,1904421.74,0,validation,1899015.9126415774,5405.827358422568,5405.827358422568
14,2012-03-23,1893447.71,0,validation,2050911.509344773,-157463.79934477294,157463.79934477294
15,2012-03-23,565481.88,0,validation,581651.2425300101,-16169.362530010054,16169.362530010054
16,2012-03-23,493503.89,0,validation,442563.13125096157,50940.75874903845,50940.75874903845
17,2012-03-23,851762.28,0,validation,771875.8969716346,79886.38302836544,79886.38302836544
18,2012-03-23,1031139.3,0,validation,1054796.5911632814,-23657.291163281305,23657.291163281305
19,2012-03-23,1342254.55,0,validation,1398450.1828838347,-56195.63288383465,56195.63288383465
20,2012-03-23,1992436.96,0,validation,2068389.2466525817,-75952.28665258177,75952.28665258177
21,2012-03-23,729759.97,0,validation,726455.2257058918,3304.7442941081244,3304.7442941081244
22,2012-03-23,992774.4,0,validation,971532.0383294604,21242.361670539598,21242.361670539598
23,2012-03-23,1288154.1,0,validation,1340638.8026854265,-52484.702685426455,52484.702685426455
24,2012-03-23,1221723.94,0,validation,1285310.090467836,-63586.150467836065,63586.150467836065
25,2012-03-23,672831.78,0,validation,691046.885114619,-18215.105114619015,18215.105114619015
26,2012-03-23,874790.68,0,validation,953458.1082276927,-78667.42822769261,78667.42822769261
27,2012-03-23,1620839.34,0,validation,1735602.8827014798,-114763.54270147975,114763.54270147975
28,2012-03-23,1216059.41,0,validation,1256837.7078347418,-40778.29783474188,40778.29783474188
29,2012-03-23,517408.48,0,validation,495793.12931284367,21615.350687156315,21615.350687156315
30,2012-03-23,430222.97,0,validation,399728.0392353039,30494.930764696095,30494.930764696095
31,2012-03-23,1365824.97,0,validation,1338274.2412353042,27550.728764695814,27550.728764695814
32,2012-03-23,1146632.46,0,validation,1077483.6750423375,69148.78495766246,69148.78495766246
33,2012-03-23,246970.97,0,validation,185974.23771669366,60996.73228330634,60996.73228330634
34,2012-03-23,945143.33,0,validation,855647.2027262285,89496.12727377145,89496.12727377145
35,2012-03-23,760671.1,0,validation,894074.3427975213,-133403.2427975213,133403.2427975213
36,2012-03-23,317872.51,0,validation,391597.5922896572,-73725.0822896572,73725.0822896572
37,2012-03-23,520887.23,0,validation,487564.27511255036,33322.954887449625,33322.954887449625
38,2012-03-23,412456.48,0,validation,286290.7025406241,126165.77745937591,126165.77745937591
39,2012-03-23,1469593.37,0,validation,1344554.8133137901,125038.55668620998,125038.55668620998
40,2012-03-23,844490.86,0,validation,911723.3397777455,-67232.47977774555,67232.47977774555
41,2012-03-23,1215354.38,0,validation,1153051.2907521087,62303.089247891214,62303.089247891214
42,2012-03-23,561226.38,0,validation,464563.53640286217,96662.84359713783,96662.84359713783
43,2012-03-23,610940.94,0,validation,562642.8145564828,48298.125443517114,48298.125443517114
44,2012-03-23,296947.06,0,validation,232788.95380201295,64158.10619798704,64158.10619798704
45,2012-03-23,791835.37,0,validation,732105.4752271266,59729.89477287338,59729.89477287338
1,2012-03-30,1649604.63,0,validation,1452296.3658447014,197308.26415529847,197308.26415529847
2,2012-03-30,1857480.84,0,validation,1875219.7964155488,-17738.956415548688,17738.956415548688
3,2012-03-30,407488.84,0,validation,333625.32938510505,73863.51061489497,73863.51061489497
4,2012-03-30,2089381.77,0,validation,2012028.4562498145,77353.31375018554,77353.31375018554
5,2012-03-30,331318.73,0,validation,251843.7461249067,79474.98387509328,79474.98387509328
6,2012-03-30,1508933.26,0,validation,1507979.6079368198,953.6520631802268,953.6520631802268
7,2012-03-30,583322.2,0,validation,500786.6190444435,82535.58095555648,82535.58095555648
8,2012-03-30,905935.29,0,validation,852937.2569510895,52998.033048910554,52998.033048910554
9,2012-03-30,574985.37,0,validation,478585.7082665181,96399.66173348192,96399.66173348192
10,2012-03-30,1815760.42,0,validation,1840167.1386768492,-24406.71867684927,24406.71867684927
11,2012-03-30,1300104.03,0,validation,1281643.6385482794,18460.391451720614,18460.391451720614
12,2012-03-30,1025382.22,0,validation,935198.9405656385,90183.2794343615,90183.2794343615
13,2012-03-30,1948982.7,0,validation,1898921.291560303,50061.408439697,50061.408439697
14,2012-03-30,1905033.01,0,validation,2009072.6626907687,-104039.65269076871,104039.65269076871
15,2012-03-30,557547.25,0,validation,520253.4158992851,37293.834100714885,37293.834100714885
16,2012-03-30,485095.41,0,validation,455682.73376124783,29412.676238752145,29412.676238752145
17,2012-03-30,872469.03,0,validation,769624.2579495806,102844.77205041947,102844.77205041947
18,2012-03-30,1009121.2,0,validation,1002938.9384499202,6182.261550079798,6182.261550079798
19,2012-03-30,1327139.35,0,validation,1345512.3486961683,-18372.998696168186,18372.998696168186
20,2012-03-30,2074721.74,0,validation,2012037.425841554,62684.31415844592,62684.31415844592
21,2012-03-30,724798.76,0,validation,724912.5960326897,-113.83603268966544,113.83603268966544
22,2012-03-30,965769.93,0,validation,932090.4575616934,33679.472438306664,33679.472438306664
23,2012-03-30,1261964.96,0,validation,1265250.0451635583,-3285.0851635583676,3285.0851635583676
24,2012-03-30,1230106.13,0,validation,1235229.6047212025,-5123.474721202627,5123.474721202627
25,2012-03-30,684348.92,0,validation,634162.8131233989,50186.106876601116,50186.106876601116
26,2012-03-30,922018.43,0,validation,890591.2600503515,31427.169949648553,31427.169949648553
27,2012-03-30,1615494.14,0,validation,1697658.3367003393,-82164.19670033944,82164.19670033944
28,2012-03-30,1209524.11,0,validation,1271347.2586832857,-61823.14868328557,61823.14868328557
29,2012-03-30,504566.28,0,validation,456345.3330639689,48220.946936031105,48220.946936031105
30,2012-03-30,449603.91,0,validation,398185.4095621018,51418.500437898154,51418.500437898154
31,2012-03-30,1318854.22,0,validation,1336731.611562102,-17877.39156210213,17877.39156210213
32,2012-03-30,1108686.87,0,validation,1087409.7704714693,21277.099528530845,21277.099528530845
33,2012-03-30,251327.67,0,validation,198251.89601098723,53075.773989012785,53075.773989012785
34,2012-03-30,938861.77,0,validation,872260.411696647,66601.35830335307,66601.35830335307
35,2012-03-30,744525.69,0,validation,856454.1961010619,-111928.50610106194,111928.50610106194
36,2012-03-30,304144.9,0,validation,379511.0863527352,-75366.18635273515,75366.18635273515
37,2012-03-30,533734.94,0,validation,475910.30158187007,57824.63841812988,57824.63841812988
38,2012-03-30,408679.36,0,validation,300800.25338916795,107879.10661083204,107879.10661083204
39,2012-03-30,1499727.02,0,validation,1332620.7075830086,167106.31241699145,167106.31241699145
40,2012-03-30,871945.64,0,validation,850593.3112410321,21352.328758967924,21352.328758967924
41,2012-03-30,1239423.19,0,validation,1160372.1567202986,79051.03327970137,79051.03327970137
42,2012-03-30,544408.14,0,validation,479250.3316180265,65157.80838197353,65157.80838197353
43,2012-03-30,623258.4,0,validation,585443.1425186142,37815.25748138584,37815.25748138584
44,2012-03-30,310027.29,0,validation,232694.3327207386,77332.95727926138,77332.95727926138
45,2012-03-30,777254.06,0,validation,690266.6285731224,86987.43142687762,86987.43142687762
1,2012-04-06,1899676.88,0,validation,1508629.3366059056,391047.54339409433,391047.54339409433
2,2012-04-06,2129035.91,0,validation,1927132.4451929873,201903.46480701282,201903.46480701282
3,2012-04-06,503232.13,0,validation,391355.72712806694,111876.40287193307,111876.40287193307
4,2012-04-06,2470206.13,0,validation,2048947.717519884,421258.4124801159,421258.4124801159
5,2012-04-06,402985.7,0,validation,306052.0793961643,96933.62060383573,96933.62060383573
6,2012-04-06,1840131.19,0,validation,1565797.3777606501,274333.8122393498,274333.8122393498
7,2012-04-06,621425.98,0,validation,548889.6039511441,72536.37604885583,72536.37604885583
8,2012-04-06,1046816.59,0,validation,887217.3826081702,159599.2073918298,159599.2073918298
9,2012-04-06,677885.99,0,validation,527726.0799101742,150159.91008982575,150159.91008982575
10,2012-04-06,2163384.17,0,validation,1880002.579472005,283381.590527995,283381.590527995
11,2012-04-06,1596325.01,0,validation,1340242.4461115554,256082.56388844457,256082.56388844457
12,2012-04-06,1128765.71,0,validation,983978.4542147272,144787.2557852728,144787.2557852728
13,2012-04-06,2271614.76,0,validation,1933919.5099240653,337695.25007593445,337695.25007593445
14,2012-04-06,2376022.26,0,validation,2047579.4830448297,328442.7769551701,328442.7769551701
15,2012-04-06,659950.36,0,validation,550641.9386168618,109308.42138313816,109308.42138313816
16,2012-04-06,502662.07,0,validation,503090.69957252825,-428.6295725282398,428.6295725282398
17,2012-04-06,986922.62,0,validation,813716.1668979012,173206.45310209878,173206.45310209878
18,2012-04-06,1200815.3,0,validation,1035490.7606896472,165324.53931035288,165324.53931035288
19,2012-04-06,1631737.68,0,validation,1374220.0782131373,257517.6017868626,257517.6017868626
20,2012-04-06,2565259.92,0,validation,2046420.5558635695,518839.36413643043,518839.36413643043
21,2012-04-06,761956.58,0,validation,775564.6499096726,-13608.069909672602,13608.069909672602
22,2012-04-06,1197489.66,0,validation,970503.1661473213,226986.49385267857,226986.49385267857
23,2012-04-06,1604605.69,0,validation,1313547.0449960108,291058.6450039891,291058.6450039891
24,2012-04-06,1524734.29,0,validation,1264318.2142207671,260416.0757792329,260416.0757792329
25,2012-04-06,791356.9,0,validation,663699.6560836621,127657.24391633796,127657.24391633796
26,2012-04-06,1116829.23,0,validation,932864.2771923213,183964.95280767872,183964.95280767872
27,2012-04-06,1899013.34,0,validation,1732620.203302504,166393.13669749605,166393.13669749605
28,2012-04-06,1559592.79,0,validation,1320126.7723323745,239466.01766762557,239466.01766762557
29,2012-04-06,633826.55,0,validation,495163.2755051984,138663.27449480165,138663.27449480165
30,2012-04-06,461511.92,0,validation,448837.46343908436,12674.456560915627,12674.456560915627
31,2012-04-06,1496169.81,0,validation,1387383.6654390849,108786.14456091519,108786.14456091519
32,2012-04-06,1270577.01,0,validation,1124587.5995742204,145989.41042577964,145989.41042577964
33,2012-04-06,275911.97,0,validation,242972.59259604476,32939.37740395521,32939.37740395521
34,2012-04-06,1091020.37,0,validation,903692.628411598,187327.74158840207,187327.74158840207
35,2012-04-06,860293.46,0,validation,894224.1158451485,-33930.65584514849,33930.65584514849
36,2012-04-06,331026.11,0,validation,438844.186906241,-107818.07690624101,107818.07690624101
37,2012-04-06,564848.78,0,validation,535351.5352369361,29497.244763063965,29497.244763063965
38,2012-04-06,499267.66,0,validation,349579.7670382565,149687.89296174346,149687.89296174346
39,2012-04-06,1764847.94,0,validation,1394611.1442589965,370236.7957410035,370236.7957410035
40,2012-04-06,1132064.23,0,validation,897685.7426130491,234378.48738695087,234378.48738695087
41,2012-04-06,1460234.31,0,validation,1198619.2667586906,261615.04324130947,261615.04324130947
42,2012-04-06,652312.11,0,validation,519085.77241318236,133226.33758681762,133226.33758681762
43,2012-04-06,658468.27,0,validation,616099.3289586299,42368.941041370155,42368.941041370155
44,2012-04-06,320021.1,0,validation,268052.5688190375,51968.531180962455,51968.531180962455
45,2012-04-06,899479.43,0,validation,728773.4489271833,170705.98107281676,170705.98107281676
1,2012-04-13,1621031.7,0,test,1483271.6375472532,137760.0624527468,137760.0624527468
2,2012-04-13,1935869.1,0,test,1904604.2787590378,31264.82124096225,31264.82124096225
3,2012-04-13,420789.74,0,test,369301.67764033633,51488.06235966366,51488.06235966366
4,2012-04-13,2105301.39,0,test,2030793.268665005,74508.12133499514,74508.12133499514
5,2012-04-13,351832.03,0,test,284952.06955746457,66879.96044253546,66879.96044253546
6,2012-04-13,1616394.45,0,test,1543380.1906688446,73014.25933115534,73014.25933115534
7,2012-04-13,517420.23,0,test,521567.0074899505,-4146.777489950531,4146.777489950531
8,2012-04-13,909989.45,0,test,874099.5229555534,35889.92704444658,35889.92704444658
9,2012-04-13,578539.86,0,test,507184.6115403139,71355.24845968606,71355.24845968606
10,2012-04-13,1974687.51,0,test,1869442.4834770518,105245.02652294817,105245.02652294817
11,2012-04-13,1472752.01,0,test,1314630.7176825386,158121.29231746146,158121.29231746146
12,2012-04-13,1083811.19,0,test,967848.134012738,115963.05598726193,115963.05598726193
13,2012-04-13,2057637.86,0,test,1921776.5272163565,135861.33278364362,135861.33278364362
14,2012-04-13,1912909.69,0,test,2033643.6210479625,-120733.93104796251,120733.93104796251
15,2012-04-13,558585.13,0,test,540494.2514275834,18090.87857241661,18090.87857241661
16,2012-04-13,450756.71,0,test,475095.7858310917,-24339.07583109167,24339.07583109167
17,2012-04-13,877055.32,0,test,802049.4089303646,75005.9110696353,75005.9110696353
18,2012-04-13,998443.5,0,test,1027440.7199932977,-28997.21999329771,28997.21999329771
19,2012-04-13,1365098.46,0,test,1365977.2899845475,-878.8299845475703,878.8299845475703
20,2012-04-13,2045396.06,0,test,2014330.0011083623,31066.058891637716,31066.058891637716
21,2012-04-13,769319.04,0,test,754044.9593960876,15274.080603912473,15274.080603912473
22,2012-04-13,939118.24,0,test,961226.7597488724,-22108.51974887238,22108.51974887238
23,2012-04-13,1231752.54,0,test,1306701.5727600968,-74949.03276009671,74949.03276009671
24,2012-04-13,1285783.87,0,test,1253862.3816113772,31921.488388622878,31921.488388622878
25,2012-04-13,658691.56,0,test,637519.8907505918,21171.669249408296,21171.669249408296
26,2012-04-13,889670.29,0,test,923693.7076955666,-34023.417695566546,34023.417695566546
27,2012-04-13,1650405.21,0,test,1722422.7056515515,-72017.49565155152,72017.49565155152
28,2012-04-13,1290684.95,0,test,1303996.4521303852,-13311.502130385255,13311.502130385255
29,2012-04-13,520493.83,0,test,485880.65312840336,34613.17687159666,34613.17687159666
30,2012-04-13,428784.7,0,test,427317.7729254997,1466.9270745003014,1466.9270745003014
31,2012-04-13,1407842.91,0,test,1365863.9749255,41978.93507449981,41978.93507449981
32,2012-04-13,1171834.47,0,test,1106985.590456541,64848.87954345904,64848.87954345904
33,2012-04-13,312698.67,0,test,227174.02445919765,85524.64554080233,85524.64554080233
34,2012-04-13,987353.65,0,test,895903.0709604664,91450.57903953362,91450.57903953362
35,2012-04-13,788633.42,0,test,884170.795662943,-95537.375662943,95537.375662943
36,2012-04-13,339407.94,0,test,412807.38270683214,-73399.44270683214,73399.44270683214
37,2012-04-13,506973.17,0,test,509855.39654532936,-2882.2265453293803,2882.2265453293803
38,2012-04-13,435790.74,0,test,333449.44683626725,102341.29316373274,102341.29316373274
39,2012-04-13,1580732.73,0,test,1367742.3577868934,212990.3722131066,212990.3722131066
40,2012-04-13,857811.17,0,test,890083.9134368617,-32272.743436861667,32272.743436861667
41,2012-04-13,1323004.73,0,test,1174714.2831387327,148290.44686126732,148290.44686126732
42,2012-04-13,639123.45,0,test,508525.67641822936,130597.7735817706,130597.7735817706
43,2012-04-13,665687.92,0,test,609902.3387398787,55785.58126012131,55785.58126012131
44,2012-04-13,311390.22,0,test,255909.5861113288,55480.633888671175,55480.633888671175
45,2012-04-13,781970.6,0,test,714837.5869303162,67133.0130696838,67133.0130696838
1,2012-04-20,1521577.87,0,test,1453027.076189076,68550.79381092405,68550.79381092405
2,2012-04-20,1847344.45,0,test,1874134.8230205367,-26790.373020536732,26790.373020536732
3,2012-04-20,434822.13,0,test,343350.7730462246,91471.3569537754,91471.3569537754
4,2012-04-20,2144336.89,0,test,2006438.0892457748,137898.80075422535,137898.80075422535
5,2012-04-20,330063.06,0,test,252131.57085574837,77931.48914425162,77931.48914425162
6,2012-04-20,1456073.24,0,test,1512186.6798920443,-56113.43989204429,56113.43989204429
7,2012-04-20,457340.06,0,test,493035.6740150233,-35695.61401502328,35695.61401502328
8,2012-04-20,872288.46,0,test,845851.641226886,26436.818773114006,26436.818773114006
9,2012-04-20,542819.03,0,test,480197.7468675793,62621.28313242074,62621.28313242074
10,2012-04-20,1777166.53,0,test,1833710.488109813,-56543.958109813044,56543.958109813044
11,2012-04-20,1315356.99,0,test,1288707.826308437,26649.163691563066,26649.163691563066
12,2012-04-20,1006486.96,0,test,950067.6469682778,56419.31303172221,56419.31303172221
13,2012-04-20,1955689.12,0,test,1894628.8233041558,61060.29669584427,61060.29669584427
14,2012-04-20,1875686.44,0,test,2041418.6190804008,-165732.17908040085,165732.17908040085
15,2012-04-20,534780.57,0,test,547293.0709664852,-12512.50096648524,12512.50096648524
16,2012-04-20,436221.26,0,test,446312.3333760733,-10091.07337607327,10091.07337607327
17,2012-04-20,1119979.98,0,test,781092.6266404021,338887.35335959785,338887.35335959785
18,2012-04-20,1025813.8,0,test,1041716.1074475059,-15902.307447505882,15902.307447505882
19,2012-04-20,1255087.26,0,test,1372299.8847832773,-117212.62478327728,117212.62478327728
20,2012-04-20,1884427.84,0,test,2030876.1040260321,-146448.26402603206,146448.26402603206
21,2012-04-20,734858.91,0,test,724499.9399179206,10358.97008207941,10358.97008207941
22,2012-04-20,1000342.87,0,test,963723.8298943088,36619.04010569118,36619.04010569118
23,2012-04-20,1287899.41,0,test,1325487.0886359354,-37587.67863593553,37587.67863593553
24,2012-04-20,1208654.4,0,test,1264723.1180517476,-56068.71805174765,56068.71805174765
25,2012-04-20,661566.48,0,test,654654.2712884743,6912.208711525658,6912.208711525658
26,2012-04-20,923600.02,0,test,940154.1263105648,-16554.10631056479,16554.10631056479
27,2012-04-20,1639999.47,0,test,1727696.0464053883,-87696.5764053883,87696.5764053883
28,2012-04-20,1180797.2,0,test,1286215.965085925,-105418.76508592512,105418.76508592512
29,2012-04-20,525200.59,0,test,488362.47495834786,36838.11504165211,36838.11504165211
30,2012-04-20,462909.41,0,test,397772.7534473324,65136.656552667555,65136.656552667555
31,2012-04-20,1407036.59,0,test,1336318.955447333,70717.63455266715,70717.63455266715
32,2012-04-20,1121405.91,0,test,1076157.1729407832,45248.73705921671,45248.73705921671
33,2012-04-20,261837.2,0,test,197885.06969428796,63952.13030571205,63952.13030571205
34,2012-04-20,977628.78,0,test,861211.0133574987,116417.76664250134,116417.76664250134
35,2012-04-20,794660.24,0,test,889444.1364167798,-94783.89641677984,94783.89641677984
36,2012-04-20,323915.32,0,test,384820.22452678985,-60904.90452678985,60904.90452678985
37,2012-04-20,523483.19,0,test,481399.6615918585,42083.528408141516,42083.528408141516
38,2012-04-20,401615.8,0,test,315668.959791807,85946.840208193,85946.840208193
39,2012-04-20,1433391.04,0,test,1339622.781473544,93768.25852645608,93768.25852645608
40,2012-04-20,896979.93,0,test,908617.3103326093,-11637.38033260929,11637.38033260929
41,2012-04-20,1220815.33,0,test,1142989.4425826508,77825.88741734927,77825.88741734927
42,2012-04-20,552529.23,0,test,472793.6810509901,79735.54894900986,79735.54894900986
43,2012-04-20,638144.98,0,test,577984.6280264179,60160.35197358206,60160.35197358206
44,2012-04-20,323233.8,0,test,228761.88219912816,94471.91780087183,94471.91780087183
45,2012-04-20,776661.74,0,test,722612.5849627545,54049.15503724548,54049.15503724548
1,2012-04-27,1468928.37,0,test,1427526.9954318225,41401.37456817762,41401.37456817762
2,2012-04-27,1764133.09,0,test,1851547.329021332,-87414.239021332,87414.239021332
3,2012-04-27,394616.11,0,test,320295.4770296066,74320.6329703934,74320.6329703934
4,2012-04-27,2064065.66,0,test,2001770.7717934323,62294.888206567615,62294.888206567615
5,2012-04-27,324839.74,0,test,229882.3030143011,94957.43698569888,94957.43698569888
6,2012-04-27,1456221.1,0,test,1493385.2592761712,-37164.15927617112,37164.15927617112
7,2012-04-27,467827.75,0,test,501756.2993658794,-33928.549365879386,33928.549365879386
8,2012-04-27,879448.25,0,test,837951.6041420219,41496.64585797815,41496.64585797815
9,2012-04-27,550414.99,0,test,467479.85809644987,82935.13190355012,82935.13190355012
10,2012-04-27,1712987.56,0,test,1842738.4818248088,-129750.9218248087,129750.9218248087
11,2012-04-27,1236238.29,0,test,1265904.64927191,-29666.35927191004,29666.35927191004
12,2012-04-27,1004252.38,0,test,955797.9202790388,48454.45972096117,48454.45972096117
13,2012-04-27,1970121.65,0,test,1910540.6127651157,59581.03723488422,59581.03723488422
14,2012-04-27,1784029.95,0,test,1988228.2647557182,-204198.31475571822,204198.31475571822
15,2012-04-27,527402.62,0,test,486363.783883363,41038.83611663699,41038.83611663699
16,2012-04-27,398445.15,0,test,465930.10131086886,-67484.95131086884,67484.95131086884
17,2012-04-27,925916.65,0,test,788208.2650181823,137708.38498181768,137708.38498181768
18,2012-04-27,961186.23,0,test,987073.3493918761,-25887.119391876156,25887.119391876156
19,2012-04-27,1285897.24,0,test,1311790.796000307,-25893.55600030697,25893.55600030697
20,2012-04-27,1886503.93,0,test,1970573.3588408385,-84069.4288408386,84069.4288408386
21,2012-04-27,674829.58,0,test,703957.4109794553,-29127.83097945538,29127.83097945538
22,2012-04-27,922539.94,0,test,917668.3659745082,4871.574025491718,4871.574025491718
23,2012-04-27,1277758.76,0,test,1266698.374018807,11060.385981193045,11060.385981193045
24,2012-04-27,1194334.65,0,test,1206903.2983897496,-12568.648389749695,12568.648389749695
25,2012-04-27,655157.32,0,test,593146.9576428455,62010.36235715449,62010.36235715449
26,2012-04-27,911969.0,0,test,894587.6515382163,17381.348461783724,17381.348461783724
27,2012-04-27,1565498.84,0,test,1674093.4585576393,-108594.61855763919,108594.61855763919
28,2012-04-27,1170456.16,0,test,1291946.238396686,-121490.07839668612,121490.07839668612
29,2012-04-27,497250.22,0,test,442291.7622258171,54958.4577741829,54958.4577741829
30,2012-04-27,433744.83,0,test,377230.22450886737,56514.60549113265,56514.60549113265
31,2012-04-27,1311352.25,0,test,1315776.4265088679,-4424.17650886788,4424.17650886788
32,2012-04-27,1126962.44,0,test,1086054.3535320647,40908.08646793524,40908.08646793524
33,2012-04-27,249798.75,0,test,200666.11534702557,49132.63465297443,49132.63465297443
34,2012-04-27,940299.87,0,test,865732.0320684783,74567.8379315217,74567.8379315217
35,2012-04-27,721212.45,0,test,835264.8386940423,-114052.38869404234,114052.38869404234
36,2012-04-27,308389.82,0,test,356919.8965467012,-48530.076546701195,48530.076546701195
37,2012-04-27,528807.45,0,test,452309.86949460534,76497.58050539461,76497.58050539461
38,2012-04-27,419964.77,0,test,321399.2331025681,98565.53689743194,98565.53689743194
39,2012-04-27,1456997.2,0,test,1310196.8307361694,146800.3692638306,146800.3692638306
40,2012-04-27,875372.91,0,test,861426.0687996733,13946.841200326686,13946.841200326686
41,2012-04-27,1248950.65,0,test,1157032.5797354311,91918.07026456879,91918.07026456879
42,2012-04-27,526625.49,0,test,481821.67476598616,44803.81523401383,44803.81523401383
43,2012-04-27,593138.59,0,test,581934.0853451327,11204.504654867225,11204.504654867225
44,2012-04-27,330338.36,0,test,244673.67166008824,85664.68833991175,85664.68833991175
45,2012-04-27,711571.88,0,test,669422.2306380719,42149.64936192811,42149.64936192811
1,2012-05-04,1684519.99,0,test,1513159.3943030688,171360.59569693124,171360.59569693124
2,2012-05-04,1923957.09,0,test,1940568.5388935609,-16611.448893560795,16611.448893560795
3,2012-05-04,439913.57,0,test,399772.6016011402,40140.96839885978,40140.96839885978
4,2012-05-04,2196968.33,0,test,2074227.6922926018,122740.63770739827,122740.63770739827
5,2012-05-04,360932.69,0,test,315011.7423255193,45920.947674480674,45920.947674480674
6,2012-05-04,1543461.12,0,test,1572970.3021897129,-29509.182189712767,29509.182189712767
7,2012-05-04,465198.89,0,test,547886.2562508462,-82687.36625084619,82687.36625084619
8,2012-05-04,937232.09,0,test,910425.5306172989,26806.55938270106,26806.55938270106
9,2012-05-04,586289.08,0,test,546369.2336122846,39919.84638771531,39919.84638771531
10,2012-05-04,1821364.42,0,test,1897447.9297142965,-76083.50971429655,76083.50971429655
11,2012-05-04,1370251.22,0,test,1344121.1789429882,26130.04105701181,26130.04105701181
12,2012-05-04,1073433.69,0,test,1013961.2169671654,59472.47303283459,59472.47303283459
13,2012-05-04,1995994.51,0,test,1945485.2530237597,50509.256976240315,50509.256976240315
14,2012-05-04,1949354.29,0,test,2056618.554265208,-107264.26426520804,107264.26426520804
15,2012-05-04,577868.38,0,test,576160.8408678412,1707.539132158854,1707.539132158854
16,2012-05-04,426959.62,0,test,505785.0969135673,-78825.47691356728,78825.47691356728
17,2012-05-04,930121.14,0,test,823545.0903569679,106576.04964303214,106576.04964303214
18,2012-05-04,1050027.89,0,test,1048437.1796562915,1590.7103437084006,1590.7103437084006
19,2012-05-04,1405007.44,0,test,1398338.3194636104,6669.120536389528,6669.120536389528
20,2012-05-04,2163510.89,0,test,2075635.9203656472,87874.96963435295,87874.96963435295
21,2012-05-04,697645.32,0,test,789589.0212304586,-91943.70123045868,91943.70123045868
22,2012-05-04,1005083.31,0,test,979327.5772517552,25755.73274824489,25755.73274824489
23,2012-05-04,1317379.68,0,test,1333748.887945278,-16369.207945278147,16369.207945278147
24,2012-05-04,1306551.71,0,test,1278239.6433875537,28312.066612446215,28312.066612446215
25,2012-05-04,696421.72,0,test,696696.8052871071,-275.0852871071547,275.0852871071547
26,2012-05-04,946573.29,0,test,948836.1239200593,-2262.83392005926,2262.83392005926
27,2012-05-04,1669388.45,0,test,1741159.0297066248,-71770.57970662485,71770.57970662485
28,2012-05-04,1450628.85,0,test,1350109.5350848124,100519.31491518766,100519.31491518766
29,2012-05-04,504963.84,0,test,503935.7246903337,1028.1153096663184,1028.1153096663184
30,2012-05-04,454477.54,0,test,462861.83475987066,-8384.294759870681,8384.294759870681
31,2012-05-04,1391257.28,0,test,1401408.036759871,-10150.75675987103,10150.75675987103
32,2012-05-04,1187384.53,0,test,1139579.8004997054,47804.72950029466,47804.72950029466
33,2012-05-04,270497.51,0,test,262238.80213899445,8258.707861005561,8258.707861005561
34,2012-05-04,991104.4,0,test,923846.1839224623,67258.21607753774,67258.21607753774
35,2012-05-04,772036.6,0,test,901825.7887024122,-129789.18870241218,129789.18870241218
36,2012-05-04,312467.52,0,test,439591.2085270216,-127123.68852702156,127123.68852702156
37,2012-05-04,535311.64,0,test,534548.6490686843,762.9909313156968,762.9909313156968
38,2012-05-04,491755.69,0,test,379562.5297906948,112193.16020930518,112193.16020930518
39,2012-05-04,1512227.34,0,test,1395040.8397711902,117186.50022880989,117186.50022880989
40,2012-05-04,993311.59,0,test,916430.8981217898,76880.69187821017,76880.69187821017
41,2012-05-04,1359770.73,0,test,1206832.2684417248,152938.46155827516,152938.46155827516
42,2012-05-04,609274.89,0,test,536531.1226554738,72743.76734452625,72743.76734452625
43,2012-05-04,637964.2,0,test,641998.0581924566,-4033.8581924566533,4033.8581924566533
44,2012-05-04,326053.28,0,test,279618.3119187321,46434.9680812679,46434.9680812679
45,2012-05-04,782300.68,0,test,737812.5201475619,44488.15985243814,44488.15985243814
1,2012-05-11,1611096.05,0,test,1479965.73089211,131130.31910789013,131130.31910789013
2,2012-05-11,1917520.99,0,test,1904348.6591012652,13172.330898734741,13172.330898734741
3,2012-05-11,431985.36,0,test,359471.2144101247,72514.14558987529,72514.14558987529
4,2012-05-11,2127661.17,0,test,2010746.392861858,116914.77713814192,116914.77713814192
5,2012-05-11,333870.52,0,test,276580.88567005924,57289.634329940774,57289.634329940774
6,2012-05-11,1517075.67,0,test,1530759.8819972142,-13684.21199721424,13684.21199721424
7,2012-05-11,460397.41,0,test,528983.181737035,-68585.77173703507,68585.77173703507
8,2012-05-11,920128.89,0,test,857014.0633678187,63114.8266321813,63114.8266321813
9,2012-05-11,592572.3,0,test,495647.45763925347,96924.84236074658,96924.84236074658
10,2012-05-11,1792345.3,0,test,1873058.2762807026,-80712.97628070251,80712.97628070251
11,2012-05-11,1300147.07,0,test,1304884.2941123573,-4737.224112357246,4737.224112357246
12,2012-05-11,1041995.22,0,test,991745.4981037208,50249.72189627914,50249.72189627914
13,2012-05-11,2080764.17,0,test,1924232.9766152338,156531.1933847661,156531.1933847661
14,2012-05-11,1987531.05,0,test,2045268.871870603,-57737.8218706029,57737.8218706029
15,2012-05-11,579539.95,0,test,556607.3771296317,22932.572870368254,22932.572870368254
16,2012-05-11,479855.0,0,test,484276.79293881415,-4421.792938814149,4421.792938814149
17,2012-05-11,944100.3,0,test,799603.5448274699,144496.7551725302,144496.7551725302
18,2012-05-11,1060433.1,0,test,1042642.8930824006,17790.206917599542,17790.206917599542
19,2012-05-11,1442873.22,0,test,1382650.6800867985,60222.53991320147,60222.53991320147
20,2012-05-11,2168097.11,0,test,2048657.8277302138,119439.28226978611,119439.28226978611
21,2012-05-11,649945.54,0,test,751884.4407776264,-101938.90077762632,101938.90077762632
22,2012-05-11,997868.63,0,test,968478.1461715231,29390.483828476863,29390.483828476863
23,2012-05-11,1321914.34,0,test,1325825.5966506177,-3911.256650617579,3911.256650617579
24,2012-05-11,1355391.79,0,test,1268126.6347927572,87265.15520724282,87265.15520724282
25,2012-05-11,739866.16,0,test,669718.7126516738,70147.44734832621,70147.44734832621
26,2012-05-11,1062548.73,0,test,940352.5682251962,122196.16177480377,122196.16177480377
27,2012-05-11,1674306.31,0,test,1727503.5904860338,-53197.280486033764,53197.280486033764
28,2012-05-11,1264575.18,0,test,1327893.816221368,-63318.6362213681,63318.6362213681
29,2012-05-11,529707.87,0,test,493071.04529460974,36636.82470539026,36636.82470539026
30,2012-05-11,436070.45,0,test,425157.25430703827,10913.195692961744,10913.195692961744
31,2012-05-11,1392938.06,0,test,1363703.4563070387,29234.60369296139,29234.60369296139
32,2012-05-11,1187051.07,0,test,1103728.7278797668,83322.34212023322,83322.34212023322
33,2012-05-11,295841.84,0,test,236672.593464975,59169.24653502501,59169.24653502501
34,2012-05-11,949625.52,0,test,886641.2848612182,62984.235138781834,62984.235138781834
35,2012-05-11,802383.63,0,test,888422.6600521288,-86039.03005212883,86039.03005212883
36,2012-05-11,330518.34,0,test,409282.61528942734,-78764.27528942731,78764.27528942731
37,2012-05-11,527983.04,0,test,504600.49950295815,23382.54049704189,23382.54049704189
38,2012-05-11,429914.6,0,test,357346.8109272501,72567.7890727499,72567.7890727499
39,2012-05-11,1470792.41,0,test,1362263.354984441,108529.05501555884,108529.05501555884
40,2012-05-11,967729.35,0,test,910104.3603677065,57624.989632293466,57624.989632293466
41,2012-05-11,1353285.1,0,test,1171681.5263220395,181603.57367796055,181603.57367796055
42,2012-05-11,643603.69,0,test,512141.46922187984,131462.2207781201,131462.2207781201
43,2012-05-11,640159.04,0,test,586093.3171986085,54065.7228013915,54065.7228013915
44,2012-05-11,341381.08,0,test,258366.03551020636,83015.04448979365,83015.04448979365
45,2012-05-11,770487.37,0,test,726462.8377529567,44024.53224704333,44024.53224704333
1,2012-05-18,1595901.87,0,test,1441882.2671307824,154019.60286921775,154019.60286921775
2,2012-05-18,2000940.67,0,test,1868618.7980868923,132321.87191310758,132321.87191310758
3,2012-05-18,418112.76,0,test,323147.81996471446,94964.94003528554,94964.94003528554
4,2012-05-18,2207214.81,0,test,1983941.8710555192,223272.93894448085,223272.93894448085
5,2012-05-18,336189.66,0,test,239729.2060186417,96460.45398135827,96460.45398135827
6,2012-05-18,1513635.64,0,test,1496259.9265257411,17375.71347425878,17375.71347425878
7,2012-05-18,468428.3,0,test,503825.50720953534,-35397.20720953535,35397.20720953535
8,2012-05-18,913922.01,0,test,826321.2595144867,87600.75048551336,87600.75048551336
9,2012-05-18,571463.93,0,test,463217.5706088946,108246.35939110548,108246.35939110548
10,2012-05-18,1795152.73,0,test,1876441.1162867728,-81288.38628677279,81288.38628677279
11,2012-05-18,1352442.31,0,test,1269149.17728716,83293.1327128401,83293.1327128401
12,2012-05-18,1020486.05,0,test,982613.015164859,37873.034835141036,37873.034835141036
13,2012-05-18,2131900.55,0,test,1921893.751336861,210006.79866313888,210006.79866313888
14,2012-05-18,1932233.17,0,test,2031624.4179513697,-99391.24795136973,99391.24795136973
15,2012-05-18,600050.98,0,test,542234.45474118,57816.52525882004,57816.52525882004
16,2012-05-18,493506.47,0,test,465562.15901364374,27944.310986356228,27944.310986356228
17,2012-05-18,968816.33,0,test,800093.6547701199,168722.67522988003,168722.67522988003
18,2012-05-18,1047444.59,0,test,1028205.3383361024,19239.251663897536,19239.251663897536
19,2012-05-18,1366937.1,0,test,1365112.2638372025,1824.836162797641,1824.836162797641
20,2012-05-18,2039222.26,0,test,2014658.9495331736,24563.310466826428,24563.310466826428
21,2012-05-18,700554.16,0,test,718619.7431241446,-18065.583124144585,18065.583124144585
22,2012-05-18,986612.02,0,test,954922.7817130124,31689.238286987646,31689.238286987646
23,2012-05-18,1332952.47,0,test,1313208.9012049777,19743.568795022322,19743.568795022322
24,2012-05-18,1298809.8,0,test,1253165.434784093,45644.365215907106,45644.365215907106
25,2012-05-18,717207.19,0,test,639081.4208558488,78125.76914415113,78125.76914415113
26,2012-05-18,978082.84,0,test,927511.7670194752,50571.07298052474,50571.07298052474
27,2012-05-18,1707158.82,0,test,1717542.5241066455,-10383.704106645426,10383.704106645426
28,2012-05-18,1213310.45,0,test,1318761.333282506,-105450.88328250614,105450.88328250614
29,2012-05-18,543706.04,0,test,479501.9003686254,64204.13963137462,64204.13963137462
30,2012-05-18,460945.14,0,test,391892.55665355665,69052.58334644337,69052.58334644337
31,2012-05-18,1441473.82,0,test,1330438.7586535572,111035.0613464429,111035.0613464429
32,2012-05-18,1177539.71,0,test,1081904.6265334722,95635.08346652775,95635.08346652775
33,2012-05-18,276899.95,0,test,239018.94433067052,37881.00566932949,37881.00566932949
34,2012-05-18,998672.85,0,test,866167.7507771679,132505.09922283213,132505.09922283213
35,2012-05-18,819196.68,0,test,877920.9281649385,-58724.24816493841,58724.24816493841
36,2012-05-18,324801.13,0,test,373107.4542396418,-48306.32423964178,48306.32423964178
37,2012-05-18,534847.96,0,test,468173.0278828648,66674.93211713515,66674.93211713515
38,2012-05-18,412314.71,0,test,348214.3279883885,64100.38201161154,64100.38201161154
39,2012-05-18,1522978.54,0,test,1324967.4735440337,198011.06645596633,198011.06645596633
40,2012-05-18,896295.41,0,test,897515.6781420767,-1220.2681420766748,1220.2681420766748
41,2012-05-18,1331514.44,0,test,1158149.3380987428,173365.10190125718,173365.10190125718
42,2012-05-18,590636.38,0,test,515524.30922794994,75112.07077205006,75112.07077205006
43,2012-05-18,648541.81,0,test,570148.4139644084,78393.3960355916,78393.3960355916
44,2012-05-18,334042.43,0,test,256026.81023183337,78015.61976816662,78015.61976816662
45,2012-05-18,800842.28,0,test,712818.3838337235,88023.89616627654,88023.89616627654
1,2012-05-25,1555444.55,0,test,1432485.0959990453,122959.45400095475,122959.45400095475
2,2012-05-25,1912791.09,0,test,1859306.670539694,53484.41946030618,53484.41946030618
3,2012-05-25,413701.29,0,test,311808.012656395,101893.277343605,101893.277343605
4,2012-05-25,2154137.67,0,test,1980210.4334992522,173927.23650074773,173927.23650074773
5,2012-05-25,341994.48,0,test,232823.58201727842,109170.89798272157,109170.89798272157
6,2012-05-25,1603793.42,0,test,1489883.7249148088,113909.69508519117,113909.69508519117
7,2012-05-25,532739.77,0,test,479912.6457450646,52827.12425493542,52827.12425493542
8,2012-05-25,895157.44,0,test,831088.9179658832,64068.52203411679,64068.52203411679
9,2012-05-25,547226.0,0,test,462998.3383836821,84227.66161631793,84227.66161631793
10,2012-05-25,1830939.1,0,test,1845701.8691972792,-14762.769197279122,14762.769197279122
11,2012-05-25,1297335.87,0,test,1256996.9865985466,40338.883401453495,40338.883401453495
12,2012-05-25,991514.21,0,test,960763.9215098334,30750.28849016654,30750.28849016654
13,2012-05-25,2043349.41,0,test,1887285.4384942055,156063.97150579444,156063.97150579444
14,2012-05-25,2030869.61,0,test,2006180.529737364,24689.080262636067,24689.080262636067
15,2012-05-25,693780.42,0,test,539803.7652839241,153976.65471607598,153976.65471607598
16,2012-05-25,518045.09,0,test,440052.54400859587,77992.54599140416,77992.54599140416
17,2012-05-25,984881.59,0,test,762123.7555262492,222757.8344737508,222757.8344737508
18,2012-05-25,1088446.58,0,test,1009114.8141199974,79331.76588000264,79331.76588000264
19,2012-05-25,1485540.28,0,test,1362261.3760797945,123278.90392020554,123278.90392020554
20,2012-05-25,2114989.0,0,test,2011993.0783285026,102995.9216714974,102995.9216714974
21,2012-05-25,722891.24,0,test,709727.8138770981,13163.426122901845,13163.426122901845
22,2012-05-25,1047297.38,0,test,928337.907265773,118959.47273422696,118959.47273422696
23,2012-05-25,1552934.64,0,test,1307676.7754737744,245257.8645262255,245257.8645262255
24,2012-05-25,1407897.57,0,test,1232694.231640315,175203.33835968515,175203.33835968515
25,2012-05-25,783371.02,0,test,637620.1181116133,145750.9018883867,145750.9018883867
26,2012-05-25,1067310.74,0,test,915368.5213658819,151942.2186341181,151942.2186341181
27,2012-05-25,1818906.73,0,test,1688484.4551513381,130422.27484866185,130422.27484866185
28,2012-05-25,1151214.41,0,test,1296912.2396274805,-145697.8296274806,145697.8296274806
29,2012-05-25,549665.67,0,test,452903.83318980644,96761.8368101936,96761.8368101936
30,2012-05-25,449355.91,0,test,383000.62740651006,66355.28259348992,66355.28259348992
31,2012-05-25,1397094.26,0,test,1321546.8294065106,75547.43059348944,75547.43059348944
32,2012-05-25,1232784.22,0,test,1061045.2060501056,171739.01394989435,171739.01394989435
33,2012-05-25,261851.74,0,test,203349.37051939452,58502.36948060547,58502.36948060547
34,2012-05-25,1015737.61,0,test,857982.2112392909,157755.3987607091,157755.3987607091
35,2012-05-25,822167.17,0,test,848862.8592096313,-26695.689209631295,26695.689209631295
36,2012-05-25,306098.17,0,test,358805.85047118657,-52707.680471186584,52707.680471186584
37,2012-05-25,540625.79,0,test,454159.7790519042,86466.01094809582,86466.01094809582
38,2012-05-25,422810.12,0,test,326365.2343333628,96444.88566663722,96444.88566663722
39,2012-05-25,1596036.66,0,test,1312943.1633337922,283093.4966662077,283093.4966662077
40,2012-05-25,991054.49,0,test,891003.089710519,100051.40028948104,100051.40028948104
41,2012-05-25,1424500.47,0,test,1129922.4407527125,294578.0292472874,294578.0292472874
42,2012-05-25,535764.58,0,test,484785.0621384565,50979.517861543456,50979.517861543456
43,2012-05-25,597406.39,0,test,570424.1084114405,26982.281588559505,26982.281588559505
44,2012-05-25,343268.29,0,test,221418.4973891779,121849.79261082207,121849.79261082207
45,2012-05-25,817741.17,0,test,687374.4956197179,130366.67438028217,130366.67438028217
1,2012-06-01,1624477.58,0,test,1521260.343659182,103217.236340818,103217.236340818
2,2012-06-01,1910092.37,0,test,1946570.208741031,-36477.83874103078,36477.83874103078
3,2012-06-01,432268.53,0,test,406848.4985973941,25420.031402605935,25420.031402605935
4,2012-06-01,2179360.94,0,test,2066127.1736116265,113233.76638837345,113233.76638837345
5,2012-06-01,359867.8,0,test,323726.20594213484,36141.59405786515,36141.59405786515
6,2012-06-01,1681121.38,0,test,1581988.088510339,99133.29148966097,99133.29148966097
7,2012-06-01,598495.02,0,test,580011.9596670298,18483.060332970228,18483.060332970228
8,2012-06-01,921161.2,0,test,923972.2497227564,-2811.049722756492,2811.049722756492
9,2012-06-01,583648.59,0,test,551314.9777640986,32333.61223590141,32333.61223590141
10,2012-06-01,1767471.48,0,test,1922920.4683303917,-155448.9883303917,155448.9883303917
11,2012-06-01,1361595.33,0,test,1352765.816259809,8829.513740191003,8829.513740191003
12,2012-06-01,981345.2,0,test,1032671.4729701793,-51326.27297017933,51326.27297017933
13,2012-06-01,2035431.39,0,test,1971767.0059606186,63664.384039381286,63664.384039381286
14,2012-06-01,2049485.49,0,test,2113440.9462601105,-63955.456260110484,63955.456260110484
15,2012-06-01,663971.26,0,test,625388.0729043505,38583.18709564954,38583.18709564954
16,2012-06-01,532311.93,0,test,532168.0902276745,143.83977232559118,143.83977232559118
17,2012-06-01,938914.28,0,test,845820.9528323786,93093.32716762146,93093.32716762146
18,2012-06-01,1118313.7,0,test,1112779.9827530456,5533.717246954329,5533.717246954329
19,2012-06-01,1450733.29,0,test,1449946.6752009806,786.6147990194149,786.6147990194149
20,2012-06-01,2143126.59,0,test,2109031.9386886535,34094.65131134633,34094.65131134633
21,2012-06-01,695439.83,0,test,795758.7703979893,-100318.94039798935,100318.94039798935
22,2012-06-01,1102857.37,0,test,1036722.4895921027,66134.8804078974,66134.8804078974
23,2012-06-01,1476144.34,0,test,1394113.8138005943,82030.52619940578,82030.52619940578
24,2012-06-01,1467722.19,0,test,1336094.9471871823,131627.24281281768,131627.24281281768
25,2012-06-01,694765.95,0,test,729672.6253099616,-34906.67530996166,34906.67530996166
26,2012-06-01,1015853.03,0,test,1003262.2471332285,12590.782866771566,12590.782866771566
27,2012-06-01,1900638.6,0,test,1799265.840292449,101372.75970755098,101372.75970755098
28,2012-06-01,1245480.95,0,test,1368819.7910878265,-123338.84108782653,123338.84108782653
29,2012-06-01,576252.35,0,test,561275.2227845562,14977.127215443761,14977.127215443761
30,2012-06-01,427021.18,0,test,469031.58392740146,-42010.403927401465,42010.403927401465
31,2012-06-01,1404516.29,0,test,1407577.7859274019,-3061.4959274018183,3061.4959274018183
32,2012-06-01,1157557.79,0,test,1157334.7220506934,223.06794930668548,223.06794930668548
33,2012-06-01,261131.09,0,test,282388.8289531651,-21257.7389531651,21257.7389531651
34,2012-06-01,977062.44,0,test,938436.3734496903,38626.06655030965,38626.06655030965
35,2012-06-01,932195.52,0,test,959932.5992882366,-27737.079288236564,27737.079288236564
36,2012-06-01,306005.53,0,test,450260.217467412,-144254.68746741198,144254.68746741198
37,2012-06-01,531811.85,0,test,545938.545352811,-14126.695352811017,14126.695352811017
38,2012-06-01,435579.7,0,test,398272.78579370864,37306.914206291374,37306.914206291374
39,2012-06-01,1640476.77,0,test,1405338.2204749216,235138.5495250784,235138.5495250784
40,2012-06-01,1037464.27,0,test,976627.7446570451,60836.525342954905,60836.525342954905
41,2012-06-01,1374891.36,0,test,1224251.0313525912,150640.32864740887,150640.32864740887
42,2012-06-01,521953.78,0,test,562003.661271569,-40049.88127156894,40049.88127156894
43,2012-06-01,605078.62,0,test,652876.674019041,-47798.05401904101,47798.05401904101
44,2012-06-01,323410.94,0,test,305900.0648555909,17510.875144409074,17510.875144409074
45,2012-06-01,837144.63,0,test,794634.9121424641,42509.71785753593,42509.71785753593
1,2012-06-08,1697230.96,0,test,1495830.8522551013,201400.10774489865,201400.10774489865
2,2012-06-08,2010216.49,0,test,1921029.668381418,89186.82161858189,89186.82161858189
3,2012-06-08,446336.8,0,test,380708.9531944152,65627.84680558479,65627.84680558479
4,2012-06-08,2245257.18,0,test,2041284.9918140066,203972.18818599358,203972.18818599358
5,2012-06-08,341704.59,0,test,300956.340988489,40748.24901151104,40748.24901151104
6,2012-06-08,1696619.52,0,test,1555881.821585726,140737.69841427403,140737.69841427403
7,2012-06-08,642963.75,0,test,577131.9961918779,65831.75380812213,65831.75380812213
8,2012-06-08,928820.0,0,test,886263.1082122491,42556.89178775088,42556.89178775088
9,2012-06-08,582525.42,0,test,521112.8417014992,61412.578298500855,61412.578298500855
10,2012-06-08,1840491.41,0,test,1910724.8624277958,-70233.45242779586,70233.45242779586
11,2012-06-08,1414343.53,0,test,1327550.7071171645,86792.82288283552,86792.82288283552
12,2012-06-08,1086231.47,0,test,1020223.7480874922,66007.72191250778,66007.72191250778
13,2012-06-08,2182437.9,0,test,1966755.2221027713,215682.67789722863,215682.67789722863
14,2012-06-08,2099615.88,0,test,2058389.7022238567,41226.17777614319,41226.17777614319
15,2012-06-08,611390.67,0,test,576026.0983231473,35364.57167685276,35364.57167685276
16,2012-06-08,603618.89,0,test,524946.0776509531,78672.81234904693,78672.81234904693
17,2012-06-08,987990.24,0,test,838259.9659536096,149730.27404639043,149730.27404639043
18,2012-06-08,1110479.94,0,test,1051756.2859102364,58723.65408976353,58723.65408976353
19,2012-06-08,1390122.11,0,test,1401341.0575600509,-11218.947560050758,11218.947560050758
20,2012-06-08,2231962.13,0,test,2049809.9940119921,182152.13598800777,182152.13598800777
21,2012-06-08,707895.72,0,test,769994.1242782957,-62098.4042782957,62098.4042782957
22,2012-06-08,1061134.37,0,test,986973.2999249446,74161.07007505547,74161.07007505547
23,2012-06-08,1568048.54,0,test,1341269.9772007423,226778.5627992577,226778.5627992577
24,2012-06-08,1406313.13,0,test,1276648.2134023332,129664.91659766668,129664.91659766668
25,2012-06-08,730254.19,0,test,672131.4738339077,58122.7161660922,58122.7161660922
26,2012-06-08,1106176.83,0,test,951314.8335737005,154861.99642629956,154861.99642629956
27,2012-06-08,1764756.31,0,test,1746863.6174617219,17892.692538278177,17892.692538278177
28,2012-06-08,1440687.69,0,test,1356372.0662051395,84315.62379486044,84315.62379486044
29,2012-06-08,554093.15,0,test,511512.84038581804,42580.309614181984,42580.309614181984
30,2012-06-08,437222.94,0,test,443266.9378077077,-6043.997807707696,6043.997807707696
31,2012-06-08,1443285.79,0,test,1381813.139807708,61472.65019229194,61472.65019229194
32,2012-06-08,1246322.44,0,test,1155267.1419558353,91055.29804416467,91055.29804416467
33,2012-06-08,286082.76,0,test,271761.96337113646,14320.79662886355,14320.79662886355
34,2012-06-08,999511.29,0,test,925471.7969363644,74039.49306363566,74039.49306363566
35,2012-06-08,873415.01,0,test,907205.9771528282,-33790.967152828234,33790.967152828234
36,2012-06-08,338273.38,0,test,425805.14935302164,-87531.76935302163,87531.76935302163
37,2012-06-08,528940.78,0,test,521663.6990743544,7277.080925645656,7277.080925645656
38,2012-06-08,448110.25,0,test,385825.0609110214,62285.18908897857,62285.18908897857
39,2012-06-08,1623442.24,0,test,1381147.4138564956,242294.82614350435,242294.82614350435
40,2012-06-08,1079386.88,0,test,924988.4765176286,154398.40348237124,154398.40348237124
41,2012-06-08,1436383.84,0,test,1220838.816697247,215545.023302753,215545.023302753
42,2012-06-08,642671.48,0,test,549808.055368973,92863.42463102704,92863.42463102704
43,2012-06-08,643032.51,0,test,640005.4098547727,3027.100145227276,3027.100145227276
44,2012-06-08,340238.38,0,test,300888.2809977435,39350.099002256524,39350.099002256524
45,2012-06-08,795133.0,0,test,739583.6681062104,55549.33189378958,55549.33189378958
1,2012-06-15,1630607.0,0,test,1473382.300293796,157224.699706204,157224.699706204
2,2012-06-15,1962924.3,0,test,1900878.6241081357,62045.675891864346,62045.675891864346
3,2012-06-15,442074.79,0,test,363746.8926237562,78327.89737624378,78327.89737624378
4,2012-06-15,2234190.93,0,test,2023386.217031491,210804.71296850918,210804.71296850918
5,2012-06-15,327383.64,0,test,277302.53388039535,50081.106119604665,50081.106119604665
6,2012-06-15,1642247.48,0,test,1534972.117163491,107275.36283650901,107275.36283650901
7,2012-06-15,666942.02,0,test,542862.0070874416,124080.01291255839,124080.01291255839
8,2012-06-15,916918.7,0,test,868880.792159012,48037.9078409879,48037.9078409879
9,2012-06-15,564606.1,0,test,504962.88058795675,59643.219412043225,59643.219412043225
10,2012-06-15,1811562.88,0,test,1893365.1324572002,-81802.25245720032,81802.25245720032
11,2012-06-15,1417875.42,0,test,1310196.4614663636,107678.9585336363,107678.9585336363
12,2012-06-15,1019555.51,0,test,1001183.2249162889,18372.285083711147,18372.285083711147
13,2012-06-15,2152229.11,0,test,1935599.3126495876,216629.79735041223,216629.79735041223
14,2012-06-15,1905733.68,0,test,2054019.7799547715,-148286.09995477158,148286.09995477158
15,2012-06-15,636737.65,0,test,573084.8507608417,63652.79923915828,63652.79923915828
16,2012-06-15,570045.79,0,test,500956.94029023335,69088.84970976668,69088.84970976668
17,2012-06-15,964169.67,0,test,803154.1924789981,161015.47752100194,161015.47752100194
18,2012-06-15,1057425.83,0,test,1047170.8642851594,10254.965714840684,10254.965714840684
19,2012-06-15,1440263.15,0,test,1397419.347297391,42843.802702608984,42843.802702608984
20,2012-06-15,2165160.29,0,test,2050669.4488956053,114490.84110439476,114490.84110439476
21,2012-06-15,727049.04,0,test,750319.3047451854,-23270.264745185385,23270.264745185385
22,2012-06-15,1061219.19,0,test,975027.0196814876,86192.17031851236,86192.17031851236
23,2012-06-15,1543667.68,0,test,1337889.1240361007,205778.55596389924,205778.55596389924
24,2012-06-15,1364445.98,0,test,1273706.9658400277,90739.01415997231,90739.01415997231
25,2012-06-15,753860.89,0,test,673999.4046378854,79861.48536211462,79861.48536211462
26,2012-06-15,1029248.22,0,test,949334.6414095653,79913.57859043463,79913.57859043463
27,2012-06-15,1773500.56,0,test,1735861.1807807833,37639.37921921676,37639.37921921676
28,2012-06-15,1229760.97,0,test,1337331.543033936,-107570.57303393609,107570.57303393609
29,2012-06-15,552338.76,0,test,499559.9418980775,52778.818101922516,52778.818101922516
30,2012-06-15,438523.24,0,test,423592.1182745972,14931.121725402772,14931.121725402772
31,2012-06-15,1431003.43,0,test,1362138.320274598,68865.10972540197,68865.10972540197
32,2012-06-15,1234759.54,0,test,1130829.7930749536,103929.74692504643,103929.74692504643
33,2012-06-15,290444.31,0,test,253813.95578032802,36630.35421967198,36630.35421967198
34,2012-06-15,982345.51,0,test,902810.7747521272,79534.73524787277,79534.73524787277
35,2012-06-15,848289.41,0,test,896780.2503468783,-48490.84034687828,48490.84034687828
36,2012-06-15,333146.88,0,test,400544.71466454957,-67397.83466454956,67397.83466454956
37,2012-06-15,508573.16,0,test,498097.3496436622,10475.810356337752,10475.810356337752
38,2012-06-15,430222.07,0,test,366784.53773981833,63437.53226018167,63437.53226018167
39,2012-06-15,1587499.82,0,test,1356348.4827453578,231151.33725464228,231151.33725464228
40,2012-06-15,977950.28,0,test,920767.2267526833,57183.05324731674,57183.05324731674
41,2012-06-15,1384584.59,0,test,1196513.5206964058,188071.0693035943,188071.0693035943
42,2012-06-15,606309.13,0,test,532448.3253983774,73860.80460162263,73860.80460162263
43,2012-06-15,634815.1,0,test,620250.5507433114,14564.549256688566,14564.549256688566
44,2012-06-15,338400.82,0,test,269732.37154456007,68668.44845543994,68668.44845543994
45,2012-06-15,821498.18,0,test,735213.745837125,86284.43416287506,86284.43416287506
1,2012-06-22,1527845.81,0,test,1447535.1387834975,80310.67121650255,80310.67121650255
2,2012-06-22,1887733.21,0,test,1879064.3374928627,8668.872507137246,8668.872507137246
3,2012-06-22,419497.95,0,test,335108.3687993721,84389.5812006279,84389.5812006279
4,2012-06-22,2197299.65,0,test,2001922.4794950439,195377.17050495604,195377.17050495604
5,2012-06-22,325041.68,0,test,251148.89518511493,73892.78481488506,73892.78481488506
6,2012-06-22,1618272.25,0,test,1509297.601114294,108974.64888570597,108974.64888570597
7,2012-06-22,687344.68,0,test,534075.6408192867,153269.03918071336,153269.03918071336
8,2012-06-22,899449.65,0,test,850523.2593051215,48926.39069487853,48926.39069487853
9,2012-06-22,562173.12,0,test,478566.10403416643,83607.01596583356,83607.01596583356
10,2012-06-22,1755334.18,0,test,1870586.394276159,-115252.21427615895,115252.21427615895
11,2012-06-22,1355680.3,0,test,1282258.2681422327,73422.03185776738,73422.03185776738
12,2012-06-22,981386.25,0,test,990534.2109996331,-9147.96099963307,9147.96099963307
13,2012-06-22,2094373.0,0,test,1932452.875991933,161920.12400806695,161920.12400806695
14,2012-06-22,1660228.88,0,test,2036923.9617228743,-376695.0817228744,376695.0817228744
15,2012-06-22,687085.6,0,test,567712.0350414666,119373.56495853339,119373.56495853339
16,2012-06-22,581745.72,0,test,494103.48620277725,87642.23379722273,87642.23379722273
17,2012-06-22,981210.57,0,test,798074.8436406448,183135.72635935515,183135.72635935515
18,2012-06-22,1080357.89,0,test,1035883.5309553838,44474.35904461611,44474.35904461611
19,2012-06-22,1468350.36,0,test,1395015.932899089,73334.42710091104,73334.42710091104
20,2012-06-22,2060588.69,0,test,2041195.242513257,19393.447486742865,19393.447486742865
21,2012-06-22,735870.0,0,test,727916.7405096997,7953.259490300319,7953.259490300319
22,2012-06-22,1112449.3,0,test,962917.4820140295,149531.81798597053,149531.81798597053
23,2012-06-22,1522042.57,0,test,1334305.42620911,187737.14379089,187737.14379089
24,2012-06-22,1434709.63,0,test,1261134.75257805,173574.87742195,173574.87742195
25,2012-06-22,721601.9,0,test,665029.4362157197,56572.46378428035,56572.46378428035
26,2012-06-22,1056282.91,0,test,940456.4450006606,115826.46499933931,115826.46499933931
27,2012-06-22,1837884.79,0,test,1722438.7499611126,115446.04003888741,115446.04003888741
28,2012-06-22,1180671.55,0,test,1326682.5291172802,-146010.9791172801,146010.9791172801
29,2012-06-22,581854.5,0,test,487460.2251880083,94394.27481199172,94394.27481199172
30,2012-06-22,428554.63,0,test,401189.5540391116,27365.07596088841,27365.07596088841
31,2012-06-22,1394065.76,0,test,1339735.756039112,54330.0039608879,54330.0039608879
32,2012-06-22,1196880.11,0,test,1120866.8715663734,76013.23843362671,76013.23843362671
33,2012-06-22,261666.29,0,test,236553.82194128237,25112.46805871764,25112.46805871764
34,2012-06-22,1000285.1,0,test,886053.2581773814,114231.84182261862,114231.84182261862
35,2012-06-22,911696.0,0,test,883646.1744647024,28049.825535297627,28049.825535297627
36,2012-06-22,306411.01,0,test,372406.7187025668,-65995.7087025668,65995.7087025668
37,2012-06-22,484032.75,0,test,470031.44241605303,14001.307583946967,14001.307583946967
38,2012-06-22,405938.35,0,test,356135.5238231624,49802.82617683755,49802.82617683755
39,2012-06-22,1532316.79,0,test,1329010.919238012,203305.870761988,203305.870761988
40,2012-06-22,1033552.18,0,test,913933.9954045179,119618.18459548219,119618.18459548219
41,2012-06-22,1386407.17,0,test,1181003.9816258205,205403.18837417942,205403.18837417942
42,2012-06-22,540031.29,0,test,509669.5872173364,30361.702782663633,30361.702782663633
43,2012-06-22,613270.79,0,test,596387.0479734985,16883.742026501568,16883.742026501568
44,2012-06-22,336241.0,0,test,266585.9348869055,69655.06511309452,69655.06511309452
45,2012-06-22,822569.16,0,test,718117.927605228,104451.232394772,104451.232394772
1,2012-06-29,1540421.49,0,test,1444067.1571520146,96354.33284798544,96354.33284798544
2,2012-06-29,1881046.12,0,test,1872205.7279509595,8840.392049040645,8840.392049040645
3,2012-06-29,422965.33,0,test,323890.6854092493,99074.64459075074,99074.64459075074
4,2012-06-29,2128362.92,0,test,1986741.8885740512,141621.03142594872,141621.03142594872
5,2012-06-29,329658.1,0,test,247738.6087260201,81919.49127397989,81919.49127397989
6,2012-06-29,1648863.46,0,test,1504881.7361435078,143981.7238564922,143981.7238564922
7,2012-06-29,704335.41,0,test,527533.8313457818,176801.57865421823,176801.57865421823
8,2012-06-29,878298.22,0,test,844628.2269436995,33669.993056300445,33669.993056300445
9,2012-06-29,544770.7,0,test,474100.29683350667,70670.40316649328,70670.40316649328
10,2012-06-29,1707481.9,0,test,1849741.2972324756,-142259.3972324757,142259.3972324757
11,2012-06-29,1297028.6,0,test,1273505.748113001,23522.851886999095,23522.851886999095
12,2012-06-29,943124.74,0,test,962461.7031933368,-19336.96319333685,19336.96319333685
13,2012-06-29,2037663.71,0,test,1936085.6011725224,101578.10882747755,101578.10882747755
14,2012-06-29,1591835.02,0,test,2018120.2581144734,-426285.2381144734,426285.2381144734
15,2012-06-29,624099.48,0,test,531165.7289566079,92933.75104339211,92933.75104339211
16,2012-06-29,570162.28,0,test,492463.9902310447,77698.28976895532,77698.28976895532
17,2012-06-29,982322.24,0,test,799270.418680353,183051.82131964702,183051.82131964702
18,2012-06-29,1097006.3,0,test,1012387.4656167643,84618.83438323578,84618.83438323578
19,2012-06-29,1379652.65,0,test,1356956.9129336835,22695.73706631642,22695.73706631642
20,2012-06-29,2055952.61,0,test,2013009.1257110194,42943.48428898072,42943.48428898072
21,2012-06-29,716341.39,0,test,723831.4397487993,-7490.049748799298,7490.049748799298
22,2012-06-29,1053881.78,0,test,942577.0900764043,111304.68992359575,111304.68992359575
23,2012-06-29,1451782.16,0,test,1291648.3183835633,160133.8416164366,160133.8416164366
24,2012-06-29,1428869.9,0,test,1234337.0470567152,194532.85294328467,194532.85294328467
25,2012-06-29,718890.81,0,test,633145.5743721451,85745.23562785494,85745.23562785494
26,2012-06-29,1051190.44,0,test,912534.290900441,138656.14909955894,138656.14909955894
27,2012-06-29,1842555.32,0,test,1702914.6611822615,139640.65881773853,139640.65881773853
28,2012-06-29,1129031.98,0,test,1298610.021310984,-169578.04131098394,169578.04131098394
29,2012-06-29,555954.13,0,test,467129.65371053293,88824.47628946707,88824.47628946707
30,2012-06-29,423192.4,0,test,397104.2532782111,26088.146721788915,26088.146721788915
31,2012-06-29,1349202.25,0,test,1335650.4552782117,13551.794721788261,13551.794721788261
32,2012-06-29,1178211.81,0,test,1119787.6399948434,58424.17000515666,58424.17000515666
33,2012-06-29,244338.31,0,test,218397.9940185711,25940.315981428896,25940.315981428896
34,2012-06-29,942970.63,0,test,872161.2753768546,70809.35462314542,70809.35462314542
35,2012-06-29,892133.41,0,test,864013.9525842905,28119.457415709505,28119.457415709505
36,2012-06-29,291530.43,0,test,367443.6494319292,-75913.21943192923,75913.21943192923
37,2012-06-29,508309.81,0,test,465969.48232508556,42340.32767491444,42340.32767491444
38,2012-06-29,404634.36,0,test,328063.0160168662,76571.34398313379,76571.34398313379
39,2012-06-29,1492388.98,0,test,1323828.4303466394,168560.54965336062,168560.54965336062
40,2012-06-29,988764.84,0,test,878812.4437616954,109952.39623830456,109952.39623830456
41,2012-06-29,1355600.01,0,test,1187096.134376883,168503.87562311697,168503.87562311697
42,2012-06-29,507403.77,0,test,488824.4901736531,18579.2798263469,18579.2798263469
43,2012-06-29,593128.13,0,test,581260.286937569,11867.84306243097,11867.84306243097
44,2012-06-29,338386.08,0,test,270218.66006749484,68167.41993250517,68167.41993250517
45,2012-06-29,773367.71,0,test,699314.223996827,74053.48600317293,74053.48600317293
1,2012-07-06,1769854.16,0,test,1457227.5524795137,312626.6075204862,312626.6075204862
2,2012-07-06,2041507.4,0,test,1891038.7834449592,150468.6165550407,150468.6165550407
3,2012-07-06,411206.5,0,test,339588.05756806314,71618.44243193686,71618.44243193686
4,2012-07-06,2224499.28,0,test,1997479.2717555037,227020.00824449607,227020.00824449607
5,2012-07-06,341214.43,0,test,255971.32010317268,85243.10989682731,85243.10989682731
6,2012-07-06,1876359.39,0,test,1516561.9058286645,359797.48417133535,359797.48417133535
7,2012-07-06,805642.61,0,test,538311.6027966869,267331.00720331306,267331.00720331306
8,2012-07-06,936205.5,0,test,859128.5961982997,77076.90380170033,77076.90380170033
9,2012-07-06,578790.36,0,test,488750.0320918452,90040.32790815481,90040.32790815481
10,2012-07-06,1805999.79,0,test,1853215.085017453,-47215.29501745291,47215.29501745291
11,2012-07-06,1461129.94,0,test,1286009.6131906605,175120.32680933946,175120.32680933946
12,2012-07-06,1014898.78,0,test,990902.9527893226,23995.82721067744,23995.82721067744
13,2012-07-06,2184980.35,0,test,1949764.0861851538,235216.2638148463,235216.2638148463
14,2012-07-06,1862128.95,0,test,2054248.1156030977,-192119.16560309776,192119.16560309776
15,2012-07-06,678024.75,0,test,563835.9696860195,114188.78031398053,114188.78031398053
16,2012-07-06,641763.53,0,test,492989.54760790465,148773.98239209538,148773.98239209538
17,2012-07-06,1046782.52,0,test,817007.4572677563,229775.06273224368,229775.06273224368
18,2012-07-06,1158247.31,0,test,1040078.6218332144,118168.68816678564,118168.68816678564
19,2012-07-06,1557120.44,0,test,1390803.7089035204,166316.73109647958,166316.73109647958
20,2012-07-06,2358055.3,0,test,2040930.2433244872,317125.0566755126,317125.0566755126
21,2012-07-06,693013.59,0,test,740787.6095021204,-47774.01950212044,47774.01950212044
22,2012-07-06,1097786.14,0,test,975518.7178680307,122267.42213196924,122267.42213196924
23,2012-07-06,1545370.16,0,test,1326499.536934127,218870.62306587282,218870.62306587282
24,2012-07-06,1645097.75,0,test,1271825.9112172755,373271.83878272446,373271.83878272446
25,2012-07-06,753385.55,0,test,662831.5248462509,90554.02515374916,90554.02515374916
26,2012-07-06,1180470.8,0,test,943619.6251822701,236851.17481772997,236851.17481772997
27,2012-07-06,2062224.92,0,test,1743792.0544618168,318432.86553818313,318432.86553818313
28,2012-07-06,1500863.54,0,test,1327051.27090697,173812.26909303013,173812.26909303013
29,2012-07-06,578832.41,0,test,495015.1376290873,83817.27237091272,83817.27237091272
30,2012-07-06,440553.42,0,test,414060.42303153255,26492.99696846743,26492.99696846743
31,2012-07-06,1458059.42,0,test,1352606.625031533,105452.79496846697,105452.79496846697
32,2012-07-06,1214183.97,0,test,1133086.6012466599,81097.3687533401,81097.3687533401
33,2012-07-06,273690.37,0,test,221562.66234436887,52127.70765563112,52127.70765563112
34,2012-07-06,1007867.68,0,test,884135.7439537543,123731.93604624574,123731.93604624574
35,2012-07-06,985479.64,0,test,905122.3598987169,80357.2801012831,80357.2801012831
36,2012-07-06,306578.89,0,test,379433.434200812,-72854.544200812,72854.544200812
37,2012-07-06,519498.32,0,test,477310.4684846058,42187.85151539423,42187.85151539423
38,2012-07-06,471086.22,0,test,356504.2656128518,114581.95438714814,114581.95438714814
39,2012-07-06,1659221.99,0,test,1336542.064286656,322679.925713344,322679.925713344
40,2012-07-06,1182901.56,0,test,908145.057970264,274756.50202973606,274756.50202973606
41,2012-07-06,1456300.89,0,test,1201107.9801258221,255192.90987417777,255192.90987417777
42,2012-07-06,618702.09,0,test,492298.27795863023,126403.81204136973,126403.81204136973
43,2012-07-06,645618.59,0,test,584988.641626596,60629.94837340398,60629.94837340398
44,2012-07-06,358461.58,0,test,284257.1628146629,74204.41718533711,74204.41718533711
45,2012-07-06,843361.1,0,test,735442.0814854512,107919.01851454878,107919.01851454878
1,2012-07-13,1527014.04,0,test,1431099.4050050308,95914.63499496924,95914.63499496924
2,2012-07-13,1830075.13,0,test,1866086.1619272302,-36011.0319272303,36011.0319272303
3,2012-07-13,416913.1,0,test,323526.6157641428,93386.48423585715,93386.48423585715
4,2012-07-13,2100252.61,0,test,1973889.7871029004,126362.82289709942,126362.82289709942
5,2012-07-13,316203.64,0,test,237912.64822673565,78290.99177326437,78290.99177326437
6,2012-07-13,1588142.26,0,test,1495396.664437015,92745.59556298493,92745.59556298493
7,2012-07-13,694150.89,0,test,521157.1243706356,172993.7656293644,172993.7656293644
8,2012-07-13,890488.01,0,test,837688.7553792117,52799.25462078827,52799.25462078827
9,2012-07-13,536537.64,0,test,470168.0901567971,66369.54984320293,66369.54984320293
10,2012-07-13,1765571.91,0,test,1848387.0013951077,-82815.0913951078,82815.0913951078
11,2012-07-13,1320239.51,0,test,1269612.0127466186,50627.497253381414,50627.497253381414
12,2012-07-13,960312.75,0,test,992451.1699190788,-32138.41991907882,32138.41991907882
13,2012-07-13,2002750.99,0,test,1945877.9302231618,56873.05977683817,56873.05977683817
14,2012-07-13,1544422.35,0,test,2032782.1476464034,-488359.7976464033,488359.7976464033
15,2012-07-13,591335.5,0,test,544984.7879600757,46350.71203992434,46350.71203992434
16,2012-07-13,569005.06,0,test,476563.41290211654,92441.64709788351,92441.64709788351
17,2012-07-13,960746.04,0,test,811944.746065339,148801.29393466108,148801.29393466108
18,2012-07-13,1024784.92,0,test,1023391.9144245776,1393.0055754224304,1393.0055754224304
19,2012-07-13,1321741.35,0,test,1369487.3638166855,-47746.013816685416,47746.013816685416
20,2012-07-13,2134680.12,0,test,2025349.0670794754,109331.05292052473,109331.05292052473
21,2012-07-13,668132.36,0,test,719420.6801456877,-51288.32014568767,51288.32014568767
22,2012-07-13,971361.38,0,test,957113.3830813875,14247.996918612509,14247.996918612509
23,2012-07-13,1384921.63,0,test,1307907.9305648017,77013.69943519821,77013.69943519821
24,2012-07-13,1405475.78,0,test,1253534.9938915344,151940.78610846563,151940.78610846563
25,2012-07-13,714093.95,0,test,645233.3967605099,68860.55323949002,68860.55323949002
26,2012-07-13,1063149.78,0,test,928389.6052141599,134760.1747858401,134760.1747858401
27,2012-07-13,1755889.53,0,test,1721821.58435736,34067.945642640116,34067.945642640116
28,2012-07-13,1179915.04,0,test,1328599.4880367261,-148684.4480367261,148684.4480367261
29,2012-07-13,514709.76,0,test,476619.6237998329,38090.13620016712,38090.13620016712
30,2012-07-13,417640.34,0,test,392693.4936750999,24946.846324900107,24946.846324900107
31,2012-07-13,1374301.34,0,test,1331239.6956751002,43061.644324899884,43061.644324899884
32,2012-07-13,1141184.66,0,test,1097303.3315138738,43881.32848612615,43881.32848612615
33,2012-07-13,287033.64,0,test,220824.5088435019,66209.1311564981,66209.1311564981
34,2012-07-13,954677.75,0,test,859369.7040607254,95308.0459392746,95308.0459392746
35,2012-07-13,825763.48,0,test,883332.1116301944,-57568.63163019437,57568.63163019437
36,2012-07-13,298337.41,0,test,355748.3032759235,-57410.8932759235,57410.8932759235
37,2012-07-13,506005.47,0,test,454202.04743470624,51803.42256529373,51803.42256529373
38,2012-07-13,416036.75,0,test,358052.48274260806,57984.26725739194,57984.26725739194
39,2012-07-13,1471261.76,0,test,1314778.2777972424,156483.48220275762,156483.48220275762
40,2012-07-13,979848.71,0,test,889749.5441410094,90099.16585899051,90099.16585899051
41,2012-07-13,1332594.07,0,test,1164988.5517529142,167605.51824708586,167605.51824708586
42,2012-07-13,628099.08,0,test,487470.1943362849,140628.88566371507,140628.88566371507
43,2012-07-13,627634.04,0,test,560479.9810324667,67154.05896753329,67154.05896753329
44,2012-07-13,336479.49,0,test,280371.0068526709,56108.48314732907,56108.48314732907
45,2012-07-13,749817.08,0,test,713976.1135287571,35840.966471242835,35840.966471242835
1,2012-07-20,1497954.76,0,test,1430191.7237082056,67763.03629179439,67763.03629179439
2,2012-07-20,1819666.46,0,test,1864505.492575441,-44839.03257544106,44839.03257544106
3,2012-07-20,432424.85,0,test,310859.8784839179,121564.97151608206,121564.97151608206
4,2012-07-20,2175563.69,0,test,1969596.386529724,205967.30347027583,205967.30347027583
5,2012-07-20,321205.12,0,test,228518.0497218935,92687.07027810649,92687.07027810649
6,2012-07-20,1574361.97,0,test,1488889.317099473,85472.652900527,85472.652900527
7,2012-07-20,686345.69,0,test,504466.51203332585,181879.1779666741,181879.1779666741
8,2012-07-20,888834.07,0,test,831689.254958802,57144.81504119793,57144.81504119793
9,2012-07-20,513991.57,0,test,462824.31467932893,51167.25532067107,51167.25532067107
10,2012-07-20,1869967.03,0,test,1816483.838430887,53483.19156911294,53483.19156911294
11,2012-07-20,1344483.81,0,test,1259326.3991672546,85157.41083274549,85157.41083274549
12,2012-07-20,941550.34,0,test,952235.8321946602,-10685.49219466024,10685.49219466024
13,2012-07-20,2053089.32,0,test,1910003.4920590138,143085.82794098626,143085.82794098626
14,2012-07-20,1553250.16,0,test,2019158.2393454295,-465908.07934542955,465908.07934542955
15,2012-07-20,592369.22,0,test,541744.9510746701,50624.2689253299,50624.2689253299
16,2012-07-20,565297.54,0,test,458416.11312428035,106881.42687571968,106881.42687571968
17,2012-07-20,944698.7,0,test,791869.763986903,152828.93601309694,152828.93601309694
18,2012-07-20,1033543.56,0,test,1019387.8810419384,14155.678958061617,14155.678958061617
19,2012-07-20,1317672.92,0,test,1367115.9367515938,-49443.01675159391,49443.01675159391
20,2012-07-20,1970170.29,0,test,2008536.3791456197,-38366.089145619655,38366.089145619655
21,2012-07-20,691200.33,0,test,714142.2657525616,-22941.935752561665,22941.935752561665
22,2012-07-20,991969.37,0,test,948726.7295258228,43242.6404741772,43242.6404741772
23,2012-07-20,1381339.23,0,test,1302783.3683817573,78555.86161824269,78555.86161824269
24,2012-07-20,1394299.0,0,test,1245729.002144478,148569.99785552197,148569.99785552197
25,2012-07-20,685676.58,0,test,635928.2517893685,49748.3282106315,49748.3282106315
26,2012-07-20,1049625.9,0,test,924217.49251146,125408.40748853993,125408.40748853993
27,2012-07-20,1730913.66,0,test,1710221.2500575911,20692.40994240879,20692.40994240879
28,2012-07-20,1149427.48,0,test,1288384.1503123073,-138956.6703123073,138956.6703123073
29,2012-07-20,506705.36,0,test,468189.50165559363,38515.858344406355,38515.858344406355
30,2012-07-20,427491.04,0,test,387415.07928197377,40075.96071802621,40075.96071802621
31,2012-07-20,1392395.2,0,test,1325961.2812819742,66433.91871802579,66433.91871802579
32,2012-07-20,1167829.33,0,test,1101706.67384419,66122.65615581,66122.65615581
33,2012-07-20,253205.89,0,test,186792.34115851147,66413.54884148855,66413.54884148855
34,2012-07-20,950929.59,0,test,858998.1542889671,91931.43571103283,91931.43571103283
35,2012-07-20,841224.74,0,test,871767.8216976121,-30543.08169761207,30543.08169761207
36,2012-07-20,303289.55,0,test,355744.885724258,-52455.33572425804,52455.33572425804
37,2012-07-20,503744.56,0,test,454162.58551585395,49581.97448414605,49581.97448414605
38,2012-07-20,441683.74,0,test,317837.14501818945,123846.59498181054,123846.59498181054
39,2012-07-20,1582168.27,0,test,1310676.8989769216,271491.37102307845,271491.37102307845
40,2012-07-20,968502.38,0,test,887510.3436190083,80992.03638099169,80992.03638099169
41,2012-07-20,1347175.93,0,test,1171156.7269438687,176019.20305613126,176019.20305613126
42,2012-07-20,530318.39,0,test,455567.03137206414,74751.35862793587,74751.35862793587
43,2012-07-20,596554.05,0,test,564362.1377046583,32191.912295341725,32191.912295341725
44,2012-07-20,337819.16,0,test,244496.56868852302,93322.59131147695,93322.59131147695
45,2012-07-20,737613.65,0,test,700352.2052277832,37261.44477221684,37261.44477221684
1,2012-07-27,1439123.71,0,test,1430700.0472474617,8423.662752538221,8423.662752538221
2,2012-07-27,1757923.88,0,test,1867534.3351408876,-109610.45514088776,109610.45514088776
3,2012-07-27,389427.9,0,test,315072.4434853648,74355.45651463524,74355.45651463524
4,2012-07-27,2048613.65,0,test,1969148.4934640047,79465.1565359952,79465.1565359952
5,2012-07-27,306827.36,0,test,233985.8016579937,72841.55834200629,72841.55834200629
6,2012-07-27,1513229.16,0,test,1494919.2234392709,18309.936560729053,18309.936560729053
7,2012-07-27,686365.4,0,test,499752.1231095261,186613.2768904739,186613.2768904739
8,2012-07-27,838227.52,0,test,830887.5450703179,7339.9749296820955,7339.9749296820955
9,2012-07-27,495951.0,0,test,465524.6162982994,30426.3837017006,30426.3837017006
10,2012-07-27,1817603.66,0,test,1812476.645727999,5127.0142720008735,5127.0142720008735
11,2012-07-27,1272395.02,0,test,1262026.2502881545,10368.769711845554,10368.769711845554
12,2012-07-27,916967.92,0,test,966849.6792156972,-49881.75921569718,49881.75921569718
13,2012-07-27,1914430.53,0,test,1913390.344691218,1040.1853087819181,1040.1853087819181
14,2012-07-27,1479514.66,0,test,2008030.7094422968,-528516.0494422968,528516.0494422968
15,2012-07-27,571190.83,0,test,531549.2786054909,39641.551394509035,39641.551394509035
16,2012-07-27,539337.87,0,test,450452.1906793058,88885.67932069418,88885.67932069418
17,2012-07-27,907493.24,0,test,792119.135977973,115374.104022027,115374.104022027
18,2012-07-27,924506.26,0,test,1000756.3095712309,-76250.04957123089,76250.04957123089
19,2012-07-27,1248915.43,0,test,1355995.8280220805,-107080.39802208054,107080.39802208054
20,2012-07-27,1911559.1,0,test,1998141.9204110228,-86582.82041102275,86582.82041102275
21,2012-07-27,677789.14,0,test,719132.033718717,-41342.89371871704,41342.89371871704
22,2012-07-27,925731.21,0,test,934088.4901679794,-8357.280167979421,8357.280167979421
23,2012-07-27,1322932.36,0,test,1291547.2869937234,31385.07300627674,31385.07300627674
24,2012-07-27,1307339.14,0,test,1231639.4920938914,75699.64790610853,75699.64790610853
25,2012-07-27,659109.53,0,test,625813.925254873,33295.60474512703,33295.60474512703
26,2012-07-27,1031745.14,0,test,910712.3403026058,121032.79969739425,121032.79969739425
27,2012-07-27,1625883.71,0,test,1696651.4328386125,-70767.7228386125,70767.7228386125
28,2012-07-27,1135035.09,0,test,1302997.9973333445,-167962.90733334445,167962.90733334445
29,2012-07-27,475158.24,0,test,453507.794206314,21650.44579368597,21650.44579368597
30,2012-07-27,424581.17,0,test,392404.8472481292,32176.322751870786,32176.322751870786
31,2012-07-27,1303732.36,0,test,1330951.0492481296,-27218.689248129493,27218.689248129493
32,2012-07-27,1144901.52,0,test,1091585.7334584359,53315.78654156416,53315.78654156416
33,2012-07-27,249134.32,0,test,190993.0219185911,58141.298081408895,58141.298081408895
34,2012-07-27,917883.79,0,test,852051.1941808981,65832.5958191019,65832.5958191019
35,2012-07-27,808030.15,0,test,857909.6495411391,-49879.499541139114,49879.499541139114
36,2012-07-27,279643.43,0,test,356072.79748247727,-76429.36748247728,76429.36748247728
37,2012-07-27,514489.17,0,test,454670.7191100073,59818.4508899927,59818.4508899927
38,2012-07-27,407186.47,0,test,332450.9920392266,74735.4779607734,74735.4779607734
39,2012-07-27,1487797.54,0,test,1312109.4688314092,175688.0711685908,175688.0711685908
40,2012-07-27,954396.85,0,test,874173.2707302148,80223.5792697852,80223.5792697852
41,2012-07-27,1344723.97,0,test,1159495.0594575573,185228.9105424427,185228.9105424427
42,2012-07-27,516352.21,0,test,451559.83866917645,64792.371330823575,64792.371330823575
43,2012-07-27,572447.52,0,test,553496.6722615643,18950.847738435725,18950.847738435725
44,2012-07-27,319855.26,0,test,247883.4213207272,71971.8386792728,71971.8386792728
45,2012-07-27,711671.58,0,test,689224.6753246505,22446.904675349477,22446.904675349477
1,2012-08-03,1631135.79,0,test,1482819.1671794087,148316.62282059132,148316.62282059132
2,2012-08-03,1946104.64,0,test,1920773.3126012797,25331.327398720197,25331.327398720197
3,2012-08-03,419990.29,0,test,362043.6273563019,57946.6626436981,57946.6626436981
4,2012-08-03,2174514.13,0,test,2019783.4485696969,154730.68143030303,154730.68143030303
5,2012-08-03,324195.17,0,test,281623.89484337193,42571.27515662805,42571.27515662805
6,2012-08-03,1627274.93,0,test,1542335.100868063,84939.82913193689,84939.82913193689
7,2012-08-03,680954.81,0,test,532779.5986221791,148175.21137782093,148175.21137782093
8,2012-08-03,897076.73,0,test,882733.1197204221,14343.6102795779,14343.6102795779
9,2012-08-03,533887.54,0,test,518687.171792307,15200.368207693042,15200.368207693042
10,2012-08-03,1939440.09,0,test,1850532.411891779,88907.67810822115,88907.67810822115
11,2012-08-03,1399341.07,0,test,1308717.3019589903,90623.76804100978,90623.76804100978
12,2012-08-03,958667.23,0,test,993792.7149791324,-35125.48497913242,35125.48497913242
13,2012-08-03,2044148.23,0,test,1959029.765946632,85118.46405336796,85118.46405336796
14,2012-08-03,1656886.46,0,test,2048590.3671279033,-391703.9071279033,391703.9071279033
15,2012-08-03,590739.62,0,test,571259.5148923883,19480.105107611744,19480.105107611744
16,2012-08-03,584000.71,0,test,490090.7861143487,93909.92388565128,93909.92388565128
17,2012-08-03,877813.33,0,test,829830.8159705208,47982.51402947912,47982.51402947912
18,2012-08-03,1052066.58,0,test,1041711.0784642306,10355.501535769436,10355.501535769436
19,2012-08-03,1342123.78,0,test,1395005.7338087244,-52881.953808724415,52881.953808724415
20,2012-08-03,2094515.71,0,test,2040835.3107629102,53680.39923708979,53680.39923708979
21,2012-08-03,693785.85,0,test,771334.5220387346,-77548.67203873466,77548.67203873466
22,2012-08-03,1007257.83,0,test,974442.4235894206,32815.40641057934,32815.40641057934
23,2012-08-03,1416926.31,0,test,1339505.360889255,77420.94911074499,77420.94911074499
24,2012-08-03,1440374.13,0,test,1272498.2704012038,167875.85959879612,167875.85959879612
25,2012-08-03,709724.6,0,test,665621.953945717,44102.64605428302,44102.64605428302
26,2012-08-03,1090915.09,0,test,956653.462357408,134261.62764259207,134261.62764259207
27,2012-08-03,1705810.84,0,test,1736349.1112741637,-30538.27127416362,30538.27127416362
28,2012-08-03,1376520.1,0,test,1329941.0330967796,46579.06690322049,46579.06690322049
29,2012-08-03,504754.74,0,test,493818.2590390808,10936.480960919173,10936.480960919173
30,2012-08-03,425136.55,0,test,444607.33556814666,-19470.785568146675,19470.785568146675
31,2012-08-03,1390174.63,0,test,1383153.537568147,7021.092431852827,7021.092431852827
32,2012-08-03,1183571.35,0,test,1125453.6055713925,58117.744428607635,58117.744428607635
33,2012-08-03,258533.12,0,test,221765.350879738,36767.769120262004,36767.769120262004
34,2012-08-03,973250.41,0,test,899408.6025454055,73841.80745459453,73841.80745459453
35,2012-08-03,866216.36,0,test,897895.682914185,-31679.322914185002,31679.322914185002
36,2012-08-03,304989.97,0,test,402969.3166273042,-97979.34662730421,97979.34662730421
37,2012-08-03,521959.28,0,test,501495.1495204605,20464.13047953951,20464.13047953951
38,2012-08-03,469311.17,0,test,359394.02780266176,109917.14219733822,109917.14219733822
39,2012-08-03,1608277.74,0,test,1357813.3704414575,250464.3695585425,250464.3695585425
40,2012-08-03,1068346.76,0,test,922327.4371658172,146019.32283418276,146019.32283418276
41,2012-08-03,1439607.35,0,test,1199861.9986128635,239745.35138713662,239745.35138713662
42,2012-08-03,573084.71,0,test,489615.60483295633,83469.10516704363,83469.10516704363
43,2012-08-03,614378.94,0,test,604494.8412376293,9884.098762370646,9884.098762370646
44,2012-08-03,342385.38,0,test,293522.84257614124,48862.53742385877,48862.53742385877
45,2012-08-03,725729.51,0,test,729784.3330102568,-4054.823010256747,4054.823010256747
1,2012-08-10,1592409.97,0,test,1479572.1299865893,112837.84001341066,112837.84001341066
2,2012-08-10,1866719.96,0,test,1915816.7987103602,-49096.83871036023,49096.83871036023
3,2012-08-10,391811.6,0,test,359811.56300193956,32000.036998060415,32000.036998060415
4,2012-08-10,2193367.69,0,test,2018634.402113872,174733.28788612783,174733.28788612783
5,2012-08-10,306759.7,0,test,281487.4135267284,25272.28647327161,25272.28647327161
6,2012-08-10,1588380.73,0,test,1540631.7692343479,47748.960765652126,47748.960765652126
7,2012-08-10,675926.3,0,test,533674.6787772962,142251.62122270383,142251.62122270383
8,2012-08-10,930745.69,0,test,878764.3267200751,51981.363279924844,51981.363279924844
9,2012-08-10,538713.47,0,test,514018.406800657,24695.063199342985,24695.063199342985
10,2012-08-10,1880436.94,0,test,1872177.241042005,8259.698957995046,8259.698957995046
11,2012-08-10,1388973.65,0,test,1306401.1979445976,82572.45205540233,82572.45205540233
12,2012-08-10,984689.9,0,test,1014336.5106052876,-29646.6106052876,29646.6106052876
13,2012-08-10,2041019.92,0,test,1955076.5236365472,85943.39636345278,85943.39636345278
14,2012-08-10,1648570.03,0,test,2053737.1198929143,-405167.0898929143,405167.0898929143
15,2012-08-10,590453.63,0,test,572010.7360571048,18442.89394289523,18442.89394289523
16,2012-08-10,554036.84,0,test,491181.95880953677,62854.8811904632,62854.8811904632
17,2012-08-10,849074.04,0,test,827698.4329610943,21375.607038905728,21375.607038905728
18,2012-08-10,967304.07,0,test,1049622.4993867488,-82318.42938674882,82318.42938674882
19,2012-08-10,1408907.89,0,test,1396261.1929336234,12646.697066376451,12646.697066376451
20,2012-08-10,2144245.39,0,test,2042092.9538920247,102152.43610797543,102152.43610797543
21,2012-08-10,700272.01,0,test,765453.5718874807,-65181.56188748067,65181.56188748067
22,2012-08-10,973812.79,0,test,984414.2644441043,-10601.474444104242,10601.474444104242
23,2012-08-10,1436311.76,0,test,1337836.2605683098,98475.4994316902,98475.4994316902
24,2012-08-10,1497054.81,0,test,1277199.355587348,219855.45441265195,219855.45441265195
25,2012-08-10,710496.97,0,test,664582.5130340012,45914.45696599875,45914.45696599875
26,2012-08-10,1121476.51,0,test,960026.7416382857,161449.76836171432,161449.76836171432
27,2012-08-10,1720537.26,0,test,1743754.9204527067,-23217.66045270674,23217.66045270674
28,2012-08-10,1269113.41,0,test,1350484.8287229347,-81371.41872293479,81371.41872293479
29,2012-08-10,518628.42,0,test,503746.63180232805,14881.788197671936,14881.788197671936
30,2012-08-10,430878.28,0,test,438726.3854168928,-7848.105416892795,7848.105416892795
31,2012-08-10,1386472.59,0,test,1377272.5874168933,9200.002583106747,9200.002583106747
32,2012-08-10,1227469.2,0,test,1124275.7074457603,103193.4925542397,103193.4925542397
33,2012-08-10,297753.49,0,test,248788.71827190835,48964.77172809164,48964.77172809164
34,2012-08-10,1004523.59,0,test,898203.5296495606,106320.0603504394,106320.0603504394
35,2012-08-10,888368.8,0,test,906166.5569052111,-17797.75690521102,17797.75690521102
36,2012-08-10,298947.51,0,test,399794.3698139725,-100846.85981397249,100846.85981397249
37,2012-08-10,500964.59,0,test,497995.8034024477,2968.786597552302,2968.786597552302
38,2012-08-10,436690.13,0,test,379937.823428817,56752.30657118303,56752.30657118303
39,2012-08-10,1641867.92,0,test,1355910.7778640217,285957.1421359782,285957.1421359782
40,2012-08-10,1007906.43,0,test,921582.7731052061,86323.65689479397,86323.65689479397
41,2012-08-10,1504545.94,0,test,1192325.0995449324,312220.8404550676,312220.8404550676
42,2012-08-10,576620.31,0,test,511260.4339831823,65359.876016817754,65359.876016817754
43,2012-08-10,643558.78,0,test,607858.5023089617,35700.277691038325,35700.277691038325
44,2012-08-10,333594.81,0,test,289569.6002660565,44025.20973394351,44025.20973394351
45,2012-08-10,733037.32,0,test,734931.085775268,-1893.7657752680825,1893.7657752680825
1,2012-08-17,1597868.05,0,test,1482266.1522305023,115601.89776949771,115601.89776949771
2,2012-08-17,1928016.01,0,test,1908536.891921224,19479.118078775937,19479.118078775937
3,2012-08-17,394918.83,0,test,367307.6796463748,27611.150353625242,27611.150353625242
4,2012-08-17,2283540.3,0,test,2016585.654207855,266954.6457921448,266954.6457921448
5,2012-08-17,314014.18,0,test,286312.4224840265,27701.75751597347,27701.75751597347
6,2012-08-17,1543049.52,0,test,1545264.1290281084,-2214.609028108418,2214.609028108418
7,2012-08-17,642450.4,0,test,524650.6432335232,117799.75676647678,117799.75676647678
8,2012-08-17,896613.19,0,test,874943.2680608355,21669.9219391644,21669.9219391644
9,2012-08-17,535153.47,0,test,510870.3202847501,24283.149715249892,24283.149715249892
10,2012-08-17,1827797.4,0,test,1873853.3970623184,-46055.99706231849,46055.99706231849
11,2012-08-17,1421307.2,0,test,1313925.3278090428,107381.87219095719,107381.87219095719
12,2012-08-17,1005003.12,0,test,1018561.8696465227,-13558.749646522687,13558.749646522687
13,2012-08-17,2095769.18,0,test,1950213.3532625616,145555.82673743833,145555.82673743833
14,2012-08-17,1660433.3,0,test,2048973.7661536061,-388540.4661536061,388540.4661536061
15,2012-08-17,579738.2,0,test,565539.9897907384,14198.21020926151,14198.21020926151
16,2012-08-17,521896.6,0,test,469776.08002128766,52120.51997871231,52120.51997871231
17,2012-08-17,844928.17,0,test,822779.2361470885,22148.933852911578,22148.933852911578
18,2012-08-17,1048134.24,0,test,1045499.9858716707,2634.2541283293394,2634.2541283293394
19,2012-08-17,1375101.26,0,test,1387213.2304263255,-12111.970426325453,12111.970426325453
20,2012-08-17,2045061.22,0,test,2029289.6696731483,15771.550326851662,15771.550326851662
21,2012-08-17,751963.81,0,test,757445.3213780813,-5481.511378081283,5481.511378081283
22,2012-08-17,981273.26,0,test,982072.6923277413,-799.4323277412914,799.4323277412914
23,2012-08-17,1510131.45,0,test,1337355.465654548,172775.98434545193,172775.98434545193
24,2012-08-17,1397970.54,0,test,1273641.9842020352,124328.5557979648,124328.5557979648
25,2012-08-17,728467.72,0,test,654272.4053960261,74195.31460397388,74195.31460397388
26,2012-08-17,1068292.56,0,test,958649.5236842,109643.03631580004,109643.03631580004
27,2012-08-17,1735339.59,0,test,1742258.6226662104,-6919.032666210318,6919.032666210318
28,2012-08-17,1184198.41,0,test,1354710.1877641699,-170511.77776416996,170511.77776416996
29,2012-08-17,416881.66,0,test,501388.951147888,-84507.291147888,84507.291147888
30,2012-08-17,423351.15,0,test,430718.13490749337,-7366.9849074933445,7366.9849074933445
31,2012-08-17,1410181.7,0,test,1369264.3369074939,40917.36309250607,40917.36309250607
32,2012-08-17,1261306.37,0,test,1111245.7814405393,150060.58855946083,150060.58855946083
33,2012-08-17,270097.76,0,test,246739.1160308749,23358.643969125114,23358.643969125114
34,2012-08-17,1013820.86,0,test,899852.5267848801,113968.3332151199,113968.3332151199
35,2012-08-17,887979.47,0,test,904129.5936109124,-16150.123610912473,16150.123610912473
36,2012-08-17,314607.22,0,test,407336.3868374798,-92729.1668374798,92729.1668374798
37,2012-08-17,509633.71,0,test,505393.64295720775,4240.067042792274,4240.067042792274
38,2012-08-17,411866.46,0,test,384163.18247005215,27703.277529947867,27703.277529947867
39,2012-08-17,1720221.91,0,test,1362664.313358549,357557.5966414509,357557.5966414509
40,2012-08-17,969387.48,0,test,922418.5995319206,46968.880468079355,46968.880468079355
41,2012-08-17,1560590.05,0,test,1177110.1423789214,383479.90762107866,383479.90762107866
42,2012-08-17,575997.78,0,test,512936.5900034958,63061.189996504225,63061.189996504225
43,2012-08-17,640210.85,0,test,609128.7608577104,31082.089142289595,31082.089142289595
44,2012-08-17,327389.51,0,test,284706.42989207094,42683.08010792907,42683.08010792907
45,2012-08-17,722496.93,0,test,730167.7320359596,-7670.802035959554,7670.802035959554
1,2012-08-24,1494122.38,0,test,1467811.6686468874,26310.711353112478,26310.711353112478
2,2012-08-24,1876788.15,0,test,1892147.8607395212,-15359.71073952131,15359.71073952131
3,2012-08-24,412449.67,0,test,360824.7885859753,51624.88141402468,51624.88141402468
4,2012-08-24,2125241.68,0,test,2006340.2841325495,118901.39586745063,118901.39586745063
5,2012-08-24,320831.36,0,test,269395.4288040957,51435.93119590427,51435.93119590427
6,2012-08-24,1501095.49,0,test,1527147.1747968164,-26051.684796816437,26051.684796816437
7,2012-08-24,609099.37,0,test,527275.1831703354,81824.18682966463,81824.18682966463
8,2012-08-24,936373.65,0,test,859804.5132884341,76569.1367115659,76569.1367115659
9,2012-08-24,572887.78,0,test,492847.0794882841,80040.70051171596,80040.70051171596
10,2012-08-24,1764984.15,0,test,1861522.9061903905,-96538.75619039056,96538.75619039056
11,2012-08-24,1409515.73,0,test,1306854.1591284308,102661.57087156922,102661.57087156922
12,2012-08-24,1048101.39,0,test,997211.1219313336,50890.26806866645,50890.26806866645
13,2012-08-24,2059458.25,0,test,1949351.8371199993,110106.41288000066,110106.41288000066
14,2012-08-24,1621841.33,0,test,2045126.4990246082,-423285.1690246081,423285.1690246081
15,2012-08-24,606210.77,0,test,561226.0492184875,44984.72078151256,44984.72078151256
16,2012-08-24,551152.15,0,test,471728.3026778565,79423.8473221435,79423.8473221435
17,2012-08-24,924299.78,0,test,821749.6406844654,102550.13931553462,102550.13931553462
18,2012-08-24,1145840.91,0,test,1037208.1680579816,108632.74194201827,108632.74194201827
19,2012-08-24,1544653.37,0,test,1383291.4749342161,161361.895065784,161361.895065784
20,2012-08-24,2005341.43,0,test,2030530.021105629,-25188.59110562899,25188.59110562899
21,2012-08-24,802003.61,0,test,741196.3562964292,60807.25370357081,60807.25370357081
22,2012-08-24,1060906.75,0,test,974420.7675716528,86485.98242834723,86485.98242834723
23,2012-08-24,1702220.96,0,test,1327354.8414202412,374866.1185797588,374866.1185797588
24,2012-08-24,1303726.54,0,test,1265322.153168336,38404.386831664015,38404.386831664015
25,2012-08-24,756527.64,0,test,652263.223307332,104264.41669266799,104264.41669266799
26,2012-08-24,1022704.2,0,test,953915.3848117972,68788.81518820277,68788.81518820277
27,2012-08-24,1780443.36,0,test,1737183.9141510534,43259.44584894669,43259.44584894669
28,2012-08-24,1199309.59,0,test,1333359.4400489805,-134049.85004898044,134049.85004898044
29,2012-08-24,615026.15,0,test,493741.4373944319,121284.71260556811,121284.71260556811
30,2012-08-24,425296.65,0,test,414469.1698258412,10827.480174158816,10827.480174158816
31,2012-08-24,1379783.21,0,test,1353015.3718258417,26767.83817415824,26767.83817415824
32,2012-08-24,1272809.11,0,test,1113198.004097108,159611.10590289207,159611.10590289207
33,2012-08-24,247672.56,0,test,232055.51467809617,15617.045321903832,15617.045321903832
34,2012-08-24,926250.21,0,test,890475.5665298887,35774.6434701113,35774.6434701113
35,2012-08-24,895274.72,0,test,898802.574525448,-3527.854525448056,3527.854525448056
36,2012-08-24,282545.55,0,test,398391.1842474125,-115845.6342474125,115845.6342474125
37,2012-08-24,522665.04,0,test,498106.48125773354,24558.55874226644,24558.55874226644
38,2012-08-24,397428.22,0,test,362812.4347548629,34615.785245137056,34615.785245137056
39,2012-08-24,1724669.75,0,test,1356497.6804594798,368172.0695405202,368172.0695405202
40,2012-08-24,945318.47,0,test,911969.7637774517,33348.706222548266,33348.706222548266
41,2012-08-24,1464462.85,0,test,1190071.5604994704,274391.28950052965,274391.28950052965
42,2012-08-24,535537.03,0,test,500606.09913156775,34930.930868432275,34930.930868432275
43,2012-08-24,598234.64,0,test,603542.3685112009,-5307.7285112008685,5307.7285112008685
44,2012-08-24,337985.74,0,test,283844.9137495088,54140.8262504912,54140.8262504912
45,2012-08-24,718232.26,0,test,726320.4649069619,-8088.204906961881,8088.204906961881
1,2012-08-31,1582083.4,0,test,1483437.5626772332,98645.83732276666,98645.83732276666
2,2012-08-31,1947083.3,0,test,1915895.952658177,31187.34734182316,31187.34734182316
3,2012-08-31,408838.73,0,test,374617.6476387539,34221.08236124611,34221.08236124611
4,2012-08-31,2081181.35,0,test,2016246.8519549414,64934.49804505869,64934.49804505869
5,2012-08-31,344642.01,0,test,290542.58044101205,54099.42955898796,54099.42955898796
6,2012-08-31,1577439.81,0,test,1547598.603345315,29841.206654685084,29841.206654685084
7,2012-08-31,586467.16,0,test,536913.6529075494,49553.50709245063,49553.50709245063
8,2012-08-31,976137.73,0,test,871888.7881861993,104248.94181380072,104248.94181380072
9,2012-08-31,576879.15,0,test,508433.8820270549,68445.26797294512,68445.26797294512
10,2012-08-31,1650285.54,0,test,1874573.3494632952,-224287.80946329515,224287.80946329515
11,2012-08-31,1372872.35,0,test,1323868.538482374,49003.81151762605,49003.81151762605
12,2012-08-31,1061943.49,0,test,1017694.7359918968,44248.75400810316,44248.75400810316
13,2012-08-31,2073855.42,0,test,1962556.1253466262,111299.29465337377,111299.29465337377
14,2012-08-31,1613342.19,0,test,2060199.354473728,-446857.16447372804,446857.16447372804
15,2012-08-31,610185.32,0,test,581570.6388647555,28614.681135244435,28614.681135244435
16,2012-08-31,551837.31,0,test,485736.8347366506,66100.47526334948,66100.47526334948
17,2012-08-31,865924.2,0,test,827586.4520484286,38337.747951571364,38337.747951571364
18,2012-08-31,1117097.23,0,test,1048828.1205847939,68269.10941520613,68269.10941520613
19,2012-08-31,1542719.87,0,test,1405737.0560812438,136982.81391875632,136982.81391875632
20,2012-08-31,2062481.56,0,test,2051054.6679708357,11426.892029164359,11426.892029164359
21,2012-08-31,763867.59,0,test,765308.6200752164,-1441.030075216433,1441.030075216433
22,2012-08-31,1022270.86,0,test,985868.2302730102,36402.62972698978,36402.62972698978
23,2012-08-31,1577468.78,0,test,1344969.6230292208,232499.15697077918,232499.15697077918
24,2012-08-31,1344558.92,0,test,1281772.9052331964,62786.01476680348,62786.01476680348
25,2012-08-31,714828.73,0,test,671751.381032164,43077.348967836006,43077.348967836006
26,2012-08-31,1053495.51,0,test,965647.3902186499,87848.11978135013,87848.11978135013
27,2012-08-31,1731935.43,0,test,1750884.960149527,-18949.530149527127,18949.530149527127
28,2012-08-31,1227118.75,0,test,1353843.054109544,-126724.30410954403,126724.30410954403
29,2012-08-31,545844.91,0,test,505193.31060118356,40651.59939881647,40651.59939881647
30,2012-08-31,439132.5,0,test,438581.43360462855,551.0663953714538,551.0663953714538
31,2012-08-31,1373651.49,0,test,1377127.6356046288,-3476.1456046288367,3476.1456046288367
32,2012-08-31,1183979.27,0,test,1136310.8326591935,47668.43734080647,47668.43734080647
33,2012-08-31,237129.81,0,test,246394.5660714669,-9264.756071466894,9264.756071466894
34,2012-08-31,933487.71,0,test,908057.7566350554,25429.95336494455,25429.95336494455
35,2012-08-31,931278.97,0,test,912647.797992669,18631.172007330926,18631.172007330926
36,2012-08-31,282647.48,0,test,416550.65061776596,-133903.17061776598,133903.17061776598
37,2012-08-31,538344.1,0,test,515689.2377530982,22654.862246901786,22654.862246901786
38,2012-08-31,424904.95,0,test,383296.0488154262,41608.90118457383,41608.90118457383
39,2012-08-31,1710923.94,0,test,1373240.0403545406,337683.8996454594,337683.8996454594
40,2012-08-31,987264.67,0,test,925354.549164902,61910.12083509809,61910.12083509809
41,2012-08-31,1360517.52,0,test,1203351.7488380012,157165.77116199885,157165.77116199885
42,2012-08-31,504760.57,0,test,513656.5424044725,-8895.972404472472,8895.972404472472
43,2012-08-31,593141.29,0,test,609715.7078920292,-16574.41789202916,16574.41789202916
44,2012-08-31,339490.69,0,test,297049.2019761354,42441.48802386463,42441.48802386463
45,2012-08-31,734297.87,0,test,741393.3203560816,-7095.450356081594,7095.450356081594
1,2012-09-07,1661767.33,1,test,1452450.196630666,209317.13336933404,209317.13336933404
2,2012-09-07,1898777.07,1,test,1889220.98707578,9556.082924220013,9556.082924220013
3,2012-09-07,408229.73,1,test,333393.2811088192,74836.4488911808,74836.4488911808
4,2012-09-07,2125104.72,1,test,1989807.719884203,135297.00011579716,135297.00011579716
5,2012-09-07,350648.91,1,test,255579.99041758163,95068.91958241834,95068.91958241834
6,2012-09-07,1608077.01,1,test,1514601.5466316678,93475.46336833225,93475.46336833225
7,2012-09-07,597876.55,1,test,486319.56041060423,111556.98958939582,111556.98958939582
8,2012-09-07,932160.37,1,test,846716.217993195,85444.15200680494,85444.15200680494
9,2012-09-07,565812.29,1,test,487968.4084327306,77843.88156726945,77843.88156726945
10,2012-09-07,1708283.28,1,test,1827773.3962006061,-119490.1162006061,119490.1162006061
11,2012-09-07,1304584.4,1,test,1279478.6780912948,25105.721908705076,25105.721908705076
12,2012-09-07,955146.04,1,test,970829.0888042129,-15683.048804212827,15683.048804212827
13,2012-09-07,2165796.31,1,test,1896550.3756959308,269245.93430406926,269245.93430406926
14,2012-09-07,1904512.34,1,test,2019384.8502078718,-114872.51020787167,114872.51020787167
15,2012-09-07,587259.82,1,test,539693.1528854957,47566.667114504264,47566.667114504264
16,2012-09-07,537138.58,1,test,430996.7856782065,106141.79432179348,106141.79432179348
17,2012-09-07,1255633.29,1,test,768443.9413002146,487189.3486997854,487189.3486997854
18,2012-09-07,1083521.24,1,test,1010880.1333736955,72641.10662630445,72641.10662630445
19,2012-09-07,1497073.82,1,test,1364307.7816221458,132766.03837785427,132766.03837785427
20,2012-09-07,2080529.06,1,test,2018969.5008677747,61559.559132225346,61559.559132225346
21,2012-09-07,642827.29,1,test,738101.4033126272,-95274.11331262719,95274.11331262719
22,2012-09-07,996628.8,1,test,946823.3159816458,49805.48401835421,49805.48401835421
23,2012-09-07,1427162.26,1,test,1297609.1938947197,129553.0661052803,129553.0661052803
24,2012-09-07,1477134.75,1,test,1243929.3229353947,233205.4270646053,233205.4270646053
25,2012-09-07,671482.9,1,test,641178.9278096501,30303.972190349945,30303.972190349945
26,2012-09-07,1081874.03,1,test,916858.2868636323,165015.74313636776,165015.74313636776
27,2012-09-07,1840955.23,1,test,1711272.1334912165,129683.09650878352,129683.09650878352
28,2012-09-07,1469693.99,1,test,1306977.40692186,162716.58307813993,162716.58307813993
29,2012-09-07,540811.85,1,test,466152.80780969013,74659.04219030985,74659.04219030985
30,2012-09-07,433565.77,1,test,411374.21684203926,22191.553157960763,22191.553157960763
31,2012-09-07,1358111.62,1,test,1349920.4188420395,8191.201157960575,8191.201157960575
32,2012-09-07,1126685.95,1,test,1083083.4974812963,43602.45251870365,43602.45251870365
33,2012-09-07,286428.78,1,test,203432.42395016516,82996.35604983487,82996.35604983487
34,2012-09-07,976415.56,1,test,872514.3280610256,103901.23193897447,103901.23193897447
35,2012-09-07,984833.35,1,test,872818.7051312376,112014.64486876235,112014.64486876235
36,2012-09-07,293728.57,1,test,374049.7084870642,-80321.13848706422,80321.13848706422
37,2012-09-07,526838.14,1,test,473296.4287239567,53541.71127604332,53541.71127604332
38,2012-09-07,490274.82,1,test,336430.4016277422,153844.4183722578,153844.4183722578
39,2012-09-07,1609811.75,1,test,1332500.011305997,277311.7386940031,277311.7386940031
40,2012-09-07,1088248.4,1,test,879534.8471309578,208713.55286904215,208713.55286904215
41,2012-09-07,1392143.82,1,test,1148471.6336795064,243672.1863204937,243672.1863204937
42,2012-09-07,617405.35,1,test,466856.5891417834,150548.76085821656,150548.76085821656
43,2012-09-07,663814.18,1,test,579808.7584169903,84005.42158300977,84005.42158300977
44,2012-09-07,338737.33,1,test,231043.45232544013,107693.87767455989,107693.87767455989
45,2012-09-07,766512.66,1,test,700578.8160902256,65933.84390977444,65933.84390977444
1,2012-09-14,1517428.87,0,test,1437036.2521601315,80392.61783986865,80392.61783986865
2,2012-09-14,1814806.63,0,test,1866017.7365001875,-51211.106500187656,51211.106500187656
3,2012-09-14,407589.16,0,test,324606.2508440268,82982.90915597318,82982.90915597318
4,2012-09-14,2117854.6,0,test,1960541.0159053248,157313.58409467526,157313.58409467526
5,2012-09-14,299800.67,0,test,238319.81972961524,61480.85027038475,61480.85027038475
6,2012-09-14,1375166.86,0,test,1496589.6134870625,-121422.75348706241,121422.75348706241
7,2012-09-14,541120.2,0,test,486565.75117222476,54554.448827775195,54554.448827775195
8,2012-09-14,883569.38,0,test,818236.1148351723,65333.265164827695,65333.265164827695
9,2012-09-14,523427.35,0,test,457472.2265847648,65955.1234152352,65955.1234152352
10,2012-09-14,1640168.99,0,test,1818944.0966971815,-178775.10669718147,178775.10669718147
11,2012-09-14,1267675.05,0,test,1273689.0623675862,-6014.01236758614,6014.01236758614
12,2012-09-14,885892.37,0,test,967234.8284607012,-81342.45846070116,81342.45846070116
13,2012-09-14,1919917.03,0,test,1902582.0532417616,17334.976758238394,17334.976758238394
14,2012-09-14,1554794.22,0,test,2008919.0848296282,-454124.86482962826,454124.86482962826
15,2012-09-14,527509.76,0,test,532838.1913228177,-5328.431322817691,5328.431322817691
16,2012-09-14,526525.16,0,test,433428.0076006168,93097.15239938325,93097.15239938325
17,2012-09-14,1071040.22,0,test,773775.2883457923,297264.93165420764,297264.93165420764
18,2012-09-14,960476.1,0,test,1002561.9859450462,-42085.885945046204,42085.885945046204
19,2012-09-14,1370653.41,0,test,1354791.5641585058,15861.845841494156,15861.845841494156
20,2012-09-14,2047949.98,0,test,1998252.6011107706,49697.37888922938,49697.37888922938
21,2012-09-14,628494.63,0,test,713413.4520764978,-84918.82207649783,84918.82207649783
22,2012-09-14,918049.28,0,test,939957.9566492955,-21908.676649295492,21908.676649295492
23,2012-09-14,1279041.64,0,test,1294977.7301281262,-15936.090128126321,15936.090128126321
24,2012-09-14,1242909.53,0,test,1230463.2414503268,12446.288549673278,12446.288549673278
25,2012-09-14,657241.63,0,test,619425.5389122711,37816.091087728855,37816.091087728855
26,2012-09-14,986131.94,0,test,918372.7796585376,67759.16034146235,67759.16034146235
27,2012-09-14,1519604.5,0,test,1701303.805163187,-181699.30516318697,181699.30516318697
28,2012-09-14,1124660.77,0,test,1303383.1465783482,-178722.37657834822,178722.37657834822
29,2012-09-14,475127.18,0,test,459291.34782156744,15835.832178432553,15835.832178432553
30,2012-09-14,437773.31,0,test,386686.26560590987,51087.04439409013,51087.04439409013
31,2012-09-14,1327705.44,0,test,1325232.4676059103,2472.97239408968,2472.97239408968
32,2012-09-14,1156377.47,0,test,1071199.9639785315,85177.50602146843,85177.50602146843
33,2012-09-14,277417.53,0,test,183341.81000266958,94075.71999733045,94075.71999733045
34,2012-09-14,955211.7,0,test,842995.5051020561,112216.19489794387,112216.19489794387
35,2012-09-14,821568.64,0,test,863751.485982878,-42182.845982878,42182.845982878
36,2012-09-14,301893.63,0,test,367211.07212309795,-65317.44212309795,65317.44212309795
37,2012-09-14,514651.74,0,test,466169.43742249603,48482.30257750396,48482.30257750396
38,2012-09-14,430944.39,0,test,332836.1412842305,98108.2487157695,98108.2487157695
39,2012-09-14,1447614.08,0,test,1322655.7376635538,124958.34233644628,124958.34233644628
40,2012-09-14,901709.82,0,test,876034.9735440504,25674.84645594959,25674.84645594959
41,2012-09-14,1306644.25,0,test,1137960.747957238,168683.502042762,168683.502042762
42,2012-09-14,586737.66,0,test,458027.289638359,128710.37036164105,128710.37036164105
43,2012-09-14,625196.94,0,test,556030.7010023957,69166.23899760423,69166.23899760423
44,2012-09-14,347726.67,0,test,237075.12987127085,110651.54012872913,110651.54012872913
45,2012-09-14,702238.27,0,test,690113.0507119818,12125.219288018183,12125.219288018183
1,2012-09-21,1506126.06,0,test,1438929.4234152108,67196.63658478926,67196.63658478926
2,2012-09-21,1829415.67,0,test,1868777.7134842165,-39362.043484216556,39362.043484216556
3,2012-09-21,414392.09,0,test,325170.3192800509,89221.7707199491,89221.7707199491
4,2012-09-21,2119438.53,0,test,1978443.2877862465,140995.24221375328,140995.24221375328
5,2012-09-21,307306.76,0,test,238926.98491323984,68379.77508676017,68379.77508676017
6,2012-09-21,1425603.65,0,test,1497089.2446940313,-71485.5946940314,71485.5946940314
7,2012-09-21,530842.25,0,test,501286.734725908,29555.515274091973,29555.515274091973
8,2012-09-21,857796.45,0,test,833731.4473270521,24065.002672947827,24065.002672947827
9,2012-09-21,533756.88,0,test,463499.9489468526,70256.93105314742,70256.93105314742
10,2012-09-21,1671857.57,0,test,1849572.3136357276,-177714.74363572756,177714.74363572756
11,2012-09-21,1326132.98,0,test,1273160.6152232152,52972.36477678479,52972.36477678479
12,2012-09-21,922735.37,0,test,980274.1762148681,-57538.80621486809,57538.80621486809
13,2012-09-21,1938379.66,0,test,1918729.056130954,19650.60386904585,19650.60386904585
14,2012-09-21,1565352.46,0,test,2020841.80176253,-455489.34176253015,455489.34176253015
15,2012-09-21,533161.64,0,test,538166.8312070504,-5005.191207050346,5005.191207050346
16,2012-09-21,509942.56,0,test,452855.2121160015,57087.347883998475,57087.347883998475
17,2012-09-21,938303.28,0,test,788185.4715943567,150117.80840564333,150117.80840564333
18,2012-09-21,971386.65,0,test,1008661.7039323901,-37275.05393239006,37275.05393239006
19,2012-09-21,1338572.29,0,test,1361913.0501233866,-23340.760123386513,23340.760123386513
20,2012-09-21,2028587.24,0,test,2006554.2229212397,22033.017078760313,22033.017078760313
21,2012-09-21,667151.46,0,test,716817.7331207601,-49666.2731207601,49666.2731207601
22,2012-09-21,921612.53,0,test,949362.4061985124,-27749.876198512386,27749.876198512386
23,2012-09-21,1338627.55,0,test,1300096.9854151155,38530.56458488456,38530.56458488456
24,2012-09-21,1261158.47,0,test,1241590.6178766557,19567.852123344317,19567.852123344317
25,2012-09-21,664745.2,0,test,629407.9539233479,35337.24607665208,35337.24607665208
26,2012-09-21,961084.08,0,test,922259.4532650815,38824.62673491845,38824.62673491845
27,2012-09-21,1557485.75,0,test,1713578.8952106088,-156093.14521060884,156093.14521060884
28,2012-09-21,1135340.19,0,test,1316422.4943325152,-181082.30433251522,181082.30433251522
29,2012-09-21,489079.23,0,test,468696.62577010633,20382.60422989365,20382.60422989365
30,2012-09-21,443891.64,0,test,390090.5466501723,53801.093349827686,53801.093349827686
31,2012-09-21,1373064.87,0,test,1328636.7486501725,44428.12134982762,44428.12134982762
32,2012-09-21,1159119.6,0,test,1089646.7057935619,69472.89420643821,69472.89420643821
33,2012-09-21,252709.58,0,test,213045.5906808813,39663.9893191187,39663.9893191187
34,2012-09-21,943047.78,0,test,863783.1386440211,79264.6413559789,79264.6413559789
35,2012-09-21,772302.94,0,test,875125.46685063,-102822.52685063006,102822.52685063006
36,2012-09-21,293804.45,0,test,377742.33982295403,-83937.88982295402,83937.88982295402
37,2012-09-21,521320.98,0,test,476232.1283489234,45088.85165107658,45088.85165107658
38,2012-09-21,409600.98,0,test,345875.48903839744,63725.49096160254,63725.49096160254
39,2012-09-21,1555672.51,0,test,1330057.1726890192,225615.33731098077,225615.33731098077
40,2012-09-21,899768.4,0,test,879221.316650341,20547.08334965899,20547.08334965899
41,2012-09-21,1276609.36,0,test,1159152.7853332607,117456.57466673944,117456.57466673944
42,2012-09-21,527165.7,0,test,488655.5065769049,38510.19342309504,38510.19342309504
43,2012-09-21,601990.02,0,test,580097.7366086487,21892.283391351346,21892.283391351346
44,2012-09-21,336017.6,0,test,253222.13276046328,82795.4672395367,82795.4672395367
45,2012-09-21,723086.2,0,test,702035.7676448836,21050.432355116354,21050.432355116354
1,2012-09-28,1437059.26,0,test,1472882.2511156406,-35822.991115640616,35822.991115640616
2,2012-09-28,1746470.56,0,test,1908751.7793954597,-162281.21939545963,162281.21939545963
3,2012-09-28,389813.02,0,test,354852.6565575999,34960.36344240012,34960.36344240012
4,2012-09-28,2027620.23,0,test,2001928.420741273,25691.80925872689,25691.80925872689
5,2012-09-28,310141.68,0,test,275767.7763237236,34373.903676276386,34373.903676276386
6,2012-09-28,1369131.46,0,test,1533290.2509476664,-164158.7909476664,164158.7909476664
7,2012-09-28,525545.76,0,test,517684.4071689605,7861.3528310395195,7861.3528310395195
8,2012-09-28,884724.41,0,test,861901.2875200352,22823.122479964863,22823.122479964863
9,2012-09-28,516361.06,0,test,499346.2706507192,17014.78934928082,17014.78934928082
10,2012-09-28,1694862.41,0,test,1863201.9504411188,-168339.54044111888,168339.54044111888
11,2012-09-28,1227430.73,0,test,1301022.0932001057,-73591.36320010573,73591.36320010573
12,2012-09-28,880415.67,0,test,987348.7195378895,-106933.04953788943,106933.04953788943
13,2012-09-28,1927664.11,0,test,1927584.7898152494,79.32018475071527,79.32018475071527
14,2012-09-28,1522512.2,0,test,2036456.818791253,-513944.6187912531,513944.6187912531
15,2012-09-28,553901.97,0,test,545526.1932012255,8375.776798774488,8375.776798774488
16,2012-09-28,469607.73,0,test,458187.66265505366,11420.067344946321,11420.067344946321
17,2012-09-28,972716.24,0,test,804044.510281184,168671.729718816,168671.729718816
18,2012-09-28,1002856.2,0,test,1019690.9893381085,-16834.7893381085,16834.7893381085
19,2012-09-28,1338299.02,0,test,1367591.6189169541,-29292.598916954128,29292.598916954128
20,2012-09-28,2008350.58,0,test,2017147.4838270238,-8796.903827023692,8796.903827023692
21,2012-09-28,647097.65,0,test,758136.433592489,-111038.78359248897,111038.78359248897
22,2012-09-28,976479.51,0,test,962575.8938684602,13903.616131539806,13903.616131539806
23,2012-09-28,1319035.06,0,test,1308044.8166197198,10990.243380280212,10990.243380280212
24,2012-09-28,1259278.36,0,test,1251247.0639116613,8031.29608833883,8031.29608833883
25,2012-09-28,683300.84,0,test,637788.1704483317,45512.66955166822,45512.66955166822
26,2012-09-28,964726.37,0,test,933204.6990107695,31521.670989230508,31521.670989230508
27,2012-09-28,1540687.63,0,test,1726624.1119702794,-185936.48197027948,185936.48197027948
28,2012-09-28,1129508.61,0,test,1323497.0376555368,-193988.42765553668,193988.42765553668
29,2012-09-28,489674.23,0,test,481910.9423366146,7763.287663385388,7763.287663385388
30,2012-09-28,425410.04,0,test,431409.24712190125,-5999.207121901272,5999.207121901272
31,2012-09-28,1279080.58,0,test,1369955.4491219015,-90874.86912190146,90874.86912190146
32,2012-09-28,1157111.15,0,test,1101170.077954852,55941.072045147885,55941.072045147885
33,2012-09-28,242813.51,0,test,224714.30208556377,18099.207914436236,18099.207914436236
34,2012-09-28,928629.31,0,test,882253.9052172351,46375.40478276496,46375.40478276496
35,2012-09-28,814099.86,0,test,888314.8610790478,-74215.0010790478,74215.0010790478
36,2012-09-28,270677.98,0,test,404337.52325492236,-133659.54325492238,133659.54325492238
37,2012-09-28,527953.14,0,test,502611.04557777115,25342.094422228867,25342.094422228867
38,2012-09-28,398468.08,0,test,352950.03236141894,45518.047638581076,45518.047638581076
39,2012-09-28,1495607.07,0,test,1359097.3458188288,136509.72418117127,136509.72418117127
40,2012-09-28,919595.44,0,test,887029.0817548947,32566.35824510525,32566.35824510525
41,2012-09-28,1307928.01,0,test,1168267.0205736798,139660.9894263202,139660.9894263202
42,2012-09-28,505978.46,0,test,502285.1433822962,3693.316617703822,3693.316617703822
43,2012-09-28,577792.32,0,test,601291.9438048612,-23499.623804861214,23499.623804861214
44,2012-09-28,355307.94,0,test,262077.86644475884,93230.07355524116,93230.07355524116
45,2012-09-28,713173.95,0,test,717650.784673607,-4476.834673607023,4476.834673607023
1,2012-10-05,1670785.97,0,test,1393757.7156811776,277028.2543188224,277028.2543188224
2,2012-10-05,1998321.04,0,test,1826546.3917159764,171774.64828402363,171774.64828402363
3,2012-10-05,443557.65,0,test,282715.3238483091,160842.3261516909,160842.3261516909
4,2012-10-05,2209835.43,0,test,1915364.3335773288,294471.09642267134,294471.09642267134
5,2012-10-05,343048.29,0,test,193722.13650150178,149326.1534984982,149326.1534984982
6,2012-10-05,1518177.71,0,test,1455816.4257760237,62361.28422397631,62361.28422397631
7,2012-10-05,505830.56,0,test,454513.3672731308,51317.192726869194,51317.192726869194
8,2012-10-05,976436.02,0,test,775250.1440521916,201185.87594780838,201185.87594780838
9,2012-10-05,606755.3,0,test,412478.23982947867,194277.06017052138,194277.06017052138
10,2012-10-05,1758971.38,0,test,1804718.3138094372,-45746.93380943732,45746.93380943732
11,2012-10-05,1422794.26,0,test,1230061.3157312404,192732.94426875957,192732.94426875957
12,2012-10-05,979825.92,0,test,941426.1778487151,38399.74215128494,38399.74215128494
13,2012-10-05,2041918.74,0,test,1856929.3200312955,184989.41996870446,184989.41996870446
14,2012-10-05,1687592.16,0,test,1971396.7061430314,-283804.54614303145,283804.54614303145
15,2012-10-05,573498.64,0,test,491833.3613795554,81665.27862044459,81665.27862044459
16,2012-10-05,471281.68,0,test,395977.0309013511,75304.64909864886,75304.64909864886
17,2012-10-05,952609.17,0,test,734741.0839989894,217868.0860010106,217868.0860010106
18,2012-10-05,1092204.79,0,test,966113.6606649044,126091.12933509564,126091.12933509564
19,2012-10-05,1408016.1,0,test,1315607.5935159018,92408.50648409827,92408.50648409827
20,2012-10-05,2246411.89,0,test,1957387.384103104,289024.5058968961,289024.5058968961
21,2012-10-05,651768.91,0,test,673353.8296720742,-21584.919672074146,21584.919672074146
22,2012-10-05,1009887.36,0,test,902631.0515548685,107256.30844513152,107256.30844513152
23,2012-10-05,1464616.59,0,test,1251443.40070483,213173.18929517013,213173.18929517013
24,2012-10-05,1416720.54,0,test,1196410.1937845775,220310.3462154225,220310.3462154225
25,2012-10-05,699536.73,0,test,580661.3134053643,118875.4165946357,118875.4165946357
26,2012-10-05,1095504.26,0,test,884503.0858678875,211001.17413211253,211001.17413211253
27,2012-10-05,1591816.88,0,test,1665895.8613228952,-74078.98132289527,74078.98132289527
28,2012-10-05,1462941.03,0,test,1277574.4959663623,185366.53403363773,185366.53403363773
29,2012-10-05,520632.8,0,test,423458.430962665,97174.36903733498,97174.36903733498
30,2012-10-05,446751.45,0,test,346626.6432014862,100124.8067985138,100124.8067985138
31,2012-10-05,1363365.05,0,test,1285172.8452014867,78192.20479851332,78192.20479851332
32,2012-10-05,1202775.24,0,test,1029398.9795159133,173376.2604840867,173376.2604840867
33,2012-10-05,265444.9,0,test,167994.0830659602,97450.81693403982,97450.81693403982
34,2012-10-05,968896.68,0,test,821732.5555121966,147164.12448780343,147164.12448780343
35,2012-10-05,866064.4,0,test,825734.8776853797,40329.52231462032,40329.52231462032
36,2012-10-05,277137.86,0,test,331255.7083212575,-54117.84832125751,54117.84832125751
37,2012-10-05,546122.37,0,test,429529.2306441063,116593.13935589371,116593.13935589371
38,2012-10-05,458479.01,0,test,307027.49067224446,151451.51932775555,151451.51932775555
39,2012-10-05,1574408.67,0,test,1285819.438345093,288589.2316549069,288589.2316549069
40,2012-10-05,1069112.0,0,test,839644.0152233368,229467.98477666324,229467.98477666324
41,2012-10-05,1400160.95,0,test,1092641.236521653,307519.71347834705,307519.71347834705
42,2012-10-05,593162.53,0,test,443801.5067506146,149361.0232493854,149361.0232493854
43,2012-10-05,642614.89,0,test,536354.5833987186,106260.3066012814,106260.3066012814
44,2012-10-05,337390.44,0,test,192605.3120742829,144785.1279257171,144785.1279257171
45,2012-10-05,733455.07,0,test,652590.6720253851,80864.39797461487,80864.39797461487
1,2012-10-12,1573072.81,0,test,1400356.5072893705,172716.30271062953,172716.30271062953
2,2012-10-12,1900745.13,0,test,1822666.6349490173,78078.49505098257,78078.49505098257
3,2012-10-12,410804.39,0,test,298097.78506110236,112706.60493889765,112706.60493889765
4,2012-10-12,2133026.07,0,test,1919975.4044587724,213050.66554122744,213050.66554122744
5,2012-10-12,325345.41,0,test,202088.36301934381,123257.04698065616,123257.04698065616
6,2012-10-12,1459396.84,0,test,1462842.5361395255,-3445.6961395253893,3445.6961395253893
7,2012-10-12,503463.93,0,test,457129.16532060376,46334.764679396234,46334.764679396234
8,2012-10-12,927511.99,0,test,779567.6011514426,147944.38884855737,147944.38884855737
9,2012-10-12,558464.8,0,test,416404.3705794577,142060.42942054232,142060.42942054232
10,2012-10-12,1713889.11,0,test,1825162.5137289471,-111273.40372894704,111273.40372894704
11,2012-10-12,1311965.09,0,test,1242642.454943021,69322.63505697902,69322.63505697902
12,2012-10-12,934917.47,0,test,953791.1062761507,-18873.636276150704,18873.636276150704
13,2012-10-12,1999079.44,0,test,1859459.381484813,139620.0585151869,139620.0585151869
14,2012-10-12,1639585.61,0,test,1965284.8077035064,-325699.19770350633,325699.19770350633
15,2012-10-12,551799.63,0,test,486006.49500074075,65793.13499925926,65793.13499925926
16,2012-10-12,491817.19,0,test,398032.56454862154,93784.62545137847,93784.62545137847
17,2012-10-12,919878.34,0,test,733629.4268511904,186248.91314880957,186248.91314880957
18,2012-10-12,1074079.0,0,test,963971.6304506873,110107.36954931275,110107.36954931275
19,2012-10-12,1352809.5,0,test,1306643.2464959528,46166.25350404717,46166.25350404717
20,2012-10-12,2162951.36,0,test,1942612.0109393236,220339.3490606763,220339.3490606763
21,2012-10-12,653043.44,0,test,671014.8000056723,-17971.360005672323,17971.360005672323
22,2012-10-12,1004039.84,0,test,902729.2505421398,101310.58945786022,101310.58945786022
23,2012-10-12,1412925.25,0,test,1249749.5820107749,163175.66798922513,163175.66798922513
24,2012-10-12,1416301.17,0,test,1195457.627687525,220843.54231247492,220843.54231247492
25,2012-10-12,697317.41,0,test,565129.5833013101,132187.82669868995,132187.82669868995
26,2012-10-12,1044639.69,0,test,881884.8309134982,162754.85908650176,162754.85908650176
27,2012-10-12,1660081.29,0,test,1663849.951246126,-3768.661246126052,3768.661246126052
28,2012-10-12,1205536.71,0,test,1289939.424393798,-84402.71439379803,84402.71439379803
29,2012-10-12,513737.0,0,test,423557.4583492582,90179.54165074183,90179.54165074183
30,2012-10-12,434593.26,0,test,344287.6135350844,90305.6464649156,90305.6464649156
31,2012-10-12,1401113.42,0,test,1282833.8155350848,118279.60446491512,118279.60446491512
32,2012-10-12,1176681.31,0,test,1018428.3658584745,158252.94414152554,158252.94414152554
33,2012-10-12,291781.15,0,test,186505.37080477143,105275.77919522859,105275.77919522859
34,2012-10-12,948613.39,0,test,827716.2741741365,120897.11582586356,120897.11582586356
35,2012-10-12,873643.14,0,test,822968.0802648742,50675.05973512586,50675.05973512586
36,2012-10-12,300236.85,0,test,346319.63932460384,-46082.78932460386,46082.78932460386
37,2012-10-12,521810.75,0,test,445278.0046240019,76532.74537599809,76532.74537599809
38,2012-10-12,437320.66,0,test,319392.41909968015,117928.24090031983,117928.24090031983
39,2012-10-12,1494417.07,0,test,1301904.3709651101,192512.69903488993,192512.69903488993
40,2012-10-12,982523.26,0,test,834280.464707955,148242.795292045,148242.795292045
41,2012-10-12,1409544.97,0,test,1084724.0638453178,324820.90615468216,324820.90615468216
42,2012-10-12,612379.9,0,test,464245.70667012467,148134.19332987536,148134.19332987536
43,2012-10-12,619369.72,0,test,550196.193092687,69173.52690731292,69173.52690731292
44,2012-10-12,337796.13,0,test,195135.37352780043,142660.75647219957,142660.75647219957
45,2012-10-12,734464.36,0,test,646478.7735858602,87985.58641413983,87985.58641413983
1,2012-10-19,1508068.77,0,test,1437680.43709082,70388.33290918008,70388.33290918008
2,2012-10-19,1847990.41,0,test,1865957.1548663499,-17966.744866349967,17966.744866349967
3,2012-10-19,424513.08,0,test,330241.45154040493,94271.62845959509,94271.62845959509
4,2012-10-19,2097266.85,0,test,1964429.203655681,132837.646344319,132837.646344319
5,2012-10-19,313358.15,0,test,233669.9481890062,79688.20181099384,79688.20181099384
6,2012-10-19,1436883.99,0,test,1498122.5013240746,-61238.511324074585,61238.511324074585
7,2012-10-19,516424.83,0,test,485068.2545813648,31356.575418635213,31356.575418635213
8,2012-10-19,900309.75,0,test,825241.6832271841,75068.06677281589,75068.06677281589
9,2012-10-19,542009.46,0,test,461966.5206041117,80042.93939588824,80042.93939588824
10,2012-10-19,1734834.82,0,test,1838789.0536281932,-103954.23362819315,103954.23362819315
11,2012-10-19,1232073.18,0,test,1276747.0468230324,-44673.8668230325,44673.8668230325
12,2012-10-19,960945.43,0,test,968089.9634556397,-7144.533455639612,7144.533455639612
13,2012-10-19,2018010.15,0,test,1873978.4246459026,144031.72535409732,144031.72535409732
14,2012-10-19,1590274.72,0,test,1993192.6708754743,-402917.9508754744,402917.9508754744
15,2012-10-19,555652.77,0,test,518394.4853694055,37258.28463059454,37258.28463059454
16,2012-10-19,577198.97,0,test,414066.0353050786,163132.93469492137,163132.93469492137
17,2012-10-19,957356.84,0,test,766020.9043787415,191335.93562125845,191335.93562125845
18,2012-10-19,1048706.75,0,test,988716.123125284,59990.62687471602,59990.62687471602
19,2012-10-19,1321102.35,0,test,1342897.0612260152,-21794.71122601512,21794.71122601512
20,2012-10-19,1999363.49,0,test,1990435.560567229,8927.929432770936,8927.929432770936
21,2012-10-19,641368.14,0,test,713969.1612828834,-72601.02128288336,72601.02128288336
22,2012-10-19,978027.95,0,test,927800.9492798318,50227.000720168115,50227.000720168115
23,2012-10-19,1363155.77,0,test,1271132.4882841562,92023.28171584383,92023.28171584383
24,2012-10-19,1255414.84,0,test,1219945.8900133339,35468.94998666621,35468.94998666621
25,2012-10-19,685531.85,0,test,610515.9827883344,75015.86721166561,75015.86721166561
26,2012-10-19,975578.02,0,test,899149.7938453909,76428.22615460912,76428.22615460912
27,2012-10-19,1620374.24,0,test,1688861.5121751013,-68487.27217510133,68487.27217510133
28,2012-10-19,1143724.48,0,test,1304238.2815732867,-160513.80157328676,160513.80157328676
29,2012-10-19,516909.24,0,test,448610.09644396626,68299.14355603373,68299.14355603373
30,2012-10-19,437537.29,0,test,387241.9748122953,50295.31518770469,50295.31518770469
31,2012-10-19,1378730.45,0,test,1325788.1768122958,52942.27318770415,52942.27318770415
32,2012-10-19,1199292.06,0,test,1070178.6921278439,129113.3678721562,129113.3678721562
33,2012-10-19,254412.34,0,test,197974.89276323747,56437.44723676253,56437.44723676253
34,2012-10-19,963516.28,0,test,847462.4133221128,116053.86667788727,116053.86667788727
35,2012-10-19,829284.67,0,test,848051.7299282231,-18767.059928223025,18767.059928223025
36,2012-10-19,287360.05,0,test,377515.04331998306,-90154.99331998307,90154.99331998307
37,2012-10-19,551969.1,0,test,476437.3642521943,75531.73574780568,75531.73574780568
38,2012-10-19,428806.46,0,test,333691.27627916913,95115.18372083089,95115.18372083089
39,2012-10-19,1577486.33,0,test,1329674.1309720771,247812.19902792294,247812.19902792294
40,2012-10-19,918170.5,0,test,853394.300160516,64776.19983948395,64776.19983948395
41,2012-10-19,1326197.24,0,test,1136754.5223147888,189442.71768521122,189442.71768521122
42,2012-10-19,541406.98,0,test,477872.2465693705,63534.73343062948,63534.73343062948
43,2012-10-19,623919.23,0,test,573875.3909880565,50043.83901194343,50043.83901194343
44,2012-10-19,323766.77,0,test,209654.41668889043,114112.35331110959,114112.35331110959
45,2012-10-19,718125.53,0,test,674386.6367578281,43738.893242171966,43738.893242171966
1,2012-10-26,1493659.74,0,test,1462647.5140793817,31012.22592061828,31012.22592061828
2,2012-10-26,1834458.35,0,test,1892380.923770585,-57922.573770585004,57922.573770585004
3,2012-10-26,405432.7,0,test,355292.52592372533,50140.17407627468,50140.17407627468
4,2012-10-26,2149594.46,0,test,1983599.5946225354,165994.86537746456,165994.86537746456
5,2012-10-26,319550.77,0,test,262390.7896975862,57159.98030241381,57159.98030241381
6,2012-10-26,1431426.34,0,test,1527207.502261824,-95781.16226182389,95781.16226182389
7,2012-10-26,495543.28,0,test,506484.7673583551,-10941.48735835508,10941.48735835508
8,2012-10-26,891671.44,0,test,851777.4572765646,39893.98272343539,39893.98272343539
9,2012-10-26,549731.49,0,test,487829.9748870566,61901.515112943365,61901.515112943365
10,2012-10-26,1744349.05,0,test,1852191.2999199256,-107842.24991992558,107842.24991992558
11,2012-10-26,1200729.45,0,test,1299753.1561456136,-99023.70614561369,99023.70614561369
12,2012-10-26,974697.6,0,test,980091.5487468659,-5393.9487468659645,5393.9487468659645
13,2012-10-26,2035189.66,0,test,1883710.2763715088,151479.38362849108,151479.38362849108
14,2012-10-26,1704357.62,0,test,2021328.066863367,-316970.446863367,316970.446863367
15,2012-10-26,558473.6,0,test,547639.5620135498,10834.03798645013,10834.03798645013
16,2012-10-26,475770.14,0,test,437947.7114429601,37822.42855703994,37822.42855703994
17,2012-10-26,943465.29,0,test,766984.6182411776,176480.6717588224,176480.6717588224
18,2012-10-26,1127516.25,0,test,1021482.8343435277,106033.41565647232,106033.41565647232
19,2012-10-26,1322117.96,0,test,1372674.389050352,-50556.42905035196,50556.42905035196
20,2012-10-26,2031650.55,0,test,2022627.4376607626,9023.112339237472,9023.112339237472
21,2012-10-26,675202.87,0,test,741149.2871273917,-65946.41712739167,65946.41712739167
22,2012-10-26,1094422.69,0,test,955463.6169682097,138959.0730317902,138959.0730317902
23,2012-10-26,1347454.59,0,test,1299809.2693809213,47645.32061907882,47645.32061907882
24,2012-10-26,1307182.29,0,test,1248378.5832771845,58803.70672281552,58803.70672281552
25,2012-10-26,688940.94,0,test,645453.1554428606,43487.784557139385,43487.784557139385
26,2012-10-26,958619.8,0,test,929983.5928829357,28636.20711706439,28636.20711706439
27,2012-10-26,1703047.74,0,test,1717008.4357508281,-13960.695750828134,13960.695750828134
28,2012-10-26,1213860.61,0,test,1316239.8668645131,-102379.25686451304,102379.25686451304
29,2012-10-26,534970.68,0,test,476250.38840035663,58720.29159964342,58720.29159964342
30,2012-10-26,439424.5,0,test,414422.1006568037,25002.399343196303,25002.399343196303
31,2012-10-26,1340232.55,0,test,1352968.3026568042,-12735.752656804165,12735.752656804165
32,2012-10-26,1219979.29,0,test,1075151.4447588893,144827.84524111077,144827.84524111077
33,2012-10-26,253731.13,0,test,212385.6149753346,41345.515024665394,41345.515024665394
34,2012-10-26,956987.81,0,test,867473.2008892708,89514.6091107293,89514.6091107293
35,2012-10-26,865137.6,0,test,876018.4316680158,-10880.831668015802,10880.831668015802
36,2012-10-26,272489.41,0,test,400505.3004896499,-128015.8904896499,128015.8904896499
37,2012-10-26,534738.43,0,test,498995.0890156195,35743.34098438057,35743.34098438057
38,2012-10-26,417290.38,0,test,345692.8615703953,71597.51842960471,71597.51842960471
39,2012-10-26,1569502.0,0,test,1355369.3363766368,214132.66362336325,214132.66362336325
40,2012-10-26,921264.52,0,test,883891.9405579393,37372.57944206067,37372.57944206067
41,2012-10-26,1316542.59,0,test,1137777.410924406,178765.17907559406,178765.17907559406
42,2012-10-26,514756.08,0,test,491274.49286110303,23481.587138896983,23481.587138896983
43,2012-10-26,587603.55,0,test,589690.90836443,-2087.358364429907,2087.358364429907
44,2012-10-26,361067.07,0,test,219386.26841449656,141680.80158550345,141680.80158550345
45,2012-10-26,760281.43,0,test,702522.0327457208,57759.39725427923,57759.39725427923
